2010-12-03,100000.0,0.00,XIV - 0.55
2010-12-06,101040.44099999999,1.04,XIV - 1.00
2010-12-07,101982.67499999999,0.933,XIV - 1.00
2010-12-08,103733.80799999999,1.717,XIV - 1.00
2010-12-09,106053.31499999999,2.236,XIV - 1.00
2010-12-10,106950.69999999998,0.846,XIV - 1.00
2010-12-13,105449.30399999997,-1.404,XIV - 1.00
2010-12-14,104747.31,-0.666,XIV - 0.55
2010-12-15,103506.01199999999,-1.185,XIV - 0.55
2010-12-16,104261.37299999999,0.73,XIV - 0.55
2010-12-17,105507.75099999999,1.195,XIV - 0.55
2010-12-20,107028.13209999999,1.441,XIV - 1.00
2010-12-21,108766.47419999998,1.624,XIV - 1.00
2010-12-22,109045.83419999998,0.257,XIV - 1.00
2010-12-23,105580.02419999999,-3.178,XIV - 1.00
2010-12-27,102794.5162,-2.638,XIV - 1.00
2010-12-28,101807.4612,-0.96,XIV - 0.55
2010-12-29,102974.8332,1.147,XIV - 0.55
2010-12-30,103293.6862,0.31,XIV - 1.00
2010-12-31,104217.2032,0.894,XIV - 1.00
2011-01-03,107894.00920000001,3.528,XIV - 0.55
2011-01-04,106731.4842,-1.077,XIV - 0.55
2011-01-05,108953.58020000001,2.082,XIV - 0.55
2011-01-06,108609.8962,-0.315,XIV - 0.55
2011-01-07,108524.9182,-0.078,XIV - 0.55
2011-01-10,108704.4302,0.165,XIV - 0.55
2011-01-11,110449.72020000001,1.606,XIV - 0.55
2011-01-12,113131.57620000001,2.428,XIV - 0.55
2011-01-13,113670.2462,0.476,XIV - 1.00
2011-01-14,118622.7782,4.357,XIV - 1.00
2011-01-18,122325.05020000001,3.121,XIV - 1.00
2011-01-19,115261.0402,-5.775,XIV - 1.00
2011-01-20,116592.02720000001,1.155,XIV - 0.55
2011-01-21,116010.13920000002,-0.499,XIV - 0.20
2011-01-24,116501.49920000002,0.424,XIV - 0.20
2011-01-25,116614.10720000001,0.097,XIV - 0.55
2011-01-26,119010.56320000002,2.055,XIV - 0.55
2011-01-27,120408.80920000002,1.175,XIV - 0.55
2011-01-28,114729.88920000002,-4.716,XIV - 0.55
2011-01-31,114798.03420000002,0.059,GLD - 1.00
2011-02-01,115611.79120000004,0.709,GLD - 1.00
2011-02-02,115305.53595000002,-0.265,GLD - 1.00
2011-02-03,116836.78595000002,1.328,GLD - 1.00
2011-02-04,116364.832068,-0.404,None - 0.00
2011-02-07,116364.832068,0.00,XIV - 0.55
2011-02-08,117477.097068,0.956,XIV - 0.20
2011-02-09,117279.847068,-0.168,XIV - 0.55
2011-02-10,117317.233068,0.032,XIV - 0.55
2011-02-11,118504.991068,1.012,GLD - 1.00
2011-02-14,119063.162208,0.471,None - 0.00
2011-02-15,119063.162208,0.00,XIV - 0.20
2011-02-16,118744.552208,-0.268,GLD - 1.00
2011-02-17,119567.98082,0.693,GLD - 1.00
2011-02-18,119892.11045599997,0.271,GLD - 1.00
2011-02-22,120662.98082,0.643,GLD - 1.00
2011-02-23,121731.70257199998,0.886,GLD - 1.00
2011-02-24,120829.42344799999,-0.741,GLD - 1.00
2011-02-25,121617.83133199999,0.652,GLD - 1.00
2011-02-28,121863.11045599997,0.202,GLD - 1.00
2011-03-01,123939.22607599999,1.704,GLD - 1.00
2011-03-02,123842.86519999997,-0.078,GLD - 1.00
2011-03-03,122239.783448,-1.294,GLD - 1.00
2011-03-04,123343.552208,0.903,GLD - 1.00
2011-03-07,123667.66782799998,0.263,GLD - 1.00
2011-03-08,123352.30782799999,-0.255,GLD - 1.00
2011-03-09,123396.11045599997,0.036,GLD - 1.00
2011-03-10,121959.47045599998,-1.164,GLD - 1.00
2011-03-11,122353.66782799998,0.323,GLD - 1.00
2011-03-14,122914.30782799999,0.458,GLD - 1.00
2011-03-15,120645.47045599998,-1.846,GLD - 1.00
2011-03-16,120619.19133199999,-0.022,GLD - 1.00
2011-03-17,121258.66782799998,0.53,GLD - 1.00
2011-03-18,122485.06257199998,1.011,GLD - 1.00
2011-03-21,123159.58607599998,0.551,GLD - 1.00
2011-03-22,123080.74957999999,-0.064,GLD - 1.00
2011-03-23,124210.783448,0.918,GLD - 1.00
2011-03-24,123229.66782799998,-0.79,None - 0.00
2011-03-25,123229.66782799998,0.00,XIV - 0.45
2011-03-28,122537.45982799996,-0.562,XIV - 0.45
2011-03-29,123805.40682799996,1.035,None - 0.00
2011-03-30,123805.40682799996,0.00,XIV - 0.45
2011-03-31,123919.98582799996,0.093,XIV - 0.45
2011-04-01,124429.01982799996,0.411,XIV - 0.45
2011-04-04,124970.80782799996,0.435,XIV - 0.45
2011-04-05,125892.38782799998,0.737,XIV - 0.45
2011-04-06,126151.67782799999,0.206,XIV - 0.45
2011-04-07,125700.05782799999,-0.358,XIV - 0.45
2011-04-08,124664.63182799998,-0.824,XIV - 1.00
2011-04-11,125944.56082799999,1.027,XIV - 0.45
2011-04-12,125466.56482799997,-0.38,XIV - 0.45
2011-04-13,126328.54882799997,0.687,XIV - 0.45
2011-04-14,126812.52082799996,0.383,XIV - 0.80
2011-04-15,129091.83082799996,1.797,XIV - 1.00
2011-04-18,126006.94382799997,-2.39,XIV - 1.00
2011-04-19,132376.579828,5.055,XIV - 1.00
2011-04-20,137711.590828,4.03,XIV - 1.00
2011-04-21,141687.83482799996,2.887,XIV - 1.00
2011-04-25,144967.68682799998,2.315,XIV - 1.00
2011-04-26,148152.35082799997,2.197,XIV - 1.00
2011-04-27,149980.31682799998,1.234,XIV - 1.00
2011-04-28,152048.337828,1.379,XIV - 1.00
2011-04-29,151602.17782799999,-0.293,XIV - 1.00
2011-05-02,147252.11782799996,-2.869,XIV - 1.00
2011-05-03,144162.59782799997,-2.098,XIV - 1.00
2011-05-04,142394.29382799997,-1.227,XIV - 1.00
2011-05-05,138402.26882799997,-2.804,XIV - 1.00
2011-05-06,141588.41682799996,2.302,XIV - 0.45
2011-05-09,143504.46482799997,1.353,XIV - 0.45
2011-05-10,145788.26482799998,1.591,XIV - 1.00
2011-05-11,143120.816828,-1.83,XIV - 1.00
2011-05-12,144478.728328,0.949,XIV - 1.00
2011-05-13,142574.006828,-1.318,XIV - 1.00
2011-05-16,139781.62482800003,-1.959,XIV - 1.00
2011-05-17,142292.58582800004,1.796,XIV - 0.45
2011-05-18,143936.63382800005,1.155,XIV - 0.80
2011-05-19,146348.41782800003,1.676,XIV - 1.00
2011-05-20,144788.12482800006,-1.066,XIV - 1.00
2011-05-23,139889.22782800003,-3.383,XIV - 1.00
2011-05-24,140361.23182800005,0.337,XIV - 0.45
2011-05-25,142177.58382800003,1.294,XIV - 1.00
2011-05-26,145093.58782800005,2.051,XIV - 1.00
2011-05-27,147856.69282800003,1.904,XIV - 1.00
2011-05-31,152148.44482800004,2.903,XIV - 1.00
2011-06-01,141990.099828,-6.677,XIV - 1.00
2011-06-02,143840.64082800003,1.303,GLD - 1.00
2011-06-03,144526.08178000004,0.477,GLD - 1.00
2011-06-06,144773.59702000004,0.171,GLD - 1.00
2011-06-07,144716.47892400002,-0.039,GLD - 1.00
2011-06-08,144135.75892400005,-0.401,GLD - 1.00
2011-06-09,144849.75892400005,0.495,GLD - 1.00
2011-06-10,143593.12558800002,-0.868,None - 0.00
2011-06-13,143593.12558800002,0.00,XIV - 1.00
2011-06-14,147823.02658800004,2.946,GLD - 1.00
2011-06-15,148265.82363600002,0.30,GLD - 1.00
2011-06-16,148118.22954000003,-0.10,GLD - 1.00
2011-06-17,149072.71052400002,0.644,GLD - 1.00
2011-06-20,149161.26757200004,0.059,GLD - 1.00
2011-06-21,149879.58363600002,0.482,GLD - 1.00
2011-06-22,150105.91347600005,0.151,GLD - 1.00
2011-06-23,147498.30462000004,-1.737,GLD - 1.00
2011-06-24,145451.58363600002,-1.388,GLD - 1.00
2011-06-27,144930.06462000005,-0.359,GLD - 1.00
2011-06-28,145431.91347600005,0.346,GLD - 1.00
2011-06-29,146356.86166800003,0.636,None - 0.00
2011-06-30,146356.86166800003,0.00,XIV - 1.00
2011-07-01,151980.77166800003,3.843,None - 0.00
2011-07-05,151980.77166800003,0.00,XIV - 1.00
2011-07-06,149832.65166800003,-1.413,XIV - 1.00
2011-07-07,154049.86166800003,2.815,XIV - 0.55
2011-07-08,152824.861668,-0.795,XIV - 1.00
2011-07-11,140410.911668,-8.123,XIV - 1.00
2011-07-12,136803.71166799997,-2.569,GLD - 1.00
2011-07-13,138017.52723799995,0.887,GLD - 1.00
2011-07-14,138371.92192199998,0.257,GLD - 1.00
2011-07-15,138956.68546599997,0.423,GLD - 1.00
2011-07-18,140170.51432599997,0.874,GLD - 1.00
2011-07-19,138478.25166799995,-1.207,GLD - 1.00
2011-07-20,139683.21166799997,0.87,GLD - 1.00
2011-07-21,138628.86989599996,-0.755,None - 0.00
2011-07-22,138628.86989599996,0.00,XIV - 1.00
2011-07-25,133127.58989599996,-3.968,XIV - 1.00
2011-07-26,130338.15989599995,-2.095,GLD - 1.00
2011-07-27,129864.29826199995,-0.364,GLD - 1.00
2011-07-28,129970.51234699997,0.082,GLD - 1.00
2011-07-29,130762.99090899997,0.61,GLD - 1.00
2011-08-01,130297.30744499995,-0.356,GLD - 1.00
2011-08-02,133401.90989599994,2.383,GLD - 1.00
2011-08-03,133377.40071299995,-0.018,GLD - 1.00
2011-08-04,132682.94581099993,-0.521,None - 0.00
2011-08-05,132682.94581099993,0.00,VXX - 1.00
2011-08-08,150992.06581099995,13.799,XIV - 1.00 VXX PT
2011-08-09,161754.62581099995,7.128,VXX - 1.00
2011-08-10,181773.82581099996,12.376,XIV - 1.00 VXX PT
2011-08-11,188777.26581099996,3.853,VXX - 1.00
2011-08-12,190658.86581099997,0.997,VXX - 1.00
2011-08-15,180175.66581099996,-5.498,VXX - 1.00
2011-08-16,183879.72981099997,2.056,VXX - 1.00
2011-08-17,187433.26581099996,1.933,VXX - 1.00
2011-08-18,224742.70581099996,19.905,XIV - 1.00 VXX PT
2011-08-19,211790.35581099996,-5.763,VXX - 1.00
2011-08-22,218167.05981099996,3.011,VXX - 1.00
2011-08-23,206894.73769914996,-5.167,VXX - 1.00 VXX SL
2011-08-24,196541.71158729997,-5.004,VXX - 1.00 VXX SL
2011-08-25,200357.1355873,1.941,VXX - 1.00
2011-08-26,197405.71158729997,-1.473,None - 1.00 VXX SL
2011-08-29,197405.71158729997,0.00,VXX - 1.00
2011-08-30,199351.31158729998,0.986,VXX - 1.00
2011-08-31,199643.15158729997,0.146,VXX - 1.00
2011-09-01,202221.0715873,1.291,VXX - 1.00
2011-09-02,211900.43158729994,4.787,VXX - 1.00
2011-09-06,219463.94806754997,3.569,None - 1.00 VXX SL
2011-09-07,219463.94806754997,0.00,VXX - 1.00
2011-09-08,222894.34806755,1.563,VXX - 1.00
2011-09-09,243220.74806754995,9.119,VXX - 1.00
2011-09-12,245371.14806754998,0.884,VXX - 1.00
2011-09-13,243323.14806754998,-0.835,VXX - 1.00
2011-09-14,236923.14806754998,-2.63,VXX - 1.00
2011-09-15,225556.74806754998,-4.798,VXX - 1.00
2011-09-16,221307.14806754998,-1.884,GLD - 1.00
2011-09-19,217923.46682355,-1.529,None - 0.00
2011-09-20,217923.46682355,0.00,VXX - 1.00
2011-09-21,229256.58682355,5.201,VXX - 1.00
2011-09-22,251776.90682355,9.823,VXX - 1.00
2011-09-23,254208.90682355,0.966,VXX - 1.00
2011-09-26,245745.54682355,-3.329,VXX - 1.00
2011-09-27,241076.10682354998,-1.90,VXX - 1.00
2011-09-28,256105.86682354996,6.234,VXX - 1.00
2011-09-29,251874.18682355,-1.652,VXX - 1.00
2011-09-30,268946.82682355,6.778,VXX - 1.00
2011-10-03,285824.90682355,6.276,VXX - 1.00
2011-10-04,278562.94706205,-2.541,None - 1.00 VXX SL
2011-10-05,278562.94706205,0.00,VXX - 1.00
2011-10-06,273832.06706205,-1.698,GLD - 1.00
2011-10-07,271619.45679405,-0.808,GLD - 1.00
2011-10-10,278527.48537305003,2.543,None - 0.00
2011-10-11,278527.48537305003,0.00,XIV - 0.45
2011-10-12,286719.69537305005,2.941,XIV - 0.45
2011-10-13,287105.59537305,0.135,XIV - 0.45
2011-10-14,294425.15537305,2.549,XIV - 0.45
2011-10-17,281308.98737305,-4.455,None - 0.45 XIV SL
2011-10-18,281308.98737305,0.00,XIV - 0.45
2011-10-19,272413.04737305,-3.162,XIV - 0.45
2011-10-20,271001.91737305,-0.518,XIV - 0.45
2011-10-21,277494.71737305,2.396,XIV - 0.45
2011-10-24,285183.95737305,2.771,XIV - 0.45
2011-10-25,276599.75737305,-3.01,XIV - 0.80
2011-10-26,285065.99737304996,3.061,XIV - 0.45
2011-10-27,301801.64737305,5.871,XIV - 0.45
2011-10-28,302354.18737305,0.183,XIV - 1.00
2011-10-31,272421.39937305,-9.90,None - 1.00 XIV SL
2011-11-01,272421.39937305,0.00,XIV - 0.45
2011-11-02,275876.43937305,1.268,XIV - 0.45
2011-11-03,282042.70937305,2.235,XIV - 0.45
2011-11-04,279144.70937305,-1.028,XIV - 0.45
2011-11-07,280402.96937305003,0.451,XIV - 0.80
2011-11-08,290783.68937305,3.702,XIV - 0.45
2011-11-09,277829.86937305,-4.455,None - 1.00 XIV SL
2011-11-10,277829.86937305,0.00,XIV - 0.45
2011-11-11,282881.72937305,1.818,XIV - 0.45
2011-11-14,279736.76937304996,-1.112,XIV - 1.00
2011-11-15,282774.44937305,1.086,XIV - 0.80
2011-11-16,272244.96937305003,-3.724,XIV - 0.80
2011-11-17,262425.60937305004,-3.607,XIV - 0.45
2011-11-18,265679.48937305005,1.24,XIV - 0.45
2011-11-21,264305.9093730501,-0.517,XIV - 0.80
2011-11-22,268402.3093730501,1.55,XIV - 0.80
2011-11-23,259426.08937305014,-3.344,XIV - 0.80
2011-11-25,256189.73437305016,-1.248,XIV - 0.80
2011-11-28,265220.5375730501,3.525,XIV - 0.80
2011-11-29,269315.13757305016,1.544,XIV - 0.80
2011-11-30,288890.9775730501,7.269,XIV - 1.00
2011-12-01,295402.2875730501,2.254,XIV - 1.00
2011-12-02,295903.04757305013,0.17,XIV - 1.00
2011-12-05,295903.04757305013,0.00,XIV - 1.00
2011-12-06,297405.29757305013,0.508,XIV - 1.00
2011-12-07,288392.1575730502,-3.031,XIV - 1.00
2011-12-08,275869.9075730502,-4.342,XIV - 1.00
2011-12-09,294411.3475730502,6.721,XIV - 0.80
2011-12-12,292808.7875730502,-0.544,XIV - 1.00
2011-12-13,294313.3475730502,0.514,XIV - 1.00
2011-12-14,292808.8775730502,-0.511,XIV - 1.00
2011-12-15,304343.8375730502,3.939,XIV - 1.00
2011-12-16,305847.82757305016,0.494,XIV - 1.00
2011-12-19,309356.92757305014,1.147,XIV - 1.00
2011-12-20,327401.5675730501,5.833,XIV - 1.00
2011-12-21,349944.7675730501,6.885,XIV - 1.00
2011-12-22,347942.2075730501,-0.572,XIV - 1.00
2011-12-23,339430.8175730501,-2.446,XIV - 1.00
2011-12-27,341433.97757305007,0.59,XIV - 1.00
2011-12-28,327412.69757305004,-4.107,XIV - 1.00
2011-12-29,335428.37757305003,2.448,XIV - 1.00
2011-12-30,329418.05757305,-1.792,XIV - 1.00
2012-01-03,346951.30757305,5.322,XIV - 1.00
2012-01-04,353460.40757305,1.876,XIV - 1.00
2012-01-05,361470.00757305,2.266,XIV - 1.00
2012-01-06,366474.90757304995,1.385,XIV - 1.00
2012-01-09,372479.9475730499,1.639,XIV - 1.00
2012-01-10,379985.0475730499,2.015,XIV - 1.00
2012-01-11,373481.9275730499,-1.711,XIV - 1.00
2012-01-12,378985.5575730499,1.474,XIV - 1.00
2012-01-13,368480.0975730499,-2.772,XIV - 1.00
2012-01-17,371982.89757304994,0.951,XIV - 1.00
2012-01-18,385492.3475730499,3.632,XIV - 1.00
2012-01-19,395495.9475730499,2.595,XIV - 1.00
2012-01-20,406997.09757304995,2.908,XIV - 1.00
2012-01-23,417494.9975730499,2.579,XIV - 1.00
2012-01-24,415495.8775730499,-0.479,XIV - 1.00
2012-01-25,433988.4775730499,4.451,XIV - 1.00
2012-01-26,434488.0675730499,0.115,XIV - 1.00
2012-01-27,443480.5075730499,2.07,XIV - 1.00
2012-01-30,429994.5475730499,-3.041,XIV - 1.00
2012-01-31,429994.5475730499,0.00,XIV - 1.00
2012-02-01,440986.6275730499,2.556,XIV - 1.00
2012-02-02,454473.39757304994,3.058,XIV - 1.00
2012-02-03,478942.03757304995,5.384,XIV - 1.00
2012-02-06,484432.1375730499,1.146,XIV - 1.00
2012-02-07,478942.58757304994,-1.133,XIV - 1.00
2012-02-08,467962.3875730499,-2.293,XIV - 1.00
2012-02-09,444998.26757305,-4.907,XIV - 1.00
2012-02-10,400944.13157305005,-9.90,XIV - 1.00 XIV SL
2012-02-13,432384.1315730501,7.841,XIV - 0.55
2012-02-14,424824.4115730501,-1.748,XIV - 1.00
2012-02-15,400905.53157305013,-5.63,XIV - 1.00
2012-02-16,414368.00157305016,3.358,XIV - 0.55
2012-02-17,417657.68157305015,0.794,XIV - 1.00
2012-02-21,417657.68157305015,0.00,XIV - 1.00
2012-02-22,428997.3035730502,2.715,XIV - 1.00
2012-02-23,456769.6085730502,6.474,XIV - 1.00
2012-02-24,438958.6085730501,-3.899,XIV - 1.00
2012-02-27,434504.05857305013,-1.015,XIV - 1.00
2012-02-28,440444.05857305013,1.367,XIV - 1.00
2012-02-29,447274.0925730501,1.551,XIV - 1.00
2012-03-01,455785.68457305006,1.903,XIV - 1.00
2012-03-02,451332.8445730501,-0.977,XIV - 1.00
2012-03-05,452322.46457305015,0.219,XIV - 1.00
2012-03-06,417686.4645730501,-7.657,XIV - 1.00
2012-03-07,437990.4845730501,4.861,XIV - 0.55
2012-03-08,446974.4045730501,2.051,XIV - 1.00
2012-03-09,455250.0045730501,1.851,XIV - 1.00
2012-03-12,476665.24457305006,4.704,XIV - 1.00
2012-03-13,497584.3145730501,4.389,XIV - 1.00
2012-03-14,481050.79457305005,-3.323,XIV - 1.00
2012-03-15,488833.99457305006,1.618,XIV - 1.00
2012-03-16,489320.3645730501,0.099,XIV - 1.00
2012-03-19,519475.3045730501,6.163,XIV - 1.00
2012-03-20,542316.2037730501,4.397,XIV - 1.00
2012-03-21,568072.7025730502,4.749,XIV - 1.00
2012-03-22,559821.5090730502,-1.452,XIV - 1.00
2012-03-23,600127.3844730502,7.20,XIV - 1.00
2012-03-26,654497.0384730502,9.06,XIV - 1.00
2012-03-27,589702.3744730501,-9.90,XIV - 1.00 XIV SL
2012-03-28,582435.1744730502,-1.232,XIV - 1.00
2012-03-29,586389.0208730502,0.679,XIV - 1.00
2012-03-30,600362.2892730503,2.383,XIV - 1.00
2012-04-02,601331.0692730502,0.161,XIV - 1.00
2012-04-03,589705.7092730503,-1.933,XIV - 1.00
2012-04-04,578078.1892730503,-1.972,XIV - 1.00
2012-04-05,565479.1092730503,-2.179,XIV - 1.00
2012-04-09,529713.8341730502,-6.325,XIV - 0.55
2012-04-10,506449.69457305025,-4.392,XIV - 0.55
2012-04-11,514217.45457305026,1.534,XIV - 0.55
2012-04-12,537778.0145730502,4.582,XIV - 0.55
2012-04-13,519014.8445730502,-3.489,XIV - 1.00
2012-04-16,528924.6445730503,1.909,XIV - 0.55
2012-04-17,543637.4845730503,2.782,XIV - 0.55
2012-04-18,538575.3145730502,-0.931,XIV - 0.55
2012-04-19,536426.9945730502,-0.399,XIV - 0.55
2012-04-20,546666.0945730503,1.909,XIV - 0.55
2012-04-23,536319.7845730502,-1.893,XIV - 1.00
2012-04-24,549556.8045730502,2.468,XIV - 0.55
2012-04-25,568157.1345730502,3.385,XIV - 1.00
2012-04-26,587717.0045730503,3.443,XIV - 1.00
2012-04-27,587717.0045730503,0.00,XIV - 1.00
2012-04-30,574840.4345730504,-2.191,XIV - 1.00
2012-05-01,593921.2345730504,3.319,XIV - 0.55
2012-05-02,590511.7245730504,-0.574,XIV - 1.00
2012-05-03,577573.8645730504,-2.191,XIV - 1.00
2012-05-04,553130.0745730505,-4.232,XIV - 1.00
2012-05-07,561281.5745730505,1.474,XIV - 0.55
2012-05-08,557589.9145730505,-0.658,XIV - 0.55
2012-05-09,545923.3145730505,-2.092,XIV - 0.55
2012-05-10,555912.5745730505,1.83,XIV - 0.55
2012-05-11,550672.7685730504,-0.943,XIV - 0.55
2012-05-14,533432.6525730503,-3.131,XIV - 0.20
2012-05-15,527921.6525730503,-1.033,GLD - 1.00
2012-05-16,526944.4595530503,-0.185,GLD - 1.00
2012-05-17,538601.0455930503,2.212,GLD - 1.00
2012-05-18,544706.7955930503,1.134,GLD - 1.00
2012-05-21,545055.6641920502,0.064,None - 0.00
2012-05-22,545055.6641920502,0.00,XIV - 0.55
2012-05-23,549920.9141920502,0.893,None - 0.00
2012-05-24,549920.9141920502,0.00,XIV - 0.20
2012-05-25,550865.6341920502,0.172,XIV - 1.00
2012-05-29,578426.4341920501,5.003,GLD - 1.00
2012-05-30,581800.42419205,0.583,GLD - 1.00
2012-05-31,580701.00007305,-0.189,GLD - 1.00
2012-06-01,602992.0990280501,3.839,GLD - 1.00
2012-06-04,602309.92555805,-0.113,GLD - 1.00
2012-06-05,601627.6952380501,-0.113,GLD - 1.00
2012-06-06,601893.02555805,0.044,GLD - 1.00
2012-06-07,591622.0990280501,-1.706,GLD - 1.00
2012-06-08,592493.7838680501,0.147,None - 0.00
2012-06-11,592493.7838680501,0.00,XIV - 1.00
2012-06-12,601567.7438680499,1.531,GLD - 1.00
2012-06-13,604079.65819605,0.418,GLD - 1.00
2012-06-14,606477.45722605,0.397,GLD - 1.00
2012-06-15,606819.98200205,0.056,None - 0.00
2012-06-18,606819.98200205,0.00,XIV - 0.20
2012-06-19,609119.38200205,0.379,XIV - 1.00
2012-06-20,633466.84200205,3.997,XIV - 1.00
2012-06-21,570754.04200205,-9.90,None - 1.00 XIV SL
2012-06-22,570754.04200205,0.00,XIV - 0.20
2012-06-25,562577.30200205,-1.433,XIV - 1.00
2012-06-26,578728.8520020499,2.871,XIV - 0.65
2012-06-27,576557.39200205,-0.375,XIV - 1.00
2012-06-28,593295.89200205,2.903,XIV - 0.65
2012-06-29,619400.2120020499,4.40,XIV - 0.65
2012-07-02,644909.0920020499,4.118,XIV - 1.00
2012-07-03,657710.21200205,1.985,XIV - 1.00
2012-07-05,633179.79200205,-3.73,XIV - 1.00
2012-07-06,640648.5120020501,1.18,XIV - 1.00
2012-07-09,644915.87200205,0.666,XIV - 1.00
2012-07-10,627314.3320020501,-2.729,XIV - 1.00
2012-07-11,646521.7720020501,3.062,XIV - 1.00
2012-07-12,642308.07000205,-0.652,XIV - 1.00
2012-07-13,678526.60900205,5.639,XIV - 1.00
2012-07-16,685457.1690020501,1.021,XIV - 1.00
2012-07-17,711044.5290020502,3.733,XIV - 1.00
2012-07-18,703584.3490020501,-1.049,XIV - 1.00
2012-07-19,720638.1090020501,2.424,XIV - 1.00
2012-07-20,680145.3090020501,-5.619,XIV - 1.00
2012-07-23,612810.9900020501,-9.90,XIV - 1.00 XIV SL
2012-07-24,586121.47000205,-4.355,XIV - 0.65
2012-07-25,591128.02000205,0.854,None - 0.00
2012-07-26,591128.02000205,0.00,XIV - 0.45
2012-07-27,597979.22000205,1.159,XIV - 1.00
2012-07-30,585313.7900020501,-2.118,XIV - 1.00
2012-07-31,567484.5700020501,-3.046,XIV - 1.00
2012-08-01,581564.7700020501,2.481,XIV - 1.00
2012-08-02,593295.5200020501,2.017,XIV - 1.00
2012-08-03,635048.09000205,7.037,XIV - 1.00
2012-08-06,647706.23000205,1.993,XIV - 1.00
2012-08-07,630363.22000205,-2.678,XIV - 1.00
2012-08-08,655025.25600205,3.912,XIV - 1.00
2012-08-09,658493.48800205,0.529,XIV - 1.00
2012-08-10,670209.98800205,1.779,XIV - 1.00
2012-08-13,688015.6480020499,2.657,XIV - 1.00
2012-08-14,651054.9430020499,-5.372,XIV - 1.00
2012-08-15,650070.63100205,-0.151,XIV - 1.00
2012-08-16,663195.07100205,2.019,XIV - 1.00
2012-08-17,682408.9010020499,2.897,XIV - 1.00
2012-08-20,681003.4010020499,-0.206,XIV - 1.00
2012-08-21,662731.5110020499,-2.683,XIV - 1.00
2012-08-22,658045.1110020499,-0.707,XIV - 1.00
2012-08-23,643985.0110020498,-2.137,XIV - 1.00
2012-08-24,671689.90900205,4.302,XIV - 1.00
2012-08-27,666488.6710020499,-0.774,XIV - 1.00
2012-08-28,653835.9310020499,-1.898,XIV - 1.00
2012-08-29,651961.0910020499,-0.287,XIV - 1.00
2012-08-30,638367.9210020499,-2.085,XIV - 0.55
2012-08-31,648939.77100205,1.656,XIV - 0.55
2012-09-04,651992.3310020501,0.47,XIV - 0.55
2012-09-05,661621.1510020501,1.477,XIV - 0.55
2012-09-06,699332.3686020501,5.70,XIV - 0.55
2012-09-07,720737.66300205,3.061,XIV - 1.00
2012-09-10,680790.48300205,-5.543,XIV - 1.00
2012-09-11,685467.90300205,0.687,XIV - 1.00
2012-09-12,703751.07300205,2.667,XIV - 1.00
2012-09-13,755610.83300205,7.369,XIV - 1.00
2012-09-14,730548.81300205,-3.317,XIV - 1.00
2012-09-17,733523.32300205,0.407,XIV - 1.00
2012-09-18,752644.2730020501,2.607,XIV - 1.00
2012-09-19,753493.8930020501,0.113,XIV - 1.00
2012-09-20,761140.2930020501,1.015,XIV - 1.00
2012-09-21,766662.1730020501,0.725,XIV - 1.00
2012-09-24,776006.2330020501,1.219,XIV - 1.00
2012-09-25,719099.1130020501,-7.333,XIV - 1.00
2012-09-26,691048.45300205,-3.901,XIV - 1.00
2012-09-27,752275.8130020502,8.86,XIV - 0.55
2012-09-28,740359.1530020501,-1.584,XIV - 1.00
2012-10-01,732607.6330020501,-1.047,XIV - 1.00
2012-10-02,746820.0730020502,1.94,XIV - 0.55
2012-10-03,748477.8830020501,0.222,XIV - 1.00
2012-10-04,766959.7130020502,2.469,XIV - 1.00
2012-10-05,776842.81300205,1.289,XIV - 1.00
2012-10-08,768679.4630020502,-1.051,XIV - 1.00
2012-10-09,735636.3020020501,-4.299,XIV - 0.55
2012-10-10,740577.8980020501,0.672,XIV - 0.55
2012-10-11,745515.4180020501,0.667,None - 0.00
2012-10-12,745515.4180020501,0.00,XIV - 0.55
2012-10-15,759937.0380020501,1.934,XIV - 0.55
2012-10-16,769010.7908020501,1.194,XIV - 0.55
2012-10-17,773852.5453020502,0.63,XIV - 0.55
2012-10-18,774769.5453020502,0.118,XIV - 0.55
2012-10-19,748432.2453020501,-3.399,XIV - 0.55
2012-10-22,753623.5853020501,0.694,GLD - 1.00
2012-10-23,744051.74523405,-1.27,GLD - 1.00
2012-10-24,741514.14085005,-0.341,GLD - 1.00
2012-10-25,746678.47420605,0.696,GLD - 1.00
2012-10-26,746277.74523405,-0.054,GLD - 1.00
2012-10-31,750284.5853020501,0.537,GLD - 1.00
2012-11-01,746901.0875620501,-0.451,None - 0.00
2012-11-02,746901.0875620501,0.00,XIV - 0.55
2012-11-05,739191.3119620502,-1.032,GLD - 1.00
2012-11-06,752954.1533430502,1.862,GLD - 1.00
2012-11-07,753805.7423070502,0.113,GLD - 1.00
2012-11-08,760528.7423070502,0.892,GLD - 1.00
2012-11-09,759766.9812690502,-0.10,GLD - 1.00
2012-11-12,758108.5964490501,-0.218,GLD - 1.00
2012-11-13,756539.9367870502,-0.207,GLD - 1.00
2012-11-14,756719.1854130501,0.024,GLD - 1.00
2012-11-15,752013.0719670502,-0.622,GLD - 1.00
2012-11-16,751071.8923050502,-0.125,GLD - 1.00
2012-11-19,759991.0274850501,1.188,None - 0.00
2012-11-20,759991.0274850501,0.00,XIV - 0.55
2012-11-21,756837.3874850501,-0.415,XIV - 0.55
2012-11-23,775486.5124850501,2.464,GLD - 1.00
2012-11-26,774671.79627705,-0.105,GLD - 1.00
2012-11-27,771413.13964105,-0.421,GLD - 1.00
2012-11-28,761636.9615370501,-1.267,None - 0.00
2012-11-29,761636.9615370501,0.00,XIV - 0.20
2012-11-30,758863.83143705,-0.364,XIV - 1.00
2012-12-03,742837.7514370499,-2.112,GLD - 1.00
2012-12-04,735269.2604550498,-1.019,GLD - 1.00
2012-12-05,733941.1471740498,-0.181,GLD - 1.00
2012-12-06,735623.4293090499,0.229,GLD - 1.00
2012-12-07,738545.2670170498,0.397,GLD - 1.00
2012-12-10,741377.9025910499,0.384,GLD - 1.00
2012-12-11,740713.9627570498,-0.09,GLD - 1.00
2012-12-12,741245.1270170499,0.072,GLD - 1.00
2012-12-13,735048.6871830499,-0.836,GLD - 1.00
2012-12-14,733986.2514530501,-0.145,GLD - 1.00
2012-12-17,735358.60817205,0.187,GLD - 1.00
2012-12-18,724910.88817205,-1.421,GLD - 1.00
2012-12-19,723184.35817205,-0.238,GLD - 1.00
2012-12-20,714507.41161005,-1.20,GLD - 1.00
2012-12-21,717164.23817805,0.372,GLD - 1.00
2012-12-24,718448.32718205,0.179,GLD - 1.00
2012-12-26,719156.82489405,0.099,GLD - 1.00
2012-12-27,720839.4870340499,0.234,GLD - 1.00
2012-12-28,718094.0783260501,-0.381,GLD - 1.00
2012-12-31,724647.56703405,0.913,GLD - 1.00
2013-01-02,729738.59047205,0.703,None - 0.00
2013-01-03,729738.59047205,0.00,XIV - 0.45
2013-01-04,736026.65797205,0.862,None - 0.00
2013-01-07,736026.65797205,0.00,XIV - 0.45
2013-01-08,739501.79467205,0.472,XIV - 0.45
2013-01-09,738826.69407205,-0.091,XIV - 0.45
2013-01-10,747279.5480720501,1.144,XIV - 0.45
2013-01-11,748131.8480720501,0.114,XIV - 0.45
2013-01-14,753749.1080720501,0.751,XIV - 0.45
2013-01-15,753597.3230720501,-0.02,XIV - 0.45
2013-01-16,760496.7440720501,0.916,XIV - 0.45
2013-01-17,758828.6440720501,-0.219,XIV - 0.45
2013-01-18,780239.20407205,2.822,XIV - 0.45
2013-01-22,790267.0840720502,1.285,XIV - 0.45
2013-01-23,799661.6540720502,1.189,XIV - 0.80
2013-01-24,796034.6540720502,-0.454,XIV - 0.45
2013-01-25,793206.4940720502,-0.355,XIV - 0.45
2013-01-28,784368.5740720502,-1.114,XIV - 0.45
2013-01-29,794452.9840720502,1.286,None - 0.00
2013-01-30,794452.9840720502,0.00,XIV - 0.45
2013-01-31,792269.3740720502,-0.275,None - 0.00
2013-02-01,792269.3740720502,0.00,XIV - 0.45
2013-02-04,769385.3680720502,-2.888,XIV - 0.45
2013-02-05,784003.1380720502,1.90,GLD - 1.00
2013-02-06,786063.6597360502,0.263,None - 0.00
2013-02-07,786063.6597360502,0.00,XIV - 0.45
2013-02-08,793504.1597360502,0.947,XIV - 0.45
2013-02-11,799419.7197360501,0.745,XIV - 0.45
2013-02-12,803221.7997360501,0.476,XIV - 0.45
2013-02-13,800701.9597360501,-0.314,XIV - 0.45
2013-02-14,806710.1397360502,0.75,XIV - 0.45
2013-02-15,809530.0197360502,0.35,XIV - 0.45
2013-02-19,825128.0197360502,1.927,XIV - 1.00
2013-02-20,752652.6397360502,-8.784,XIV - 1.00
2013-02-21,738753.6397360502,-1.847,GLD - 1.00
2013-02-22,740430.8684880502,0.227,None - 0.00
2013-02-25,740430.8684880502,0.00,XIV - 0.45
2013-02-26,744859.3534880502,0.598,GLD - 1.00
2013-02-27,737071.3818080502,-1.046,GLD - 1.00
2013-02-28,729660.9487680502,-1.005,GLD - 1.00
2013-03-01,727017.1982100501,-0.362,GLD - 1.00
2013-03-04,726356.2629310502,-0.091,None - 0.00
2013-03-05,726356.2629310502,0.00,XIV - 0.45
2013-03-06,724850.5629310501,-0.207,XIV - 0.45
2013-03-07,731643.76293105,0.937,XIV - 0.45
2013-03-08,735822.48293105,0.571,XIV - 0.45
2013-03-11,749011.3929310499,1.792,XIV - 0.45
2013-03-12,743791.0329310498,-0.697,XIV - 0.45
2013-03-13,745985.3829310499,0.295,XIV - 0.45
2013-03-14,752107.3029310498,0.821,XIV - 0.80
2013-03-15,752107.3029310498,0.00,XIV - 1.00
2013-03-18,713628.1029310498,-5.116,XIV - 1.00
2013-03-19,712088.0709310499,-0.216,GLD - 1.00
2013-03-20,708881.6793190498,-0.45,None - 0.00
2013-03-21,708881.6793190498,0.00,XIV - 0.80
2013-03-22,710129.2793190498,0.176,XIV - 0.45
2013-03-25,714057.3993190497,0.553,XIV - 0.80
2013-03-26,730158.5493190497,2.255,XIV - 0.80
2013-03-27,724001.5493190497,-0.843,XIV - 1.00
2013-03-28,726469.8693190496,0.341,XIV - 1.00
2013-04-01,723693.0993190496,-0.382,XIV - 1.00
2013-04-02,747142.8993190497,3.24,XIV - 0.80
2013-04-03,724687.7393190498,-3.005,XIV - 1.00
2013-04-04,735883.0193190498,1.545,None - 0.00
2013-04-05,735883.0193190498,0.00,XIV - 0.80
2013-04-08,751593.9593190497,2.135,XIV - 1.00
2013-04-09,762445.0093190498,1.444,XIV - 1.00
2013-04-10,781663.7693190497,2.521,XIV - 1.00
2013-04-11,783833.1393190497,0.278,XIV - 1.00
2013-04-12,798398.4393190497,1.858,XIV - 1.00
2013-04-15,719358.2553190497,-9.90,None - 1.00 XIV SL
2013-04-16,719358.2553190497,0.00,None - 0.00
2013-04-17,719358.2553190497,0.00,XIV - 0.35
2013-04-18,708245.6853190497,-1.545,GLD - 1.00
2013-04-19,714353.0748790497,0.862,None - 0.00
2013-04-22,714353.0748790497,0.00,XIV - 0.80
2013-04-23,742926.6748790496,4.00,XIV - 0.80
2013-04-24,739241.5720790497,-0.496,XIV - 1.00
2013-04-25,732910.1924790497,-0.856,XIV - 1.00
2013-04-26,732588.2924790498,-0.044,XIV - 0.80
2013-04-29,735421.0124790497,0.387,XIV - 0.80
2013-04-30,742109.7724790496,0.91,XIV - 0.80
2013-05-01,715502.8669790496,-3.585,XIV - 1.00
2013-05-02,741314.3535790497,3.607,None - 0.00
2013-05-03,741314.3535790497,0.00,XIV - 1.00
2013-05-06,753038.9135790498,1.582,XIV - 1.00
2013-05-07,760262.6375790497,0.959,XIV - 1.00
2013-05-08,755890.7975790497,-0.575,XIV - 1.00
2013-05-09,740683.4375790496,-2.012,XIV - 1.00
2013-05-10,748288.5575790495,1.027,XIV - 1.00
2013-05-13,752724.4575790495,0.593,XIV - 1.00
2013-05-14,759631.3515790495,0.918,XIV - 1.00
2013-05-15,753992.3115790494,-0.742,XIV - 1.00
2013-05-16,746388.3915790495,-1.008,XIV - 1.00
2013-05-17,764132.5515790494,2.377,XIV - 1.00
2013-05-20,754629.1515790494,-1.244,XIV - 1.00
2013-05-21,747975.9315790496,-0.882,XIV - 1.00
2013-05-22,740054.6815790496,-1.059,XIV - 0.55
2013-05-23,737091.7515790495,-0.40,XIV - 0.55
2013-05-24,737441.4915790495,0.047,XIV - 0.55
2013-05-28,748104.2915790495,1.446,XIV - 0.55
2013-05-29,741712.9115790497,-0.854,GLD - 1.00
2013-05-30,751896.9043490497,1.373,GLD - 1.00
2013-05-31,736759.8097940497,-2.013,GLD - 1.00
2013-06-03,750864.9334560498,1.914,GLD - 1.00
2013-06-04,743895.3389010498,-0.928,GLD - 1.00
2013-06-05,745474.4324610498,0.212,GLD - 1.00
2013-06-06,750973.8552360499,0.738,GLD - 1.00
2013-06-07,733277.6052360499,-2.356,GLD - 1.00
2013-06-10,736871.9815740498,0.49,GLD - 1.00
2013-06-11,733114.2306820499,-0.51,GLD - 1.00
2013-06-12,738560.2306820499,0.743,GLD - 1.00
2013-06-13,735782.7979120498,-0.376,GLD - 1.00
2013-06-14,739540.4725600498,0.511,GLD - 1.00
2013-06-17,735946.1724660499,-0.486,GLD - 1.00
2013-06-18,727014.73791205,-1.214,GLD - 1.00
2013-06-19,718626.30888905,-1.154,GLD - 1.00
2013-06-20,680551.78978305,-5.298,GLD - 1.00
2013-06-21,688455.76703805,1.161,GLD - 1.00
2013-06-24,682351.75068805,-0.887,GLD - 1.00
2013-06-25,679844.7561380499,-0.367,GLD - 1.00
2013-06-26,651554.0552360498,-4.161,GLD - 1.00
2013-06-27,638794.0515950498,-1.958,GLD - 1.00
2013-06-28,656083.2261410498,2.707,GLD - 1.00
2013-07-01,667098.2643290497,1.679,GLD - 1.00
2013-07-02,661210.1370410498,-0.883,GLD - 1.00
2013-07-03,664971.9897810497,0.569,GLD - 1.00
2013-07-05,650524.1788770497,-2.173,None - 0.00
2013-07-08,650524.1788770497,0.00,XIV - 0.45
2013-07-09,656818.7188770496,0.968,XIV - 0.65
2013-07-10,661035.9988770497,0.642,XIV - 1.00
2013-07-11,677621.4888770496,2.509,XIV - 1.00
2013-07-12,671438.6088770496,-0.912,XIV - 1.00
2013-07-15,686053.7288770498,2.177,XIV - 1.00
2013-07-16,666945.7288770498,-2.785,XIV - 1.00
2013-07-17,690275.3688770499,3.498,XIV - 0.45
2013-07-18,695332.9688770499,0.733,XIV - 1.00
2013-07-19,709813.4088770498,2.083,XIV - 1.00
2013-07-22,724847.5488770498,2.118,XIV - 1.00
2013-07-23,728187.7488770498,0.461,XIV - 1.00
2013-07-24,718999.7454770498,-1.262,XIV - 1.00
2013-07-25,736818.2091770498,2.478,XIV - 1.00
2013-07-26,739851.6791770498,0.412,XIV - 1.00
2013-07-29,729861.0681770497,-1.35,XIV - 1.00
2013-07-30,742942.5781770496,1.792,XIV - 1.00
2013-07-31,758526.2581770496,2.098,XIV - 1.00
2013-08-01,783287.8381770496,3.264,XIV - 1.00
2013-08-02,801923.2181770498,2.379,XIV - 1.00
2013-08-05,811655.6681770497,1.214,XIV - 1.00
2013-08-06,787466.1881770497,-2.98,XIV - 1.00
2013-08-07,779122.5881770498,-1.06,XIV - 1.00
2013-08-08,791917.4881770498,1.642,XIV - 1.00
2013-08-09,781071.1981770498,-1.37,XIV - 1.00
2013-08-12,784408.9981770498,0.427,XIV - 1.00
2013-08-13,791640.3781770497,0.922,XIV - 1.00
2013-08-14,784965.7381770498,-0.843,XIV - 1.00
2013-08-15,744636.8881770497,-5.138,XIV - 1.00
2013-08-16,758551.3881770497,1.869,GLD - 1.00
2013-08-19,755322.8685290497,-0.426,GLD - 1.00
2013-08-20,757815.0398570497,0.33,GLD - 1.00
2013-08-21,755662.7764970497,-0.284,GLD - 1.00
2013-08-22,759854.0855210498,0.555,GLD - 1.00
2013-08-23,771691.8228650497,1.558,None - 0.00
2013-08-26,771691.8228650497,0.00,XIV - 0.45
2013-08-27,744483.3428650497,-3.526,GLD - 1.00
2013-08-28,744267.8205880497,-0.029,GLD - 1.00
2013-08-29,739740.9959200496,-0.608,GLD - 1.00
2013-08-30,733003.4959200496,-0.911,GLD - 1.00
2013-09-03,742705.5120900496,1.324,GLD - 1.00
2013-09-04,733220.9044240495,-1.277,GLD - 1.00
2013-09-05,719961.4666940495,-1.808,GLD - 1.00
2013-09-06,730473.9005210495,1.46,GLD - 1.00
2013-09-09,729180.3544210495,-0.177,GLD - 1.00
2013-09-10,717484.0598110495,-1.604,GLD - 1.00
2013-09-11,717268.3766830495,-0.03,GLD - 1.00
2013-09-12,695542.6520740496,-3.029,GLD - 1.00
2013-09-13,696351.6128600496,0.116,GLD - 1.00
2013-09-16,688963.1866810495,-1.061,GLD - 1.00
2013-09-17,689232.9028630495,0.039,GLD - 1.00
2013-09-18,718948.3058980495,4.311,GLD - 1.00
2013-09-19,717546.6728530495,-0.195,None - 0.00
2013-09-20,717546.6728530495,0.00,XIV - 1.00
2013-09-23,709087.1328530494,-1.179,XIV - 1.00
2013-09-24,712073.2128530494,0.421,GLD - 1.00
2013-09-25,718313.0121110495,0.876,GLD - 1.00
2013-09-26,712792.0562790494,-0.769,GLD - 1.00
2013-09-27,719308.0162790493,0.914,GLD - 1.00
2013-09-30,714946.3821110493,-0.606,GLD - 1.00
2013-10-01,695126.0086740493,-2.772,GLD - 1.00
2013-10-02,708767.8297200493,1.962,GLD - 1.00
2013-10-03,709430.4807640495,0.093,GLD - 1.00
2013-10-04,705841.1752420494,-0.506,GLD - 1.00
2013-10-07,711970.5952420494,0.868,GLD - 1.00
2013-10-08,710645.3318080493,-0.186,GLD - 1.00
2013-10-09,703521.9462860493,-1.002,GLD - 1.00
2013-10-10,693361.4441980494,-1.444,GLD - 1.00
2013-10-11,684138.0397210494,-1.33,GLD - 1.00
2013-10-14,685408.5818170494,0.186,GLD - 1.00
2013-10-15,690380.1873410494,0.725,GLD - 1.00
2013-10-16,689330.8062950495,-0.152,None - 0.00
2013-10-17,689330.8062950495,0.00,XIV - 0.45
2013-10-18,692198.7462950496,0.416,XIV - 1.00
2013-10-21,688441.3062950495,-0.543,XIV - 1.00
2013-10-22,684918.5562950496,-0.512,XIV - 0.80
2013-10-23,681160.7562950496,-0.549,XIV - 1.00
2013-10-24,691980.4162950495,1.588,XIV - 1.00
2013-10-25,694096.9462950495,0.306,XIV - 1.00
2013-10-28,690099.2262950495,-0.576,XIV - 1.00
2013-10-29,696213.9062950495,0.886,XIV - 1.00
2013-10-30,685397.0062950494,-1.554,XIV - 1.00
2013-10-31,688924.8562950494,0.515,XIV - 1.00
2013-11-01,690335.9362950494,0.205,XIV - 1.00
2013-11-04,711266.0662950494,3.032,XIV - 1.00
2013-11-05,712911.7662950493,0.231,XIV - 1.00
2013-11-06,724314.1162950493,1.599,XIV - 1.00
2013-11-07,699280.2262950493,-3.456,XIV - 1.00
2013-11-08,727968.5262950493,4.103,XIV - 1.00
2013-11-11,731024.1762950493,0.42,XIV - 1.00
2013-11-12,731729.2962950493,0.096,XIV - 1.00
2013-11-13,734784.8162950492,0.418,XIV - 1.00
2013-11-14,743245.8962950491,1.152,XIV - 1.00
2013-11-15,753115.8962950491,1.328,XIV - 1.00
2013-11-18,751236.136295049,-0.25,XIV - 1.00
2013-11-19,742541.8762950491,-1.157,XIV - 1.00
2013-11-20,758287.546295049,2.121,XIV - 1.00
2013-11-21,782488.426295049,3.192,XIV - 1.00
2013-11-22,794467.3062950491,1.531,XIV - 1.00
2013-11-25,791883.9562950492,-0.325,XIV - 1.00
2013-11-26,787186.7562950491,-0.593,XIV - 1.00
2013-11-27,786247.2762950491,-0.119,XIV - 1.00
2013-11-29,777087.3462950491,-1.165,XIV - 1.00
2013-12-02,770745.046295049,-0.816,XIV - 1.00
2013-12-03,751716.5262950491,-2.469,XIV - 1.00
2013-12-04,759235.8862950491,1.00,XIV - 1.00
2013-12-05,754066.7662950492,-0.681,XIV - 1.00
2013-12-06,780148.4362950494,3.459,XIV - 0.35
2013-12-09,782285.8962950493,0.274,XIV - 1.00
2013-12-10,777845.7862950494,-0.568,XIV - 1.00
2013-12-11,741388.5862950493,-4.687,XIV - 0.55
2013-12-12,739588.1862950493,-0.243,GLD - 1.00
2013-12-13,746334.1715390492,0.912,GLD - 1.00
2013-12-16,748252.7924840492,0.257,GLD - 1.00
2013-12-17,741816.2324840493,-0.86,GLD - 1.00
2013-12-18,735379.6662950492,-0.868,None - 0.00
2013-12-19,735379.6662950492,0.00,XIV - 1.00
2013-12-20,729897.6662950492,-0.745,XIV - 1.00
2013-12-23,755994.3662950492,3.575,XIV - 1.00
2013-12-24,771120.5462950493,2.001,XIV - 1.00
2013-12-26,783175.4462950494,1.563,XIV - 1.00
2013-12-27,773752.4262950494,-1.203,XIV - 1.00
2013-12-30,759944.7162950494,-1.785,XIV - 1.00
2013-12-31,761259.9762950495,0.173,XIV - 1.00
2014-01-02,746792.1162950494,-1.901,XIV - 0.55
2014-01-03,749203.7162950495,0.323,XIV - 0.20
2014-01-06,751084.1062950495,0.251,XIV - 0.55
2014-01-07,760370.0062950496,1.236,XIV - 0.55
2014-01-08,759662.9062950495,-0.093,XIV - 0.55
2014-01-09,758365.5662950494,-0.171,XIV - 0.55
2014-01-10,767932.4762950494,1.262,XIV - 1.00
2014-01-13,740941.1662950494,-3.515,XIV - 1.00
2014-01-14,771131.7862950494,4.075,None - 0.00
2014-01-15,771131.7862950494,0.00,XIV - 0.55
2014-01-16,768550.9662950493,-0.335,XIV - 0.55
2014-01-17,768080.4062950494,-0.061,XIV - 0.55
2014-01-21,773141.5062950493,0.659,XIV - 0.55
2014-01-22,779462.7462950493,0.818,XIV - 0.55
2014-01-23,768300.8262950494,-1.432,XIV - 0.55
2014-01-24,726470.2568880494,-5.445,GLD - 1.00 XIV SL
2014-01-27,718648.5151260493,-1.077,GLD - 1.00
2014-01-28,718589.6933640493,-0.008,GLD - 1.00
2014-01-29,727528.8368880494,1.244,GLD - 1.00
2014-01-30,711650.1133640493,-2.183,GLD - 1.00
2014-01-31,713532.3474820494,0.264,GLD - 1.00
2014-02-03,720767.2310100493,1.014,GLD - 1.00
2014-02-04,718826.4892480494,-0.269,GLD - 1.00
2014-02-05,720590.8068910495,0.245,GLD - 1.00
2014-02-06,720296.7392480494,-0.041,GLD - 1.00
2014-02-07,725766.0692480495,0.759,GLD - 1.00
2014-02-10,730176.8192480495,0.608,GLD - 1.00
2014-02-11,738644.0368880494,1.16,GLD - 1.00
2014-02-12,739055.6310080495,0.056,GLD - 1.00
2014-02-13,745288.4192480495,0.843,GLD - 1.00
2014-02-14,755047.5827640495,1.309,GLD - 1.00
2014-02-18,756517.0827640495,0.195,GLD - 1.00
2014-02-19,749874.9133740496,-0.878,GLD - 1.00
2014-02-20,757693.9892530496,1.043,GLD - 1.00
2014-02-21,757576.4527650495,-0.016,GLD - 1.00
2014-02-24,765864.4503990496,1.094,GLD - 1.00
2014-02-25,767157.6221550495,0.169,GLD - 1.00
2014-02-26,760692.8868930496,-0.843,GLD - 1.00
2014-02-27,761221.8833810495,0.07,GLD - 1.00
2014-02-28,757812.6786490496,-0.448,GLD - 1.00
2014-03-03,773506.8798690496,2.071,GLD - 1.00
2014-03-04,764044.9098690496,-1.223,GLD - 1.00
2014-03-05,765279.3251370495,0.162,GLD - 1.00
2014-03-06,772803.1592590495,0.983,GLD - 1.00
2014-03-07,766455.9875050496,-0.821,GLD - 1.00
2014-03-10,766691.1604070496,0.031,GLD - 1.00
2014-03-11,770981.3468990496,0.56,GLD - 1.00
2014-03-12,782147.6116370496,1.448,GLD - 1.00
2014-03-13,784791.8821490494,0.338,GLD - 1.00
2014-03-14,790021.5162730496,0.666,GLD - 1.00
2014-03-17,781442.5151410495,-1.086,GLD - 1.00
2014-03-18,775448.9716370495,-0.767,GLD - 1.00
2014-03-19,760580.1675140496,-1.917,GLD - 1.00
2014-03-20,759228.2569040495,-0.178,GLD - 1.00
2014-03-21,762813.8369040495,0.472,GLD - 1.00
2014-03-24,749353.2110260496,-1.765,GLD - 1.00
2014-03-25,750705.4045420495,0.18,None - 0.00
2014-03-26,750705.4045420495,0.00,XIV - 0.65
2014-03-27,756515.8045420495,0.774,XIV - 0.45
2014-03-28,760632.4245420495,0.544,XIV - 0.45
2014-03-31,771131.8245420496,1.38,XIV - 1.00
2014-04-01,796490.3745420495,3.288,XIV - 1.00
2014-04-02,791178.9145420495,-0.667,XIV - 1.00
2014-04-03,791661.8145420497,0.061,XIV - 1.00
2014-04-04,774761.0145420497,-2.135,XIV - 1.00
2014-04-07,757373.0145420497,-2.244,XIV - 1.00
2014-04-08,771141.3645420497,1.818,XIV - 0.45
2014-04-09,780270.4845420497,1.184,XIV - 0.45
2014-04-10,759060.7245420497,-2.718,XIV - 1.00
2014-04-11,735385.2045420497,-3.119,XIV - 0.45
2014-04-14,738160.4545420497,0.377,GLD - 1.00
2014-04-15,724673.0545420496,-1.827,None - 0.00
2014-04-16,724673.0545420496,0.00,XIV - 0.45
2014-04-17,729335.0545420496,0.643,XIV - 1.00
2014-04-21,743497.0945420496,1.942,XIV - 1.00
2014-04-22,744867.3145420497,0.184,XIV - 1.00
2014-04-23,741670.1345420496,-0.429,XIV - 1.00
2014-04-24,732763.3145420497,-1.201,XIV - 1.00
2014-04-25,727053.0645420497,-0.779,XIV - 1.00
2014-04-28,743042.4645420497,2.199,XIV - 1.00
2014-04-29,756311.3425420496,1.786,XIV - 1.00
2014-04-30,755603.5195420496,-0.094,XIV - 1.00
2014-05-01,755603.5195420496,0.00,XIV - 1.00
2014-05-02,759028.6195420496,0.453,XIV - 1.00
2014-05-05,767248.4995420497,1.083,XIV - 1.00
2014-05-06,762225.8995420495,-0.655,XIV - 1.00
2014-05-07,775240.1395420495,1.707,XIV - 1.00
2014-05-08,775011.8595420495,-0.029,XIV - 1.00
2014-05-09,791219.7395420495,2.091,XIV - 1.00
2014-05-12,814727.4295420495,2.971,XIV - 1.00
2014-05-13,812673.9895420495,-0.252,XIV - 1.00
2014-05-14,816552.8795420495,0.477,XIV - 1.00
2014-05-15,807882.7995420494,-1.062,XIV - 1.00
2014-05-16,826365.3795420495,2.288,XIV - 1.00
2014-05-19,836403.0995420495,1.215,XIV - 1.00
2014-05-20,842789.8995420495,0.764,XIV - 1.00
2014-05-21,856019.1195420495,1.57,XIV - 1.00
2014-05-22,856703.2695420495,0.08,XIV - 1.00
2014-05-23,862860.6195420496,0.719,XIV - 1.00
2014-05-27,889312.0995420496,3.066,XIV - 1.00
2014-05-28,892047.6195420497,0.308,XIV - 1.00
2014-05-29,895239.0595420498,0.358,XIV - 1.00
2014-05-30,896834.7095420498,0.178,XIV - 1.00
2014-06-02,902305.5095420496,0.61,XIV - 1.00
2014-06-03,897974.8395420497,-0.48,XIV - 1.00
2014-06-04,907548.3195420497,1.066,XIV - 1.00
2014-06-05,939457.1195420497,3.516,XIV - 1.00
2014-06-06,986847.8395420497,5.044,XIV - 1.00
2014-06-09,972956.3095420497,-1.408,XIV - 1.00
2014-06-10,990038.3095420497,1.756,XIV - 1.00
2014-06-11,968860.3495420497,-2.139,XIV - 1.00
2014-06-12,922623.0395420496,-4.772,XIV - 1.00
2014-06-13,937663.7795420497,1.63,XIV - 1.00
2014-06-16,938575.1795420498,0.097,XIV - 1.00
2014-06-17,970474.1795420498,3.399,XIV - 1.00
2014-06-18,1021494.6595420499,5.257,XIV - 1.00
2014-06-19,1017852.0995420497,-0.357,XIV - 1.00
2014-06-20,1003736.5595420498,-1.387,XIV - 1.00
2014-06-23,1028783.5595420498,2.495,XIV - 1.00
2014-06-24,990767.6795420496,-3.695,XIV - 1.00
2014-06-25,1029937.2395420496,3.953,XIV - 1.00
2014-06-26,1016278.8395420496,-1.326,XIV - 1.00
2014-06-27,1024702.6295420496,0.829,XIV - 1.00
2014-06-30,1034264.3495420495,0.933,XIV - 1.00
2014-07-01,1060669.4295420498,2.553,XIV - 1.00
2014-07-02,1071820.8495420497,1.051,XIV - 1.00
2014-07-03,1086384.0495420496,1.359,XIV - 1.00
2014-07-07,1064087.0895420497,-2.052,XIV - 1.00
2014-07-08,1046791.7695420497,-1.625,XIV - 1.00
2014-07-09,1067504.2795420494,1.979,XIV - 0.55
2014-07-10,1046978.0395420494,-1.923,XIV - 1.00
2014-07-11,1057851.9595420496,1.039,XIV - 0.55
2014-07-14,1074264.6295420495,1.552,XIV - 0.55
2014-07-15,1063711.7095420496,-0.982,XIV - 0.55
2014-07-16,1077266.4695420496,1.274,XIV - 0.55
2014-07-17,1018610.5368244495,-5.445,XIV - 1.00 XIV SL
2014-07-18,1093483.8368244497,7.351,None - 0.00
2014-07-21,1093483.8368244497,0.00,XIV - 0.55
2014-07-22,1105574.4368244498,1.106,GLD - 1.00
2014-07-23,1104530.00034445,-0.094,None - 0.00
2014-07-24,1104530.00034445,0.00,XIV - 0.55
2014-07-25,1086951.56034445,-1.591,XIV - 0.55
2014-07-28,1090191.56034445,0.298,XIV - 0.35
2014-07-29,1090534.32034445,0.031,XIV - 0.55
2014-07-30,1080709.98034445,-0.901,XIV - 0.35
2014-07-31,1049124.18034445,-2.923,GLD - 1.00
2014-08-01,1057456.99351045,0.794,GLD - 1.00
2014-08-04,1054174.7619264498,-0.31,GLD - 1.00
2014-08-05,1053164.7640114499,-0.096,GLD - 1.00
2014-08-06,1068315.32192645,1.439,GLD - 1.00
2014-08-07,1072606.98875645,0.402,GLD - 1.00
2014-08-08,1072691.15558645,0.008,GLD - 1.00
2014-08-11,1070755.6803414498,-0.18,GLD - 1.00
2014-08-12,1071008.12192645,0.024,GLD - 1.00
2014-08-13,1072775.2635114498,0.165,None - 0.00
2014-08-14,1072775.2635114498,0.00,XIV - 0.55
2014-08-15,1072499.6035114499,-0.026,XIV - 1.00
2014-08-18,1112352.95351145,3.716,XIV - 1.00
2014-08-19,1122876.4735114498,0.946,XIV - 1.00
2014-08-20,1114358.11351145,-0.759,XIV - 1.00
2014-08-21,1111100.9635114498,-0.292,XIV - 1.00
2014-08-22,1115109.92351145,0.361,XIV - 1.00
2014-08-25,1126635.22351145,1.034,XIV - 1.00
2014-08-26,1117115.0835114499,-0.845,XIV - 1.00
2014-08-27,1109348.0335114498,-0.695,XIV - 1.00
2014-08-28,1090555.2835114498,-1.694,XIV - 1.00
2014-08-29,1098073.58351145,0.689,XIV - 1.00
2014-09-02,1091057.06351145,-0.639,XIV - 1.00
2014-09-03,1103587.56351145,1.148,XIV - 0.55
2014-09-04,1102071.54351145,-0.137,XIV - 1.00
2014-09-05,1124398.97351145,2.026,XIV - 0.55
2014-09-08,1123019.47351145,-0.123,XIV - 1.00
2014-09-09,1092889.87351145,-2.683,XIV - 1.00
2014-09-10,1100173.22351145,0.666,None - 0.00
2014-09-11,1100173.22351145,0.00,XIV - 0.55
2014-09-12,1086536.96351145,-1.239,XIV - 0.20
2014-09-15,1081071.0835114499,-0.503,GLD - 1.00
2014-09-16,1082785.1005744499,0.159,GLD - 1.00
2014-09-17,1071149.29155445,-1.075,None - 0.00
2014-09-18,1071149.29155445,0.00,XIV - 0.20
2014-09-19,1071053.95155445,-0.009,XIV - 1.00
2014-09-22,1033141.9915544501,-3.54,XIV - 1.00
2014-09-23,994978.7915544502,-3.694,XIV - 0.20
2014-09-24,1001039.2315544501,0.609,GLD - 1.00
2014-09-25,1003917.6376904501,0.288,GLD - 1.00
2014-09-26,1001123.84922445,-0.278,GLD - 1.00
2014-09-29,1000869.87769045,-0.025,GLD - 1.00
2014-09-30,993927.7576904501,-0.694,GLD - 1.00
2014-10-01,998669.2607564501,0.477,GLD - 1.00
2014-10-02,998415.2892224501,-0.025,GLD - 1.00
2014-10-03,980382.7346204501,-1.806,None - 0.00
2014-10-06,980382.7346204501,0.00,XIV - 0.45
2014-10-07,950467.2446204501,-3.051,GLD - 1.00
2014-10-08,959442.70462045,0.944,GLD - 1.00
2014-10-09,960817.1384504501,0.143,GLD - 1.00
2014-10-10,960412.8641954501,-0.042,GLD - 1.00
2014-10-13,967931.9222804501,0.783,GLD - 1.00
2014-10-14,968497.8641954501,0.058,GLD - 1.00
2014-10-15,971731.88036545,0.334,None - 0.00
2014-10-16,971731.88036545,0.00,GLD - 1.00
2014-10-17,969875.98615845,-0.191,GLD - 1.00
2014-10-20,976411.91650345,0.674,GLD - 1.00
2014-10-21,978186.8280954501,0.182,GLD - 1.00
2014-10-22,972700.58002745,-0.561,GLD - 1.00
2014-10-23,966084.0080964501,-0.68,GLD - 1.00
2014-10-24,964712.28616545,-0.142,GLD - 1.00
2014-10-27,962372.27616545,-0.243,GLD - 1.00
2014-10-28,962695.07616545,0.034,None - 0.00
2014-10-29,962695.07616545,0.00,XIV - 1.00
2014-10-30,959363.7561654501,-0.346,XIV - 0.65
2014-10-31,974702.0061654501,1.599,XIV - 0.45
2014-11-03,967766.4061654501,-0.712,XIV - 0.45
2014-11-04,971140.3261654502,0.349,XIV - 0.45
2014-11-05,976490.3861654502,0.551,XIV - 0.45
2014-11-06,987241.8461654503,1.101,XIV - 1.00
2014-11-07,1001873.6861654503,1.482,XIV - 1.00
2014-11-10,1038718.8061654503,3.678,XIV - 1.00
2014-11-11,1039802.0861654503,0.104,XIV - 1.00
2014-11-12,1026531.9061654505,-1.276,XIV - 1.00
2014-11-13,1013531.1061654504,-1.266,XIV - 1.00
2014-11-14,1011093.0961654505,-0.241,XIV - 1.00
2014-11-17,1013531.1961654504,0.241,XIV - 1.00
2014-11-18,1030326.3761654503,1.657,XIV - 1.00
2014-11-19,1005408.1761654505,-2.418,XIV - 1.00
2014-11-20,1015431.8461654504,0.997,XIV - 1.00
2014-11-21,1036832.1561654503,2.108,XIV - 1.00
2014-11-24,1058498.5561654505,2.09,XIV - 1.00
2014-11-25,1064997.0361654502,0.614,XIV - 1.00
2014-11-26,1082325.6761654501,1.627,XIV - 1.00
2014-11-28,1053359.7061654502,-2.676,XIV - 1.00
2014-12-01,1009762.5161654502,-4.139,XIV - 1.00
2014-12-02,1061777.2361654504,5.151,XIV - 0.45
2014-12-03,1069210.0861654505,0.70,XIV - 1.00
2014-12-04,1067867.8361654505,-0.126,XIV - 1.00
2014-12-05,1086390.8861654503,1.735,XIV - 1.00
2014-12-08,1043713.6961654502,-3.928,XIV - 1.00
2014-12-09,1027602.4961654503,-1.544,XIV - 0.80
2014-12-10,946217.3355019504,-7.92,None - 0.45 XIV SL
2014-12-11,946217.3355019504,0.00,GLD - 1.00
2014-12-12,943988.8314199502,-0.236,GLD - 1.00
2014-12-15,919952.6116249503,-2.546,GLD - 1.00
2014-12-16,924410.7557029502,0.485,GLD - 1.00
2014-12-17,918997.2757029503,-0.586,GLD - 1.00
2014-12-18,926002.9955079502,0.762,GLD - 1.00
2014-12-19,922977.7757029503,-0.327,GLD - 1.00
2014-12-22,905304.4034689503,-1.915,None - 0.00
2014-12-23,905304.4034689503,0.00,XIV - 0.45
2014-12-24,907963.6634689502,0.294,None - 0.00
2014-12-26,907963.6634689502,0.00,XIV - 1.00
2014-12-29,909516.1034689501,0.171,XIV - 1.00
2014-12-30,887781.9434689502,-2.39,XIV - 0.45
2014-12-31,848232.1169875502,-4.455,GLD - 1.00 XIV SL
2015-01-02,851928.6169875502,0.436,GLD - 1.00
2015-01-05,864644.5843805502,1.493,GLD - 1.00
2015-01-06,874402.0243805501,1.128,GLD - 1.00
2015-01-07,869302.2122075502,-0.583,GLD - 1.00
2015-01-08,865680.6369895502,-0.417,GLD - 1.00
2015-01-09,875436.7569895502,1.127,GLD - 1.00
2015-01-12,885045.0274255502,1.098,GLD - 1.00
2015-01-13,882089.0717655502,-0.334,GLD - 1.00
2015-01-14,880684.9495955502,-0.159,GLD - 1.00
2015-01-15,902633.2569855503,2.492,None - 0.00
2015-01-16,902633.2569855503,0.00,GLD - 1.00
2015-01-20,914885.4969855503,1.357,GLD - 1.00
2015-01-21,915104.3007375504,0.024,GLD - 1.00
2015-01-22,922396.3007375504,0.797,GLD - 1.00
2015-01-23,915105.3007375504,-0.79,GLD - 1.00
2015-01-26,906063.1842775503,-0.988,GLD - 1.00
2015-01-27,916346.3434495503,1.135,GLD - 1.00
2015-01-28,909200.1542815503,-0.78,GLD - 1.00
2015-01-29,889800.8034535503,-2.134,GLD - 1.00
2015-01-30,909421.6269835504,2.205,GLD - 1.00
2015-02-02,901909.8442765505,-0.826,GLD - 1.00
2015-02-03,891918.4707415504,-1.108,GLD - 1.00
2015-02-04,895784.2834475504,0.433,GLD - 1.00
2015-02-05,897316.0161535505,0.171,GLD - 1.00
2015-02-06,874339.9015655505,-2.561,GLD - 1.00
2015-02-09,878206.2442705506,0.442,GLD - 1.00
2015-02-10,873099.7661555504,-0.581,GLD - 1.00
2015-02-11,862885.3588595503,-1.17,GLD - 1.00
2015-02-12,864855.2496755504,0.228,None - 0.00
2015-02-13,864855.2496755504,0.00,XIV - 0.80
2015-02-17,862758.4296755504,-0.242,XIV - 0.45
2015-02-18,865905.5496755505,0.365,XIV - 0.45
2015-02-19,874325.3796755506,0.972,None - 0.00
2015-02-20,874325.3796755506,0.00,XIV - 1.00
2015-02-23,870313.6646755507,-0.459,XIV - 1.00
2015-02-24,905728.7046755507,4.069,XIV - 1.00
2015-02-25,899644.1646755507,-0.672,XIV - 1.00
2015-02-26,910292.8796755506,1.184,XIV - 1.00
2015-02-27,914856.1196755506,0.501,XIV - 1.00
2015-03-02,945276.6196755506,3.325,XIV - 1.00
2015-03-03,924265.6596755506,-2.223,XIV - 1.00
2015-03-04,926477.8196755507,0.239,XIV - 1.00
2015-03-05,938091.2396755507,1.254,XIV - 1.00
2015-03-06,896619.2396755507,-4.421,XIV - 1.00
2015-03-09,908236.8596755506,1.296,XIV - 0.45
2015-03-10,895666.3996755506,-1.384,XIV - 0.45
2015-03-11,885912.8096755507,-1.089,XIV - 0.45
2015-03-12,909030.2096755507,2.609,XIV - 0.45
2015-03-13,899817.9496755507,-1.013,XIV - 0.80
2015-03-16,915958.1896755507,1.794,XIV - 0.45
2015-03-17,918217.3696755506,0.247,XIV - 0.80
2015-03-18,950029.1496755505,3.465,XIV - 0.80
2015-03-19,949367.5896755506,-0.07,XIV - 1.00
2015-03-20,964255.3896755506,1.568,XIV - 1.00
2015-03-23,981346.3096755506,1.772,XIV - 1.00
2015-03-24,984929.2396755506,0.365,XIV - 1.00
2015-03-25,940833.2396755506,-4.477,XIV - 1.00
2015-03-26,949380.8696755506,0.909,XIV - 1.00
2015-03-27,959857.4696755506,1.104,XIV - 1.00
2015-03-30,989078.4896755506,3.044,XIV - 1.00
2015-03-31,964550.9796755506,-2.48,XIV - 1.00
2015-04-01,965102.2996755505,0.057,XIV - 1.00
2015-04-02,984122.8396755507,1.971,XIV - 1.00
2015-04-06,1004517.9796755507,2.072,XIV - 1.00
2015-04-07,1007962.3546755507,0.343,XIV - 1.00
2015-04-08,1027112.3846755505,1.90,XIV - 1.00
2015-04-09,1062375.1046755505,3.433,XIV - 1.00
2015-04-10,1109191.4046755505,4.407,XIV - 1.00
2015-04-13,1078635.3246755507,-2.755,XIV - 1.00
2015-04-14,1087446.8446755507,0.817,XIV - 1.00
2015-04-15,1110574.5646755507,2.127,XIV - 1.00
2015-04-16,1133422.804675551,2.057,XIV - 1.00
2015-04-17,1094892.0046755506,-3.40,XIV - 1.00
2015-04-20,1132060.2046755508,3.395,XIV - 1.00
2015-04-21,1131784.9746755508,-0.024,XIV - 1.00
2015-04-22,1144170.3246755507,1.094,XIV - 1.00
2015-04-23,1154352.7246755508,0.89,XIV - 1.00
2015-04-24,1165084.354675551,0.93,XIV - 1.00
2015-04-27,1132891.804675551,-2.763,XIV - 1.00
2015-04-28,1171699.2346755508,3.426,XIV - 1.00
2015-04-29,1140334.414675551,-2.677,XIV - 1.00
2015-04-30,1110061.314675551,-2.655,XIV - 1.00
2015-05-01,1162366.414675551,4.712,XIV - 1.00
2015-05-04,1158789.334675551,-0.308,XIV - 1.00
2015-05-05,1121641.384675551,-3.206,XIV - 1.00
2015-05-06,1103474.2246755508,-1.62,XIV - 1.00
2015-05-07,1109531.0446755507,0.549,XIV - 1.00
2015-05-08,1166791.3646755507,5.161,XIV - 0.55
2015-05-11,1151355.7046755508,-1.323,XIV - 1.00
2015-05-12,1154138.5046755509,0.242,XIV - 1.00
2015-05-13,1174173.9446755508,1.736,XIV - 0.55
2015-05-14,1187486.6846755506,1.134,XIV - 0.55
2015-05-15,1192641.0846755505,0.434,XIV - 1.00
2015-05-18,1231365.3246755502,3.247,XIV - 1.00
2015-05-19,1248662.6046755502,1.405,XIV - 1.00
2015-05-20,1246466.4446755503,-0.176,XIV - 1.00
2015-05-21,1280232.4046755503,2.709,XIV - 1.00
2015-05-22,1277762.3546755502,-0.193,XIV - 1.00
2015-05-26,1228910.2546755502,-3.823,XIV - 1.00
2015-05-27,1275038.0146755502,3.754,XIV - 1.00
2015-05-28,1260765.5746755502,-1.119,XIV - 1.00
2015-05-29,1253079.5746755502,-0.61,XIV - 1.00
2015-06-01,1264608.9946755501,0.92,XIV - 1.00
2015-06-02,1244296.7346755501,-1.606,XIV - 1.00
2015-06-03,1265710.0746755502,1.721,XIV - 1.00
2015-06-04,1223164.1246755505,-3.361,XIV - 1.00
2015-06-05,1243757.6246755505,1.684,XIV - 0.55
2015-06-08,1230621.4946755504,-1.056,XIV - 0.55
2015-06-09,1237172.5446755504,0.532,XIV - 0.55
2015-06-10,1266446.7846755504,2.366,XIV - 0.55
2015-06-11,1281326.7846755504,1.175,XIV - 0.55
2015-06-12,1271895.1046755505,-0.736,XIV - 0.55
2015-06-15,1242533.6846755506,-2.308,XIV - 0.55
2015-06-16,1254182.2446755506,0.937,XIV - 0.35
2015-06-17,1255806.2546755506,0.129,XIV - 0.55
2015-06-18,1275423.5046755506,1.562,XIV - 0.55
2015-06-19,1268918.1046755507,-0.51,XIV - 0.55
2015-06-22,1297576.6746755508,2.259,XIV - 0.55
2015-06-23,1315363.0546755507,1.371,XIV - 1.00
2015-06-24,1291773.1546755508,-1.793,XIV - 1.00
2015-06-25,1279451.6346755507,-0.954,XIV - 0.55
2015-06-26,1283633.4346755506,0.327,XIV - 0.55
2015-06-29,1213741.7487897505,-5.445,None - 0.55 XIV SL
2015-06-30,1213741.7487897505,0.00,GLD - 1.00
2015-07-01,1209571.4787897505,-0.344,GLD - 1.00
2015-07-02,1207219.0080967506,-0.194,GLD - 1.00
2015-07-06,1210426.8653247505,0.266,GLD - 1.00
2015-07-07,1196526.0080967506,-1.148,GLD - 1.00
2015-07-08,1200054.9639327505,0.295,GLD - 1.00
2015-07-09,1202942.3974027506,0.241,None - 0.00
2015-07-10,1202942.3974027506,0.00,GLD - 1.00
2015-07-13,1197601.8974027506,-0.444,GLD - 1.00
2015-07-14,1194931.3974027506,-0.223,None - 0.00
2015-07-15,1194931.3974027506,0.00,XIV - 0.55
2015-07-16,1239052.3974027506,3.692,None - 0.00
2015-07-17,1239052.3974027506,0.00,XIV - 1.00
2015-07-20,1242405.2274027506,0.271,XIV - 1.00
2015-07-21,1253237.4474027506,0.872,XIV - 0.55
2015-07-22,1256499.5374027507,0.26,XIV - 1.00
2015-07-23,1237199.7874027507,-1.536,XIV - 1.00
2015-07-24,1201425.3574027508,-2.892,XIV - 1.00
2015-07-27,1138352.5574027507,-5.25,XIV - 0.55
2015-07-28,1183686.9574027508,3.982,None - 0.00
2015-07-29,1183686.9574027508,0.00,XIV - 0.20
2015-07-30,1185260.7174027509,0.133,XIV - 1.00
2015-07-31,1186972.9874027509,0.144,XIV - 1.00
2015-08-03,1204584.1874027508,1.484,XIV - 1.00
2015-08-04,1199203.6474027508,-0.447,XIV - 1.00
2015-08-05,1207519.3674027508,0.693,XIV - 1.00
2015-08-06,1165455.0474027507,-3.484,XIV - 1.00
2015-08-07,1176464.2974027507,0.945,XIV - 0.20
2015-08-10,1185416.6574027506,0.761,XIV - 0.20
2015-08-11,1174830.8474027505,-0.893,XIV - 1.00
2015-08-12,1173845.4074027506,-0.084,GLD - 1.00
2015-08-13,1164246.7681877506,-0.818,GLD - 1.00
2015-08-14,1164138.8758297507,-0.009,None - 0.00
2015-08-17,1164138.8758297507,0.00,XIV - 0.65
2015-08-18,1155326.1058297507,-0.757,XIV - 1.00
2015-08-19,1132871.3858297504,-1.944,XIV - 0.65
2015-08-20,1073080.8858297504,-5.278,GLD - 1.00
2015-08-21,1079717.9477347503,0.619,None - 0.00
2015-08-24,1079717.9477347503,0.00,VXX - 1.00
2015-08-25,1175692.5077347502,8.889,VXX - 1.00
2015-08-26,1068003.5477347504,-9.16,VXX - 1.00
2015-08-27,1093859.7077347504,2.421,VXX - 1.00
2015-08-28,1143380.8277347502,4.527,VXX - 1.00
2015-08-31,1187610.7477347502,3.868,VXX - 1.00
2015-09-01,1358774.90773475,14.412,XIV - 1.00 VXX PT
2015-09-02,1507289.21773475,10.93,VXX - 1.00
2015-09-03,1499141.21773475,-0.541,VXX - 1.00
2015-09-04,1607781.21773475,7.247,VXX - 1.00
2015-09-08,1467759.45773475,-8.709,VXX - 1.00
2015-09-09,1500904.41773475,2.258,VXX - 1.00
2015-09-10,1468937.1009600002,-2.13,None - 1.00 VXX SL
2015-09-11,1468937.1009600002,0.00,GLD - 1.00
2015-09-14,1469758.9398660003,0.056,GLD - 1.00
2015-09-15,1465375.5935640002,-0.298,None - 0.00
2015-09-16,1465375.5935640002,0.00,VXX - 1.00
2015-09-17,1385987.7902724002,-5.418,GLD - 1.00 VXX SL
2015-09-18,1396112.5269924002,0.731,None - 0.00
2015-09-21,1396112.5269924002,0.00,GLD - 1.00
2015-09-22,1386688.6524624003,-0.675,None - 0.00
2015-09-23,1386688.6524624003,0.00,VXX - 1.00
2015-09-24,1423603.8524624004,2.662,VXX - 1.00
2015-09-25,1461085.4524624003,2.633,VXX - 1.00
2015-09-28,1561969.4524624003,6.905,VXX - 1.00
2015-09-29,1564849.4524624003,0.184,VXX - 1.00
2015-09-30,1492273.4524624003,-4.638,VXX - 1.00
2015-10-01,1475560.1724624003,-1.12,VXX - 1.00
2015-10-02,1453999.8581137503,-1.461,None - 1.00 VXX SL
2015-10-05,1453999.8581137503,0.00,None - 0.00
2015-10-06,1453999.8581137503,0.00,XIV - 0.45
2015-10-07,1468601.4281137504,1.004,None - 0.00
2015-10-08,1468601.4281137504,0.00,XIV - 0.45
2015-10-09,1467925.5581137505,-0.046,XIV - 0.45
2015-10-12,1509402.8381137506,2.826,XIV - 0.45
2015-10-13,1470822.1481137504,-2.556,XIV - 0.45
2015-10-14,1456626.9881137505,-0.965,XIV - 0.45
2015-10-15,1503613.5281137507,3.226,XIV - 0.45
2015-10-16,1508443.6281137508,0.321,XIV - 0.45
2015-10-19,1556115.8681137506,3.16,XIV - 1.00
2015-10-20,1499942.6681137509,-3.61,XIV - 1.00
2015-10-21,1396921.0681137508,-6.868,XIV - 1.00
2015-10-22,1510329.5281137507,8.118,XIV - 1.00
2015-10-23,1491598.3281137508,-1.24,XIV - 1.00
2015-10-26,1443827.6481137509,-3.203,XIV - 1.00
2015-10-27,1471468.558113751,1.914,XIV - 1.00
2015-10-28,1512687.758113751,2.801,XIV - 1.00
2015-10-29,1493488.278113751,-1.269,XIV - 1.00
2015-10-30,1471007.958113751,-1.505,XIV - 1.00
2015-11-02,1546421.9681137512,5.127,XIV - 1.00
2015-11-03,1514585.7281137512,-2.059,XIV - 1.00
2015-11-04,1467757.7281137512,-3.092,XIV - 1.00
2015-11-05,1495863.5281137514,1.915,XIV - 1.00
2015-11-06,1526773.9681137514,2.066,XIV - 1.00
2015-11-09,1445300.2081137514,-5.336,XIV - 1.00
2015-11-10,1481843.9881137514,2.528,XIV - 0.80
2015-11-11,1456738.4181137513,-1.694,XIV - 1.00
2015-11-12,1329227.4981137514,-8.753,XIV - 1.00
2015-11-13,1240212.2781137514,-6.697,XIV - 0.45
2015-11-16,1296628.2181137514,4.549,XIV - 0.45
2015-11-17,1263832.6181137513,-2.529,XIV - 0.80
2015-11-18,1334430.0381137512,5.586,XIV - 0.45
2015-11-19,1314744.2781137512,-1.475,XIV - 0.45
2015-11-20,1333759.638113751,1.446,XIV - 0.80
2015-11-23,1362594.638113751,2.162,XIV - 1.00
2015-11-24,1353066.308113751,-0.699,XIV - 1.00
2015-11-25,1373032.188113751,1.476,XIV - 1.00
2015-11-27,1358060.0881137508,-1.09,XIV - 1.00
2015-11-30,1368042.5881137508,0.735,XIV - 1.00
2015-12-01,1427026.188113751,4.312,XIV - 1.00
2015-12-02,1369881.4081137509,-4.004,XIV - 1.00
2015-12-03,1269155.5681137508,-7.353,XIV - 1.00
2015-12-04,1390394.9281137506,9.553,XIV - 0.80
2015-12-07,1362447.7781137505,-2.01,XIV - 1.00
2015-12-08,1320482.8981137504,-3.08,XIV - 1.00
2015-12-09,1266640.6781137504,-4.077,GLD - 1.00
2015-12-10,1265541.1969817504,-0.087,None - 0.00
2015-12-11,1265541.1969817504,0.00,XIV - 0.35
2015-12-14,1292294.5369817503,2.114,GLD - 1.00
2015-12-15,1288901.1267097504,-0.263,GLD - 1.00
2015-12-16,1304361.0344167503,1.199,None - 0.00
2015-12-17,1304361.0344167503,0.00,XIV - 1.00
2015-12-18,1200405.5544167503,-7.97,XIV - 0.80
2015-12-21,1242615.9844167503,3.516,XIV - 1.00
2015-12-22,1302243.4844167503,4.799,None - 0.00
2015-12-23,1302243.4844167503,0.00,XIV - 0.55
2015-12-24,1290158.8244167503,-0.928,XIV - 1.00
2015-12-28,1303157.4344167504,1.008,XIV - 0.55
2015-12-29,1314542.1144167504,0.874,XIV - 0.35
2015-12-30,1300825.9744167505,-1.043,XIV - 0.55
2015-12-31,1284466.3844167506,-1.258,GLD - 1.00
2016-01-04,1302388.5744167508,1.395,GLD - 1.00
2016-01-05,1306022.5769477508,0.279,GLD - 1.00
2016-01-06,1324693.7418857508,1.43,GLD - 1.00
2016-01-07,1343236.7120017507,1.40,None - 0.00
2016-01-08,1343236.7120017507,0.00,VXX - 1.00
2016-01-11,1299859.5920017508,-3.229,VXX - 1.00
2016-01-12,1240399.112001751,-4.574,GLD - 1.00
2016-01-13,1246408.465567751,0.484,None - 0.00
2016-01-14,1246408.465567751,0.00,GLD - 1.00
2016-01-15,1259104.145452751,1.019,None - 0.00
2016-01-19,1259104.145452751,0.00,VXX - 1.00
2016-01-20,1291810.0014527512,2.598,VXX - 1.00
2016-01-21,1286164.625452751,-0.437,VXX - 1.00
2016-01-22,1179322.385452751,-8.307,GLD - 1.00
2016-01-25,1191330.927690751,1.018,GLD - 1.00
2016-01-26,1204783.696572751,1.129,None - 0.00
2016-01-27,1204783.696572751,0.00,XIV - 0.55
2016-01-28,1226615.1365727512,1.812,GLD - 1.00
2016-01-29,1231288.2709807511,0.381,GLD - 1.00
2016-02-01,1243825.0393627514,1.018,GLD - 1.00
2016-02-02,1244280.7995907513,0.037,GLD - 1.00
2016-02-03,1257500.2051747513,1.062,GLD - 1.00
2016-02-04,1272541.6051747513,1.196,GLD - 1.00
2016-02-05,1292479.3551747513,1.567,GLD - 1.00
2016-02-08,1309681.2979587512,1.331,GLD - 1.00
2016-02-09,1306833.7979587512,-0.217,None - 0.00
2016-02-10,1306833.7979587512,0.00,VXX - 1.00
2016-02-11,1385630.5979587513,6.03,GLD - 1.00
2016-02-12,1377565.9325217514,-0.582,None - 0.00
2016-02-16,1377565.9325217514,0.00,XIV - 0.35
2016-02-17,1395335.6325217513,1.29,XIV - 1.00
2016-02-18,1401437.7925217515,0.437,XIV - 1.00
2016-02-19,1436523.3725217513,2.504,XIV - 1.00
2016-02-22,1515828.5725217515,5.521,XIV - 1.00
2016-02-23,1440376.7125217514,-4.978,XIV - 1.00
2016-02-24,1445714.5625217513,0.371,XIV - 1.00
2016-02-25,1496803.4025217514,3.534,XIV - 1.00
2016-02-26,1479271.4225217511,-1.171,XIV - 1.00
2016-02-29,1451064.472521751,-1.907,XIV - 1.00
2016-03-01,1581451.972521751,8.986,XIV - 1.00
2016-03-02,1604307.772521751,1.445,XIV - 1.00
2016-03-03,1655345.022521751,3.181,XIV - 1.00
2016-03-04,1635545.502521751,-1.196,XIV - 1.00
2016-03-07,1629452.6225217509,-0.373,XIV - 1.00
2016-03-08,1566236.502521751,-3.88,XIV - 1.00
2016-03-09,1586809.1525217511,1.314,XIV - 1.00
2016-03-10,1614235.752521751,1.728,XIV - 1.00
2016-03-11,1698786.672521751,5.238,XIV - 1.00
2016-03-14,1724671.8925217509,1.524,XIV - 1.00
2016-03-15,1698790.412521751,-1.501,XIV - 1.00
2016-03-16,1760458.9525217507,3.63,XIV - 1.00
2016-03-17,1816778.1325217509,3.199,XIV - 1.00
2016-03-18,1822103.942521751,0.293,XIV - 1.00
2016-03-21,1877643.072521751,3.048,XIV - 1.00
2016-03-22,1901221.052521751,1.256,XIV - 1.00
2016-03-23,1813005.372521751,-4.64,XIV - 1.00
2016-03-24,1820613.9725217512,0.42,XIV - 1.00
2016-03-28,1848764.6825217512,1.546,XIV - 1.00
2016-03-29,1952221.2425217512,5.596,XIV - 1.00
2016-03-30,2002401.042521751,2.57,XIV - 1.00
2016-03-31,1987198.842521751,-0.759,XIV - 1.00
2016-04-01,2042691.252521751,2.792,XIV - 1.00
2016-04-04,1989494.052521751,-2.604,XIV - 1.00
2016-04-05,1876230.2125217512,-5.693,XIV - 1.00
2016-04-06,2000973.5325217508,6.649,XIV - 1.00
2016-04-07,1802878.374108251,-9.90,XIV - 1.00 XIV SL
2016-04-08,1847442.844108251,2.472,XIV - 1.00
2016-04-11,1819502.6641082512,-1.512,XIV - 1.00
2016-04-12,1880678.724108251,3.362,XIV - 1.00
2016-04-13,1974299.964108251,4.978,XIV - 1.00
2016-04-14,1978827.8641082512,0.229,XIV - 1.00
2016-04-15,2004485.2841082513,1.297,XIV - 1.00
2016-04-18,2132002.544108251,6.362,XIV - 1.00
2016-04-19,2111642.384108251,-0.955,XIV - 1.00
2016-04-20,2100330.134108251,-0.536,XIV - 1.00
2016-04-21,2062620.634108251,-1.795,XIV - 1.00
2016-04-22,2113160.744108251,2.45,XIV - 1.00
2016-04-25,2082994.744108251,-1.428,XIV - 1.00
2016-04-26,2134284.424108251,2.462,XIV - 1.00
2016-04-27,2193856.744108251,2.791,XIV - 1.00
2016-04-28,2063437.234108251,-5.945,XIV - 1.00
2016-04-29,1995545.7341082513,-3.29,XIV - 1.00
2016-05-02,2123829.434108251,6.429,XIV - 1.00
2016-05-03,2022773.334108251,-4.758,XIV - 1.00
2016-05-04,1997119.314108251,-1.268,XIV - 1.00
2016-05-05,2000892.464108251,0.189,XIV - 1.00
2016-05-06,2089937.624108251,4.45,XIV - 1.00
2016-05-09,2137457.8941082507,2.274,XIV - 1.00
2016-05-10,2243034.694108251,4.939,XIV - 1.00
2016-05-11,2163136.134108251,-3.562,XIV - 1.00
2016-05-12,2184249.534108251,0.976,XIV - 1.00
2016-05-13,2107344.594108251,-3.521,XIV - 1.00
2016-05-16,2203134.344108251,4.546,XIV - 1.00
2016-05-17,2108140.424108251,-4.312,XIV - 1.00
2016-05-18,2113420.244108251,0.25,XIV - 1.00
2016-05-19,2107386.3241082514,-0.286,XIV - 1.00
2016-05-20,2180550.514108251,3.472,XIV - 1.00
2016-05-23,2191860.664108251,0.519,XIV - 1.00
2016-05-24,2282337.064108251,4.128,XIV - 1.00
2016-05-25,2321527.904108251,1.717,XIV - 1.00
2016-05-26,2347148.264108251,1.104,XIV - 1.00
2016-05-27,2411192.364108251,2.729,XIV - 1.00
2016-05-31,2415711.864108251,0.187,XIV - 1.00
2016-06-01,2430776.6641082508,0.624,XIV - 1.00
2016-06-02,2496304.194108251,2.696,XIV - 1.00
2016-06-03,2509858.014108251,0.543,XIV - 1.00
2016-06-06,2541481.9141082508,1.26,XIV - 1.00
2016-06-07,2542234.7741082506,0.03,XIV - 1.00
2016-06-08,2521907.5541082504,-0.80,XIV - 1.00
2016-06-09,2476732.3541082507,-1.791,XIV - 1.00
2016-06-10,2253073.5341082504,-9.03,XIV - 1.00
2016-06-13,2030021.1551082504,-9.90,None - 0.55 XIV SL
2016-06-14,2030021.1551082504,0.00,GLD - 1.00
2016-06-15,2044916.9942152505,0.734,GLD - 1.00
2016-06-16,2023638.5451112504,-1.041,GLD - 1.00
2016-06-17,2049339.4451112503,1.27,GLD - 1.00
2016-06-20,2037227.1578472503,-0.591,GLD - 1.00
2016-06-21,1998432.5787402503,-1.904,GLD - 1.00
2016-06-22,1999414.9969722503,0.049,GLD - 1.00
2016-06-23,1986481.1006002503,-0.647,GLD - 1.00
2016-06-24,2082918.0542272504,4.855,None - 0.00
2016-06-27,2082918.0542272504,0.00,GLD - 1.00
2016-06-28,2060781.3342272502,-1.063,GLD - 1.00
2016-06-29,2069246.3491112504,0.411,None - 0.00
2016-06-30,2069246.3491112504,0.00,XIV - 0.55
2016-07-01,2112078.049111251,2.07,XIV - 0.55
2016-07-05,2092571.0891112508,-0.924,XIV - 1.00
2016-07-06,2142127.4891112507,2.368,XIV - 0.55
2016-07-07,2160443.0091112508,0.855,XIV - 1.00
2016-07-08,2304000.0091112508,6.645,XIV - 1.00
2016-07-11,2296746.0991112506,-0.315,XIV - 1.00
2016-07-12,2351554.779111251,2.386,XIV - 1.00
2016-07-13,2391039.959111251,1.679,XIV - 1.00
2016-07-14,2391845.6491112513,0.034,XIV - 1.00
2016-07-15,2398291.169111251,0.269,XIV - 1.00
2016-07-18,2447436.4291112507,2.049,XIV - 1.00
2016-07-19,2443408.9291112507,-0.165,XIV - 1.00
2016-07-20,2514293.8091112506,2.901,XIV - 1.00
2016-07-21,2441818.609111251,-2.883,XIV - 1.00
2016-07-22,2500622.2991112503,2.408,XIV - 1.00
2016-07-25,2513507.7391112507,0.515,XIV - 1.00
2016-07-26,2536861.149111251,0.929,XIV - 1.00
2016-07-27,2594031.7691112505,2.254,XIV - 1.00
2016-07-28,2640724.0891112504,1.80,XIV - 1.00
2016-07-29,2738116.9891112503,3.688,XIV - 1.00
2016-08-01,2782370.5391112505,1.616,XIV - 1.00
2016-08-02,2675374.69911125,-3.845,XIV - 1.00
2016-08-03,2734929.8991112504,2.226,XIV - 1.00
2016-08-04,2809760.4891112507,2.736,XIV - 1.00
2016-08-05,2906289.689111251,3.435,XIV - 1.00
2016-08-08,2975445.729111251,2.38,XIV - 1.00
2016-08-09,3022074.829111251,1.567,XIV - 1.00
2016-08-10,2951338.6691112514,-2.341,XIV - 1.00
2016-08-11,2965811.0291112512,0.49,XIV - 1.00
2016-08-12,2992342.369111251,0.895,XIV - 1.00
2016-08-15,3040576.969111251,1.612,XIV - 1.00
2016-08-16,2937693.1291112513,-3.384,XIV - 1.00
2016-08-17,3018099.1291112513,2.737,XIV - 1.00
2016-08-18,3048645.429111251,1.012,XIV - 1.00
2016-08-19,3048645.429111251,0.00,XIV - 1.00
2016-08-22,3039803.9591112514,-0.29,XIV - 1.00
2016-08-23,3051057.0191112515,0.37,XIV - 1.00
2016-08-24,2985952.4591112514,-2.134,XIV - 1.00
2016-08-25,2973893.359111251,-0.404,XIV - 1.00
2016-08-26,2969069.5391112515,-0.162,XIV - 1.00
2016-08-29,3028564.059111251,2.004,XIV - 1.00
2016-08-30,3051071.0191112515,0.743,XIV - 1.00
2016-08-31,3039818.3791112513,-0.369,XIV - 1.00
2016-09-01,3051875.229111252,0.397,XIV - 1.00
2016-09-02,3132251.229111252,2.634,XIV - 1.00
2016-09-06,3244748.229111252,3.592,XIV - 1.00
2016-09-07,3283305.189111252,1.188,XIV - 1.00
2016-09-08,3276076.569111252,-0.22,XIV - 1.00
2016-09-09,2951748.519398352,-9.90,None - 1.00 XIV SL
2016-09-12,2951748.519398352,0.00,GLD - 1.00
2016-09-13,2932358.051734352,-0.657,GLD - 1.00
2016-09-14,2942284.6017343523,0.339,GLD - 1.00
2016-09-15,2923586.630986352,-0.635,GLD - 1.00
2016-09-16,2916429.8555563516,-0.245,GLD - 1.00
2016-09-19,2922432.5217303517,0.206,GLD - 1.00
2016-09-20,2925202.887902352,0.095,GLD - 1.00
2016-09-21,2967450.1524723517,1.444,None - 0.00
2016-09-22,2967450.1524723517,0.00,XIV - 0.55
2016-09-23,2952750.1524723517,-0.495,XIV - 1.00
2016-09-26,2787879.552472352,-5.584,XIV - 1.00
2016-09-27,2932899.252472352,5.202,None - 0.00
2016-09-28,2932899.252472352,0.00,XIV - 0.20
2016-09-29,2897343.752472352,-1.212,XIV - 0.55
2016-09-30,2959956.302472352,2.161,XIV - 0.55
2016-10-03,2975444.9424723517,0.523,XIV - 0.55
2016-10-04,2974588.2024723515,-0.029,XIV - 0.20
2016-10-05,2980664.792472352,0.204,None - 0.00
2016-10-06,2980664.792472352,0.00,XIV - 0.55
2016-10-07,2976027.7424723515,-0.156,XIV - 0.55
2016-10-10,3009795.7424723515,1.135,XIV - 0.20
2016-10-11,2977254.902472351,-1.081,XIV - 0.55
2016-10-12,2973754.5824723514,-0.118,GLD - 1.00
2016-10-13,2980884.5470583513,0.24,GLD - 1.00
2016-10-14,2964411.9762303513,-0.553,GLD - 1.00
2016-10-17,2972279.7916433513,0.265,GLD - 1.00
2016-10-18,2990473.3824713514,0.612,GLD - 1.00
2016-10-19,3007437.106226351,0.567,None - 0.00
2016-10-20,3007437.106226351,0.00,XIV - 0.55
2016-10-21,3040362.726226351,1.095,XIV - 1.00
2016-10-24,3148503.846226352,3.557,XIV - 1.00
2016-10-25,3116973.6062263516,-1.001,XIV - 1.00
2016-10-26,3035136.4062263514,-2.626,XIV - 1.00
2016-10-27,2985570.4062263514,-1.633,XIV - 1.00
2016-10-28,2857878.306226351,-4.277,GLD - 1.00
2016-10-31,2866255.8662263514,0.293,GLD - 1.00
2016-11-01,2884639.189496351,0.641,GLD - 1.00
2016-11-02,2905812.9764243513,0.734,GLD - 1.00
2016-11-03,2921169.2894923515,0.528,GLD - 1.00
2016-11-04,2923263.0464323517,0.072,GLD - 1.00
2016-11-07,2871149.5162273515,-1.783,GLD - 1.00
2016-11-08,2859281.7464173515,-0.413,GLD - 1.00
2016-11-09,2857420.0431463514,-0.065,GLD - 1.00
2016-11-10,2815299.5796883516,-1.474,GLD - 1.00
2016-11-11,2753623.4331403514,-2.191,None - 0.00
2016-11-14,2753623.4331403514,0.00,XIV - 1.00
2016-11-15,2870783.2731403513,4.255,XIV - 1.00
2016-11-16,2848476.3931403514,-0.777,XIV - 1.00
2016-11-17,2935620.1431403514,3.059,XIV - 1.00
2016-11-18,2945377.3031403515,0.332,XIV - 1.00
2016-11-21,3077792.1031403514,4.496,XIV - 1.00
2016-11-22,3056893.803140351,-0.679,XIV - 1.00
2016-11-23,3054107.163140351,-0.091,XIV - 1.00
2016-11-25,3071523.913140351,0.57,XIV - 1.00
2016-11-28,3047838.4931403515,-0.771,XIV - 1.00
2016-11-29,3071525.613140351,0.777,XIV - 1.00
2016-11-30,3062469.4231403517,-0.295,XIV - 1.00
2016-12-01,2949612.1231403514,-3.685,XIV - 1.00
2016-12-02,2946127.5231403518,-0.118,XIV - 1.00
2016-12-05,3146843.363140351,6.813,XIV - 1.00
2016-12-06,3239475.203140352,2.944,XIV - 1.00
2016-12-07,3231816.123140352,-0.236,XIV - 1.00
2016-12-08,3214408.873140352,-0.539,XIV - 1.00
2016-12-09,3261759.313140352,1.473,XIV - 1.00
2016-12-12,3226947.813140352,-1.067,XIV - 1.00
2016-12-13,3196310.173140351,-0.949,XIV - 1.00
2016-12-14,3211630.3131403513,0.479,XIV - 1.00
2016-12-15,3254803.3931403514,1.344,XIV - 1.00
2016-12-16,3302844.6431403514,1.476,XIV - 1.00
2016-12-19,3412834.763140351,3.33,XIV - 1.00
2016-12-20,3481034.9231403517,1.998,XIV - 1.00
2016-12-21,3537393.103140352,1.619,XIV - 1.00
2016-12-22,3474782.8031403515,-1.77,XIV - 1.00
2016-12-23,3485219.653140352,0.30,XIV - 1.00
2016-12-27,3543664.333140352,1.677,XIV - 1.00
2016-12-28,3410097.6131403516,-3.769,XIV - 1.00
2016-12-29,3358598.7931403522,-1.51,XIV - 1.00
2016-12-30,3287602.713140352,-2.114,XIV - 0.65
2017-01-03,3447794.7931403522,4.873,XIV - 0.65
2017-01-04,3561175.483140352,3.288,XIV - 1.00
2017-01-05,3569845.963140352,0.243,XIV - 1.00
2017-01-06,3615197.883140352,1.27,XIV - 1.00
2017-01-09,3620532.763140352,0.148,XIV - 1.00
2017-01-10,3648540.463140352,0.774,XIV - 1.00
2017-01-11,3726554.8931403523,2.138,XIV - 1.00
2017-01-12,3728554.843140352,0.054,XIV - 1.00
2017-01-13,3722554.9931403524,-0.161,XIV - 1.00
2017-01-17,3731221.573140352,0.233,XIV - 1.00
2017-01-18,3740554.673140352,0.25,XIV - 1.00
2017-01-19,3710556.3231403525,-0.802,XIV - 1.00
2017-01-20,3853892.523140352,3.863,XIV - 1.00
2017-01-23,3885214.733140352,0.813,XIV - 1.00
2017-01-24,4067136.4731403524,4.682,XIV - 1.00
2017-01-25,4165050.2331403526,2.407,XIV - 1.00
2017-01-26,4138413.433140353,-0.64,XIV - 1.00
2017-01-27,4192356.193140352,1.303,XIV - 1.00
2017-01-30,4063175.473140352,-3.081,XIV - 1.00
2017-01-31,4087154.7131403517,0.59,XIV - 1.00
2017-02-01,4165748.6131403516,1.923,XIV - 1.00
2017-02-02,4121131.9731403515,-1.071,XIV - 1.00
2017-02-03,4216369.9731403515,2.311,XIV - 0.55
2017-02-06,4211243.033140352,-0.122,XIV - 1.00
2017-02-07,4181249.6331403526,-0.712,XIV - 1.00
2017-02-08,4197913.883140353,0.399,XIV - 0.55
2017-02-09,4249604.483140353,1.231,XIV - 0.55
2017-02-10,4281539.683140353,0.751,XIV - 1.00
2017-02-13,4416622.123140353,3.155,XIV - 1.00
2017-02-14,4620495.063140353,4.616,XIV - 1.00
2017-02-15,4446856.463140353,-3.758,XIV - 1.00
2017-02-16,4413425.963140353,-0.752,XIV - 0.55
2017-02-17,4409459.913140353,-0.09,XIV - 0.55
2017-02-21,4384924.153140353,-0.556,XIV - 0.55
2017-02-22,4379848.873140353,-0.116,XIV - 0.55
2017-02-23,4313443.663140353,-1.516,GLD - 1.00
2017-02-24,4340729.763625353,0.633,GLD - 1.00
2017-02-27,4319907.979025353,-0.48,GLD - 1.00
2017-02-28,4323857.1990253525,0.091,GLD - 1.00
2017-03-01,4317753.6795153525,-0.141,GLD - 1.00
2017-03-02,4264618.863123353,-1.231,GLD - 1.00
2017-03-03,4262105.373123352,-0.059,None - 0.00
2017-03-06,4262105.373123352,0.00,XIV - 0.55
2017-03-07,4262448.163123352,0.008,XIV - 0.55
2017-03-08,4245309.663123352,-0.402,XIV - 0.55
2017-03-09,4257003.283123353,0.275,GLD - 1.00
2017-03-10,4266207.283123353,0.216,None - 0.00
2017-03-13,4266207.283123353,0.00,XIV - 0.55
2017-03-14,4218747.013123352,-1.112,XIV - 0.35
2017-03-15,4276100.503123352,1.359,None - 0.00
2017-03-16,4276100.503123352,0.00,XIV - 0.55
2017-03-17,4305905.143123352,0.697,XIV - 0.55
2017-03-20,4300169.6231233515,-0.133,XIV - 0.55
2017-03-21,4212447.3731233515,-2.04,XIV - 0.55
2017-03-22,4200110.673123351,-0.293,GLD - 1.00
2017-03-23,4194511.813155352,-0.133,GLD - 1.00
2017-03-24,4201160.398131352,0.159,GLD - 1.00
2017-03-27,4224604.298149352,0.558,GLD - 1.00
2017-03-28,4207459.2681293525,-0.406,GLD - 1.00
2017-03-29,4217606.693120353,0.241,GLD - 1.00
2017-03-30,4187515.258130353,-0.713,GLD - 1.00
2017-03-31,4196263.508130353,0.209,GLD - 1.00
2017-04-03,4218308.363154354,0.525,GLD - 1.00
2017-04-04,4227755.838104354,0.224,GLD - 1.00
2017-04-05,4227755.838104354,0.00,GLD - 1.00
2017-04-06,4212360.573137354,-0.364,GLD - 1.00
2017-04-07,4222158.018146354,0.233,GLD - 1.00
2017-04-10,4222158.018146354,0.00,GLD - 1.00
2017-04-11,4282690.823116355,1.434,GLD - 1.00
2017-04-12,4311728.198191355,0.678,GLD - 1.00
2017-04-13,4332017.793173355,0.471,GLD - 1.00
2017-04-17,4319424.633173355,-0.291,GLD - 1.00
2017-04-18,4339714.263137355,0.47,GLD - 1.00
2017-04-19,4301586.168077355,-0.879,GLD - 1.00
2017-04-20,4309632.118145355,0.187,GLD - 1.00
2017-04-21,4321876.133162355,0.284,GLD - 1.00
2017-04-24,4292841.248072355,-0.672,None - 0.00
2017-04-25,4292841.248072355,0.00,XIV - 1.00
2017-04-26,4254891.108072355,-0.884,XIV - 1.00
2017-04-27,4296243.418072356,0.972,XIV - 1.00
2017-04-28,4296243.418072356,0.00,XIV - 1.00
2017-05-01,4463337.318072356,3.889,XIV - 1.00
2017-05-02,4444652.388072355,-0.419,XIV - 1.00
2017-05-03,4358585.428072355,-1.936,XIV - 1.00
2017-05-04,4467322.708072355,2.495,XIV - 1.00
2017-05-05,4440145.108072354,-0.608,XIV - 1.00
2017-05-08,4545465.748072354,2.372,XIV - 1.00
2017-05-09,4566411.818072354,0.461,XIV - 1.00
2017-05-10,4551693.738072354,-0.322,XIV - 1.00
2017-05-11,4564147.938072354,0.274,XIV - 1.00
2017-05-12,4565846.178072354,0.037,XIV - 1.00
2017-05-15,4659815.458072354,2.058,XIV - 1.00
2017-05-16,4710185.8980723545,1.081,XIV - 1.00
2017-05-17,4243884.399934354,-9.90,None - 1.00 XIV SL
2017-05-18,4243884.399934354,0.00,GLD - 1.00
2017-05-19,4264748.121382355,0.492,None - 0.00
2017-05-22,4264748.121382355,0.00,XIV - 1.00
2017-05-23,4270238.421382355,0.129,XIV - 1.00
2017-05-24,4377299.271382355,2.507,XIV - 1.00
2017-05-25,4333936.961382356,-0.991,XIV - 1.00
2017-05-26,4409692.061382356,1.748,XIV - 1.00
2017-05-30,4434939.161382356,0.573,XIV - 1.00
2017-05-31,4397070.581382356,-0.854,XIV - 1.00
2017-06-01,4507942.321382356,2.521,XIV - 1.00
2017-06-02,4492577.8813823555,-0.341,XIV - 1.00
2017-06-05,4473371.6313823555,-0.428,XIV - 1.00
2017-06-06,4376788.111382355,-2.159,XIV - 1.00
2017-06-07,4420700.111382355,1.003,XIV - 1.00
2017-06-08,4518393.631382355,2.21,XIV - 1.00
2017-06-09,4454742.111382355,-1.409,XIV - 1.00
2017-06-12,4404252.511382355,-1.133,XIV - 1.00
2017-06-13,4558482.1713823555,3.502,XIV - 1.00
2017-06-14,4578234.651382355,0.433,XIV - 1.00
2017-06-15,4524466.951382355,-1.174,XIV - 1.00
2017-06-16,4568364.551382355,0.97,XIV - 1.00
2017-06-19,4703334.911382355,2.954,XIV - 1.00
2017-06-20,4583759.731382355,-2.542,XIV - 1.00
2017-06-21,4624908.481382355,0.898,XIV - 1.00
2017-06-22,4671539.481382356,1.008,XIV - 1.00
2017-06-23,4720359.541382356,1.045,XIV - 1.00
2017-06-26,4820733.211382356,2.126,XIV - 1.00
2017-06-27,4659512.431382355,-3.344,XIV - 1.00
2017-06-28,4790069.711382356,2.802,None - 0.00
2017-06-29,4790069.711382356,0.00,XIV - 1.00
2017-06-30,4864516.901382355,1.554,GLD - 1.00
2017-07-03,4785763.210577355,-1.619,GLD - 1.00
2017-07-05,4803312.411389355,0.367,GLD - 1.00
2017-07-06,4801272.074629354,-0.042,GLD - 1.00
2017-07-07,4752706.9030073555,-1.012,GLD - 1.00
2017-07-10,4760461.834637356,0.163,GLD - 1.00
2017-07-11,4766584.016265356,0.129,GLD - 1.00
2017-07-12,4783317.5930093555,0.351,GLD - 1.00
2017-07-13,4774747.113821356,-0.179,None - 0.00
2017-07-14,4774747.113821356,0.00,XIV - 0.35
2017-07-17,4818457.913821355,0.915,XIV - 0.55
2017-07-18,4848021.593821356,0.614,XIV - 0.55
2017-07-19,4879165.553821356,0.642,XIV - 0.55
2017-07-20,4903546.103821356,0.50,XIV - 1.00
2017-07-21,4944056.183821356,0.826,XIV - 1.00
2017-07-24,5031821.263821356,1.775,XIV - 0.55
2017-07-25,5020398.463821356,-0.227,XIV - 0.55
2017-07-26,5015820.543821356,-0.091,XIV - 0.35
2017-07-27,5004159.103821356,-0.232,GLD - 1.00
2017-07-28,5041379.545177355,0.744,GLD - 1.00
2017-07-31,5043860.642471355,0.049,GLD - 1.00
2017-08-01,5039725.425177355,-0.082,GLD - 1.00
2017-08-02,5029387.175177355,-0.205,GLD - 1.00
2017-08-03,5037244.187053355,0.156,GLD - 1.00
2017-08-04,4998372.615171355,-0.772,GLD - 1.00
2017-08-07,4992582.635171356,-0.116,GLD - 1.00
2017-08-08,5007057.5438143555,0.29,GLD - 1.00
2017-08-09,5067023.619746355,1.198,GLD - 1.00
2017-08-10,5104239.561097356,0.734,GLD - 1.00
2017-08-11,5128221.4837933555,0.47,GLD - 1.00
2017-08-14,5092250.339755355,-0.701,GLD - 1.00
2017-08-15,5053382.4865003545,-0.763,GLD - 1.00
2017-08-16,5090185.766500354,0.728,GLD - 1.00
2017-08-17,5115821.939755354,0.504,GLD - 1.00
2017-08-18,5107966.216490354,-0.154,GLD - 1.00
2017-08-21,5126986.2551423535,0.372,GLD - 1.00
2017-08-22,5104245.831104353,-0.444,GLD - 1.00
2017-08-23,5123265.869756353,0.373,GLD - 1.00
2017-08-24,5107554.513794353,-0.307,GLD - 1.00
2017-08-25,5126160.989750354,0.364,GLD - 1.00
2017-08-28,5206785.855134354,1.573,GLD - 1.00
2017-08-29,5195623.889774353,-0.214,GLD - 1.00
2017-08-30,5193143.553797353,-0.048,GLD - 1.00
2017-08-31,5253501.372456353,1.162,GLD - 1.00
2017-09-01,5263421.929784353,0.189,None - 0.00
2017-09-05,5263421.929784353,0.00,XIV - 0.80
2017-09-06,5360841.289784353,1.851,GLD - 1.00
2017-09-07,5416084.902741354,1.031,GLD - 1.00
2017-09-08,5409389.215353353,-0.124,GLD - 1.00
2017-09-11,5334899.817201354,-1.377,None - 0.00
2017-09-12,5334899.817201354,0.00,XIV - 1.00
2017-09-13,5507733.577201353,3.24,XIV - 1.00
2017-09-14,5422869.907201353,-1.541,XIV - 1.00
2017-09-15,5526064.687201354,1.903,XIV - 1.00
2017-09-18,5756837.467201353,4.176,XIV - 1.00
2017-09-19,5769042.667201353,0.212,XIV - 1.00
2017-09-20,5755006.917201353,-0.243,XIV - 1.00
2017-09-21,5755617.177201353,0.011,XIV - 1.00
2017-09-22,5722663.137201353,-0.573,XIV - 1.00
2017-09-25,5714118.937201354,-0.149,XIV - 1.00
2017-09-26,5781863.347201354,1.186,XIV - 1.00
2017-09-27,5817866.917201354,0.623,XIV - 1.00
2017-09-28,5902074.517201354,1.447,XIV - 1.00
2017-09-29,6010063.9872013545,1.83,XIV - 1.00
2017-10-02,6132063.9872013545,2.03,XIV - 1.00
2017-10-03,6147920.607201354,0.259,XIV - 1.00
2017-10-04,6135723.407201353,-0.198,XIV - 1.00
2017-10-05,6326612.717201355,3.111,XIV - 1.00
2017-10-06,6328441.787201355,0.029,XIV - 1.00
2017-10-09,6208944.690105354,-1.888,XIV - 1.00
2017-10-10,6346149.690105354,2.21,XIV - 1.00
2017-10-11,6469912.639138354,1.95,XIV - 1.00
2017-10-12,6518067.150093354,0.744,XIV - 1.00
2017-10-13,6638140.193436354,1.842,XIV - 1.00
2017-10-16,6750268.197192355,1.689,XIV - 1.00
2017-10-17,6741128.786263355,-0.135,XIV - 1.00
2017-10-18,6764891.425333355,0.353,XIV - 1.00
2017-10-19,6819117.345333354,0.802,XIV - 1.00
2017-10-20,6933043.477179355,1.671,XIV - 1.00
2017-10-23,6721066.054440354,-3.057,XIV - 1.00
2017-10-24,6639417.418168354,-1.215,XIV - 1.00
2017-10-25,5982118.572074355,-9.90,XIV - 1.00 XIV SL
2017-10-26,6000847.505582355,0.313,XIV - 1.00
2017-10-27,6340224.692590355,5.655,XIV - 1.00
2017-10-30,6291444.575869354,-0.769,XIV - 1.00
2017-10-31,6404896.575869354,1.803,XIV - 1.00
2017-11-01,6365763.112439354,-0.611,XIV - 1.00
2017-11-02,6433258.835877355,1.06,XIV - 1.00
2017-11-03,6442899.932451354,0.15,XIV - 1.00
2017-11-06,6508118.8458753545,1.012,XIV - 1.00
2017-11-07,6476363.202345354,-0.488,XIV - 1.00
2017-11-08,6462185.952345354,-0.219,XIV - 1.00
2017-11-09,6381657.809055354,-1.246,XIV - 1.00
2017-11-10,6236459.899209354,-2.275,XIV - 1.00
2017-11-13,6221142.302285354,-0.246,XIV - 1.00
2017-11-14,6171785.689213355,-0.793,XIV - 0.55
2017-11-15,6041036.676803354,-2.118,XIV - 0.55
2017-11-16,6181191.013927354,2.32,None - 0.00
2017-11-17,6181191.013927354,0.00,XIV - 0.55
2017-11-20,6285196.183247354,1.683,XIV - 0.55
2017-11-21,6412595.205074354,2.027,XIV - 1.00
2017-11-22,6473210.454469355,0.945,XIV - 1.00
2017-11-24,6493233.536817354,0.309,XIV - 1.00
2017-11-27,6513796.694475354,0.317,XIV - 1.00
2017-11-28,6600918.678588353,1.337,XIV - 1.00
2017-11-29,6455917.224483353,-2.197,XIV - 1.00
2017-11-30,6444011.210365353,-0.184,XIV - 1.00
2017-12-01,5806056.454601053,-9.90,XIV - 0.55 XIV SL
2017-12-04,5840903.069913054,0.60,XIV - 0.55
2017-12-05,5855212.839837054,0.245,GLD - 1.00
2017-12-06,5843168.589837054,-0.206,GLD - 1.00
2017-12-07,5767047.253481054,-1.303,None - 0.00
2017-12-08,5767047.253481054,0.00,XIV - 0.55
2017-12-11,5877428.655731054,1.914,XIV - 0.55
2017-12-12,5867685.500857053,-0.166,XIV - 1.00
2017-12-13,5890428.364737053,0.388,XIV - 0.55
2017-12-14,5913943.0795290535,0.399,XIV - 1.00
2017-12-15,6073062.362859053,2.691,XIV - 0.55
2017-12-18,6137371.467785053,1.059,XIV - 1.00
2017-12-19,6118052.543296053,-0.315,XIV - 1.00
2017-12-20,6117603.487936053,-0.007,XIV - 0.55
2017-12-21,6149479.214966053,0.521,XIV - 0.55
2017-12-22,6129550.048778053,-0.324,XIV - 0.55
2017-12-26,6130043.567462053,0.008,XIV - 0.55
2017-12-27,6098713.838786053,-0.511,XIV - 0.55
2017-12-28,6166600.202666052,1.113,XIV - 0.55
2017-12-29,6109398.653566051,-0.928,XIV - 0.55
2018-01-02,6214556.403566051,1.721,XIV - 0.55
2018-01-03,6295801.792362051,1.307,XIV - 0.55
2018-01-04,6298939.360992051,0.05,XIV - 0.55
2018-01-05,6301593.355119051,0.042,XIV - 1.00
2018-01-08,6380528.886678051,1.253,XIV - 1.00
2018-01-09,6312127.65437205,-1.072,XIV - 0.55
2018-01-10,6352404.666136051,0.638,XIV - 0.55
2018-01-11,6372317.244118051,0.313,XIV - 0.55
2018-01-12,6366334.994118051,-0.094,XIV - 0.55
2018-01-16,6198945.344383051,-2.629,XIV - 0.55
2018-01-17,6271713.338884051,1.174,GLD - 1.00
2018-01-18,6257930.99733005,-0.22,GLD - 1.00
2018-01-19,6285496.28965805,0.44,GLD - 1.00
2018-01-22,6296817.31654205,0.18,GLD - 1.00
2018-01-23,6327826.39887905,0.492,GLD - 1.00
2018-01-24,6404114.44653305,1.206,GLD - 1.00
2018-01-25,6361792.07732105,-0.661,GLD - 1.00
2018-01-26,6366713.97261705,0.077,GLD - 1.00
2018-01-29,6331278.72968205,-0.557,GLD - 1.00
2018-01-30,6304209.07577205,-0.428,GLD - 1.00
2018-01-31,6346046.026552049,0.664,GLD - 1.00
2018-02-01,6366717.412637049,0.326,GLD - 1.00
2018-02-02,6284035.81891705,-1.299,GLD - 1.00
2018-02-05,6299786.85891705,0.251,None - 0.00
2018-02-06,6299786.85891705,0.00,VXX - 1.00
2018-02-07,6243571.447970049,-0.892,VXX - 1.00 VXX SL
2018-02-08,7723319.335336049,23.70,XIV - 1.00 VXX PT
2018-02-09,8143104.29533605,5.435,VXX - 1.00
2018-02-12,7807941.73760805,-4.116,VXX - 1.00
2018-02-13,7812777.75640205,0.062,VXX - 1.00
2018-02-14,7367851.650112551,-5.695,None - 1.00 VXX SL
2018-02-15,7367851.650112551,0.00,GLD - 1.00
 Avg.profit = 93.179%, max DD = 26.649% (2016-01-22)
