2009-01-06,100000.0,None - 0.00
2009-01-07,100000.0,None - 0.00
2009-01-08,100000.0,None - 0.00
2009-01-09,100000.0,None - 0.00
2009-01-12,100000.0,None - 0.00
2009-01-13,100000.0,None - 0.00
2009-01-14,100000.0,None - 0.00
2009-01-15,100000.0,None - 0.00
2009-01-16,100000.0,None - 0.00
2009-01-20,100000.0,None - 0.00
2009-01-21,100000.0,None - 0.00
2009-01-22,100000.0,None - 0.00
2009-01-23,100000.0,None - 0.00
2009-01-26,100000.0,None - 0.00
2009-01-27,100000.0,None - 0.00
2009-01-28,100000.0,None - 0.00
2009-01-29,100000.0,None - 0.00
2009-01-30,100000.0,None - 0.00
2009-02-02,100000.0,None - 0.00
2009-02-03,100000.0,None - 0.00
2009-02-04,100000.0,None - 0.00
2009-02-05,100000.0,None - 0.00
2009-02-06,100000.0,None - 0.00
2009-02-09,100000.0,None - 0.00
2009-02-10,100000.0,None - 0.00
2009-02-11,100000.0,None - 0.00
2009-02-12,100000.0,None - 0.00
2009-02-13,100000.0,None - 0.00
2009-02-17,100000.0,None - 0.00
2009-02-18,100000.0,None - 0.00
2009-02-19,100000.0,None - 0.00
2009-02-20,100000.0,None - 0.00
2009-02-23,100000.0,None - 0.00
2009-02-24,100000.0,None - 0.00
2009-02-25,100000.0,None - 0.00
2009-02-26,100000.0,None - 0.00
2009-02-27,100000.0,None - 0.00
2009-03-02,100000.0,None - 0.00
2009-03-03,100000.0,None - 0.00
2009-03-04,100000.0,None - 0.00
2009-03-05,100000.0,None - 0.00
2009-03-06,100000.0,None - 0.00
2009-03-09,100000.0,None - 0.00
2009-03-10,100000.0,None - 0.00
2009-03-11,100000.0,None - 0.00
2009-03-12,100000.0,None - 0.00
2009-03-13,100000.0,None - 0.00
2009-03-16,100000.0,None - 0.00
2009-03-17,100000.0,None - 0.00
2009-03-18,100000.0,None - 0.00
2009-03-19,100000.0,None - 0.00
2009-03-20,100000.0,None - 0.00
2009-03-23,100000.0,None - 0.00
2009-03-24,100000.0,None - 0.00
2009-03-25,100000.0,None - 0.00
2009-03-26,100000.0,None - 0.00
2009-03-27,100000.0,None - 0.00
2009-03-30,100000.0,None - 0.00
2009-03-31,100000.0,None - 0.00
2009-04-01,100000.0,None - 0.00
2009-04-02,100000.0,None - 0.00
2009-04-03,100000.0,None - 0.00
2009-04-06,100000.0,XIV - 0.993
2009-04-07,99214.3,XIV - 0.99
2009-04-08,101303.09999999999,XIV - 0.99
2009-04-09,105482.7,XIV - 0.991
2009-04-13,106527.59999999999,XIV - 0.991
2009-04-14,106527.59999999999,XIV - 0.991
2009-04-15,108617.4,XIV - 0.991
2009-04-16,112797.0,XIV - 0.991
2009-04-17,114886.8,XIV - 0.991
2009-04-20,106005.14999999998,XIV - 0.991
2009-04-21,110184.74999999999,None - 0.002
2009-04-22,109923.52499999998,XIV - 0.992
2009-04-23,111772.46999999999,XIV - 0.99
2009-04-24,111244.54999999997,XIV - 0.99
2009-04-27,108609.94999999998,XIV - 0.99
2009-04-28,110190.70999999996,XIV - 0.99
2009-04-29,114406.06999999996,XIV - 0.99
2009-04-30,113352.22999999997,XIV - 0.99
2009-05-01,114932.98999999998,XIV - 0.99
2009-05-04,120202.18999999996,XIV - 0.991
2009-05-05,120202.18999999996,XIV - 0.991
2009-05-06,124417.54999999997,XIV - 0.991
2009-05-07,122836.78999999998,XIV - 0.991
2009-05-08,128105.98999999998,XIV - 0.991
2009-05-11,127052.14999999998,XIV - 0.991
2009-05-12,128105.98999999998,XIV - 0.991
2009-05-13,123890.62999999998,XIV - 0.991
2009-05-14,128632.90999999997,XIV - 0.991
2009-05-15,125471.38999999997,XIV - 0.991
2009-05-18,134955.94999999995,XIV - 0.992
2009-05-19,137063.62999999998,XIV - 0.992
2009-05-20,136536.70999999996,XIV - 0.992
2009-05-21,129159.82999999999,XIV - 0.991
2009-05-22,127052.14999999998,XIV - 0.991
2009-05-26,132848.26999999996,XIV - 0.992
2009-05-27,128632.90999999997,XIV - 0.991
2009-05-28,130740.58999999997,XIV - 0.991
2009-05-29,135482.86999999994,XIV - 0.992
2009-06-01,138644.38999999996,XIV - 0.99
2009-06-02,138117.49999999997,XIV - 0.99
2009-06-03,130755.03999999998,XIV - 0.989
2009-06-04,132332.71,XIV - 0.99
2009-06-05,132858.59999999998,XIV - 0.99
2009-06-08,133910.37999999998,XIV - 0.99
2009-06-09,138643.38999999996,XIV - 0.99
2009-06-10,137591.60999999996,XIV - 0.99
2009-06-11,140746.94999999998,XIV - 0.99
2009-06-12,142850.50999999998,XIV - 0.99
2009-06-15,136013.93999999997,XIV - 0.99
2009-06-16,131280.93,XIV - 0.989
2009-06-17,130755.03999999998,XIV - 0.545
2009-06-18,130926.20999999998,XIV - 0.546
2009-06-19,133241.48999999996,XIV - 0.991
2009-06-22,127437.35999999997,XIV - 0.99
2009-06-23,130023.80999999998,XIV - 0.545
2009-06-24,132750.52499999997,XIV - 0.545
2009-06-25,136096.86499999996,XIV - 0.991
2009-06-26,137976.53499999997,XIV - 0.991
2009-06-29,142948.335,XIV - 0.991
2009-06-30,140462.43499999997,XIV - 0.991
2009-07-01,141953.97499999998,XIV - 0.991
2009-07-02,133999.09499999997,XIV - 0.991
2009-07-06,135490.63499999998,XIV - 0.545
2009-07-07,132373.12999999998,XIV - 0.545
2009-07-08,131535.72999999998,XIV - 0.545
2009-07-09,132374.03999999998,XIV - 0.545
2009-07-10,132094.75,XIV - 0.544
2009-07-13,135434.22999999998,XIV - 0.545
2009-07-14,136797.245,XIV - 0.991
2009-07-15,140627.33,XIV - 0.991
2009-07-16,142597.21,XIV - 0.991
2009-07-17,142597.21,XIV - 0.991
2009-07-20,145552.03,XIV - 0.991
2009-07-21,148506.84999999998,XIV - 0.992
2009-07-22,151954.13999999998,XIV - 0.992
2009-07-23,156878.84,XIV - 0.992
2009-07-24,158356.24999999997,XIV - 0.99
2009-07-27,155898.0,XIV - 0.99
2009-07-28,150492.04999999996,XIV - 0.989
2009-07-29,149017.69999999998,XIV - 0.989
2009-07-30,152457.84999999998,XIV - 0.99
2009-07-31,150983.49999999997,XIV - 0.99
2009-08-03,154915.09999999998,XIV - 0.545
2009-08-04,155345.25,XIV - 0.991
2009-08-05,155725.31499999994,XIV - 0.991
2009-08-06,154255.97499999998,XIV - 0.991
2009-08-07,159153.77499999997,XIV - 0.991
2009-08-10,159153.77499999997,XIV - 0.991
2009-08-11,155725.31499999994,XIV - 0.991
2009-08-12,157684.43499999997,XIV - 0.991
2009-08-13,161112.89499999996,XIV - 0.991
2009-08-14,158174.21499999997,XIV - 0.991
2009-08-17,148868.39499999996,XIV - 0.99
2009-08-18,152296.85499999995,XIV - 0.545
2009-08-19,154609.65,XIV - 0.991
2009-08-20,157399.93999999997,XIV - 0.991
2009-08-21,159814.18999999997,XIV - 0.991
2009-08-24,159814.18999999997,XIV - 0.991
2009-08-25,157882.79,XIV - 0.991
2009-08-26,154985.69,XIV - 0.991
2009-08-27,157399.93999999997,XIV - 0.991
2009-08-28,155951.38999999998,XIV - 0.991
2009-08-31,153537.13999999998,XIV - 0.545
2009-09-01,149447.56,XIV - 0.545
2009-09-02,148359.675,XIV - 0.199
2009-09-03,149563.79499999998,XIV - 0.198
2009-09-04,150616.22,XIV - 0.545
2009-09-08,153098.79499999998,XIV - 0.991
2009-09-09,157130.9,XIV - 0.991
2009-09-10,164479.53999999998,XIV - 0.991
2009-09-11,162642.37999999998,XIV - 0.991
2009-09-14,166316.69999999998,XIV - 0.991
2009-09-15,165857.41,XIV - 0.991
2009-09-16,173206.05000000002,XIV - 0.992
2009-09-17,172287.47,XIV - 0.992
2009-09-18,168153.86,XIV - 0.991
2009-09-21,168153.86,XIV - 0.545
2009-09-22,170068.16999999998,XIV - 0.991
2009-09-23,168605.91499999998,XIV - 0.991
2009-09-24,165429.17499999996,XIV - 0.99
2009-09-25,164975.35499999998,XIV - 0.99
2009-09-28,170875.01499999996,XIV - 0.991
2009-09-29,170875.01499999996,XIV - 0.991
2009-09-30,169059.73499999996,XIV - 0.991
2009-10-01,161344.79499999998,XIV - 0.545
2009-10-02,161242.675,XIV - 0.198
2009-10-05,162160.81999999998,XIV - 0.198
2009-10-06,162955.74999999997,XIV - 0.545
2009-10-07,163834.75999999995,XIV - 0.991
2009-10-08,165463.80999999997,XIV - 0.991
2009-10-09,168914.76999999996,XIV - 0.991
2009-10-12,173228.46999999997,XIV - 0.991
2009-10-13,174953.94999999995,XIV - 0.991
2009-10-14,176248.05999999997,XIV - 0.991
2009-10-15,180561.75999999998,XIV - 0.991
2009-10-16,177973.53999999995,XIV - 0.991
2009-10-19,182718.60999999996,XIV - 0.992
2009-10-20,183581.34999999995,XIV - 0.992
2009-10-21,183581.34999999995,XIV - 0.992
2009-10-22,190051.89999999997,XIV - 0.992
2009-10-23,186600.93999999997,XIV - 0.992
2009-10-26,183149.97999999995,XIV - 0.992
2009-10-27,182287.24,XIV - 0.992
2009-10-28,169777.50999999995,XIV - 0.991
2009-10-29,178836.27999999997,None - 0.001
2009-10-30,178620.59499999997,XIV - 0.991
2009-11-02,176947.83999999997,None - 0.001
2009-11-03,176708.87499999997,None - 0.00
2009-11-04,176708.87499999997,None - 0.00
2009-11-05,176708.87499999997,None - 0.00
2009-11-06,176708.87499999997,XIV - 0.545
2009-11-09,182389.99999999997,XIV - 0.991
2009-11-10,181013.295,XIV - 0.99
2009-11-11,180585.41499999998,XIV - 0.99
2009-11-12,172455.69499999998,XIV - 0.99
2009-11-13,175450.85499999995,XIV - 0.99
2009-11-16,178446.01499999998,XIV - 0.99
2009-11-17,179301.775,XIV - 0.99
2009-11-18,185719.97499999998,XIV - 0.991
2009-11-19,183580.57499999998,XIV - 0.991
2009-11-20,187003.615,XIV - 0.991
2009-11-23,196416.97499999998,XIV - 0.991
2009-11-24,198128.49499999997,XIV - 0.991
2009-11-25,200695.775,XIV - 0.991
2009-11-27,187003.615,XIV - 0.991
2009-11-30,187003.615,XIV - 0.991
2009-12-01,193849.69499999998,XIV - 0.545
2009-12-02,194928.69499999998,XIV - 0.99
2009-12-03,190583.10499999998,XIV - 0.99
2009-12-04,194833.70499999996,XIV - 0.99
2009-12-07,195683.82499999995,XIV - 0.991
2009-12-08,190583.10499999998,XIV - 0.99
2009-12-09,191858.28499999995,XIV - 0.545
2009-12-10,193398.50499999998,XIV - 0.99
2009-12-11,194569.65499999997,XIV - 0.991
2009-12-14,198365.13499999998,XIV - 0.991
2009-12-15,200473.73499999996,XIV - 0.991
2009-12-16,209329.85499999995,XIV - 0.991
2009-12-17,206377.81499999994,XIV - 0.991
2009-12-18,209329.85499999995,XIV - 0.545
2009-12-21,213173.04499999998,XIV - 0.545
2009-12-22,216135.75499999998,XIV - 0.99
2009-12-23,217684.46,XIV - 0.99
2009-12-24,220553.83,XIV - 0.991
2009-12-28,222603.37999999998,XIV - 0.991
2009-12-29,221373.64999999997,XIV - 0.991
2009-12-30,217684.46,XIV - 0.99
2009-12-31,211945.72,XIV - 0.99
2010-01-04,219734.00999999998,XIV - 0.545
2010-01-05,221894.91499999998,XIV - 0.99
2010-01-06,229925.55,XIV - 0.991
2010-01-07,233579.99999999997,XIV - 0.991
2010-01-08,239670.74999999997,XIV - 0.991
2010-01-11,243325.19999999998,XIV - 0.991
2010-01-12,236828.4,XIV - 0.991
2010-01-13,240888.89999999997,XIV - 0.545
2010-01-14,243697.18499999997,XIV - 0.544
2010-01-15,240384.34499999997,XIV - 0.99
2010-01-19,251256.64999999997,XIV - 0.545
2010-01-20,252057.85999999996,XIV - 0.546
2010-01-21,244023.73999999996,XIV - 0.198
2010-01-22,239712.57499999995,None - 0.00
2010-01-25,239670.99499999997,None - 0.00
2010-01-26,239670.99499999997,None - 0.00
2010-01-27,239670.99499999997,None - 0.00
2010-01-28,239670.99499999997,None - 0.00
2010-01-29,239670.99499999997,None - 0.00
2010-02-01,239670.99499999997,None - 0.00
2010-02-02,239670.99499999997,None - 0.00
2010-02-03,239670.99499999997,None - 0.00
2010-02-04,239670.99499999997,None - 0.00
2010-02-05,239670.99499999997,None - 0.00
2010-02-08,239670.99499999997,None - 0.00
2010-02-09,239670.99499999997,None - 0.00
2010-02-10,239670.99499999997,None - 0.00
2010-02-11,239670.99499999997,None - 0.00
2010-02-12,239670.99499999997,None - 0.00
2010-02-16,239670.99499999997,None - 0.00
2010-02-17,239670.99499999997,None - 0.00
2010-02-18,239670.99499999997,None - 0.00
2010-02-19,239670.99499999997,None - 0.00
2010-02-22,239670.99499999997,None - 0.00
2010-02-23,239670.99499999997,XIV - 0.545
2010-02-24,242380.62,None - 0.00
2010-02-25,242272.235,None - 0.00
2010-02-26,242272.235,XIV - 0.991
2010-03-01,246650.4,XIV - 0.991
2010-03-02,249315.37,XIV - 0.199
2010-03-03,249619.40499999997,XIV - 0.991
2010-03-04,249846.07499999998,XIV - 0.991
2010-03-05,261164.475,XIV - 0.991
2010-03-08,264937.27499999997,XIV - 0.991
2010-03-09,264182.71499999997,XIV - 0.991
2010-03-10,262673.595,XIV - 0.991
2010-03-11,260409.91499999998,XIV - 0.991
2010-03-12,262673.595,XIV - 0.991
2010-03-15,262296.31499999994,XIV - 0.991
2010-03-16,269841.915,XIV - 0.991
2010-03-17,280028.475,XIV - 0.992
2010-03-18,284178.55499999993,XIV - 0.992
2010-03-19,278519.355,XIV - 0.992
2010-03-22,282292.15499999997,XIV - 0.992
2010-03-23,287951.355,XIV - 0.992
2010-03-24,281914.87499999994,XIV - 0.992
2010-03-25,278896.63499999995,XIV - 0.992
2010-03-26,281914.87499999994,XIV - 0.992
2010-03-29,287574.07499999995,XIV - 0.992
2010-03-30,292478.71499999997,XIV - 0.992
2010-03-31,293610.55499999993,XIV - 0.992
2010-04-01,294742.39499999996,XIV - 0.992
2010-04-05,305683.51499999996,XIV - 0.992
2010-04-06,313983.67499999993,XIV - 0.993
2010-04-07,308324.4749999999,XIV - 0.992
2010-04-08,313606.39499999996,XIV - 0.993
2010-04-09,317001.915,XIV - 0.993
2010-04-12,317756.4749999999,XIV - 0.993
2010-04-13,316247.355,XIV - 0.993
2010-04-14,323415.67499999993,XIV - 0.99
2010-04-15,323414.675,XIV - 0.99
2010-04-16,310622.515,XIV - 0.99
2010-04-19,318147.31499999994,XIV - 0.99
2010-04-20,332820.675,XIV - 0.99
2010-04-21,331315.715,XIV - 0.99
2010-04-22,332068.195,XIV - 0.99
2010-04-23,334325.635,XIV - 0.99
2010-04-26,330186.995,XIV - 0.99
2010-04-27,293315.475,XIV - 0.989
2010-04-28,296701.635,XIV - 0.198
2010-04-29,299262.32999999996,XIV - 0.99
2010-04-30,273703.54999999993,XIV - 0.99
2010-05-03,283506.44,None - 0.001
2010-05-04,283324.905,XIV - 0.991
2010-05-05,270575.59500000003,None - 0.001
2010-05-06,270373.22500000003,None - 0.00
2010-05-07,270373.22500000003,XIV - 0.991
2010-05-10,308342.4100000001,None - 0.001
2010-05-11,308073.1250000001,None - 0.00
2010-05-12,308073.1250000001,None - 0.00
2010-05-13,308073.1250000001,None - 0.00
2010-05-14,308073.1250000001,None - 0.00
2010-05-17,308073.1250000001,None - 0.00
2010-05-18,308073.1250000001,None - 0.00
2010-05-19,308073.1250000001,VXX - 0.981
2010-05-20,348787.18900000013,VXX - 0.984
2010-05-21,347063.8180000002,VXX - 0.984
2010-05-24,340917.73000000016,VXX - 0.983
2010-05-25,328715.17600000015,None - 0.00
2010-05-26,328714.17600000015,None - 0.00
2010-05-27,328714.17600000015,None - 0.00
2010-05-28,328714.17600000015,None - 0.00
2010-06-01,328714.17600000015,None - 0.00
2010-06-02,328714.17600000015,None - 0.00
2010-06-03,328714.17600000015,None - 0.00
2010-06-04,328714.17600000015,None - 0.00
2010-06-07,328714.17600000015,VXX - 0.971
2010-06-08,315568.14000000013,None - 0.00
2010-06-09,315567.14000000013,None - 0.00
2010-06-10,315567.14000000013,None - 0.00
2010-06-11,315567.14000000013,None - 0.00
2010-06-14,315567.14000000013,None - 0.00
2010-06-15,315567.14000000013,None - 0.00
2010-06-16,315567.14000000013,None - 0.00
2010-06-17,315567.14000000013,None - 0.00
2010-06-18,315567.14000000013,None - 0.00
2010-06-21,315567.14000000013,None - 0.00
2010-06-22,315567.14000000013,None - 0.00
2010-06-23,315567.14000000013,None - 0.00
2010-06-24,315567.14000000013,None - 0.00
2010-06-25,315567.14000000013,None - 0.00
2010-06-28,315567.14000000013,XIV - 0.446
2010-06-29,301509.04000000015,None - 0.00
2010-06-30,301361.0600000002,None - 0.00
2010-07-01,301361.0600000002,None - 0.00
2010-07-02,301361.0600000002,None - 0.00
2010-07-06,301361.0600000002,XIV - 0.446
2010-07-07,309915.17500000016,XIV - 0.991
2010-07-08,315350.05000000016,XIV - 0.991
2010-07-09,320328.77000000014,XIV - 0.991
2010-07-12,328419.1900000002,XIV - 0.991
2010-07-13,330286.21000000014,XIV - 0.991
2010-07-14,320328.77000000014,XIV - 0.991
2010-07-15,317839.41000000015,XIV - 0.991
2010-07-16,302903.2500000002,XIV - 0.99
2010-07-19,306637.29000000015,XIV - 0.99
2010-07-20,325307.49000000017,XIV - 0.991
2010-07-21,320951.1100000002,XIV - 0.991
2010-07-22,338376.6300000001,XIV - 0.991
2010-07-23,346467.05000000016,XIV - 0.992
2010-07-26,359536.1900000002,XIV - 0.99
2010-07-27,361398.7300000002,XIV - 0.99
2010-07-28,357050.47000000026,XIV - 0.99
2010-07-29,357050.47000000026,XIV - 0.99
2010-07-30,360777.5500000002,XIV - 0.99
2010-08-02,381276.4900000002,XIV - 0.446
2010-08-03,379149.9950000002,XIV - 0.99
2010-08-04,382724.70500000025,XIV - 0.991
2010-08-05,379601.9550000002,XIV - 0.99
2010-08-06,379601.9550000002,XIV - 0.99
2010-08-09,385847.45500000025,XIV - 0.991
2010-08-10,383973.8050000002,XIV - 0.991
2010-08-11,352746.3050000002,XIV - 0.99
2010-08-12,347125.3550000002,XIV - 0.446
2010-08-13,343579.62500000023,XIV - 0.445
2010-08-16,345569.4600000002,XIV - 0.445
2010-08-17,350370.4350000002,XIV - 0.446
2010-08-18,352867.7300000002,XIV - 0.99
2010-08-19,341688.3000000002,XIV - 0.99
2010-08-20,344747.3000000002,XIV - 0.446
2010-08-23,347056.18000000017,XIV - 0.644
2010-08-24,341088.66000000015,XIV - 0.99
2010-08-25,348320.49500000017,None - 0.001
2010-08-26,348014.6300000002,None - 0.00
2010-08-27,348014.6300000002,XIV - 0.446
2010-08-30,343161.5250000002,XIV - 0.99
2010-08-31,348925.14500000014,XIV - 0.991
2010-09-01,370269.1850000002,XIV - 0.991
2010-09-02,379162.53500000015,XIV - 0.991
2010-09-03,397542.1250000002,XIV - 0.99
2010-09-07,385704.7250000002,XIV - 0.99
2010-09-08,395173.8450000002,XIV - 0.99
2010-09-09,399316.5850000002,XIV - 0.99
2010-09-10,407602.0650000002,XIV - 0.99
2010-09-13,427723.9450000002,XIV - 0.991
2010-09-14,427132.12500000023,XIV - 0.991
2010-09-15,435417.6050000002,XIV - 0.991
2010-09-16,437193.0650000002,XIV - 0.991
2010-09-17,437784.8850000002,XIV - 0.991
2010-09-20,449029.46500000014,XIV - 0.991
2010-09-21,447254.0050000002,XIV - 0.991
2010-09-22,439560.3450000002,XIV - 0.991
2010-09-23,425948.48500000016,XIV - 0.991
2010-09-24,449029.46500000014,XIV - 0.991
2010-09-27,446662.18500000023,XIV - 0.991
2010-09-28,447254.0050000002,XIV - 0.991
2010-09-29,440743.98500000016,XIV - 0.991
2010-09-30,429499.4050000002,XIV - 0.991
2010-10-01,437784.8850000002,XIV - 0.991
2010-10-04,431866.68500000023,XIV - 0.991
2010-10-05,452580.3850000002,XIV - 0.991
2010-10-06,457906.7650000002,XIV - 0.991
2010-10-07,461457.68500000023,XIV - 0.991
2010-10-08,479212.28500000015,XIV - 0.99
2010-10-11,491027.2850000002,XIV - 0.99
2010-10-12,506978.8850000002,XIV - 0.991
2010-10-13,518794.8850000001,XIV - 0.991
2010-10-14,503434.08500000014,XIV - 0.99
2010-10-15,507569.6850000002,XIV - 0.991
2010-10-18,524112.08500000014,XIV - 0.991
2010-10-19,511114.4850000002,XIV - 0.991
2010-10-20,537700.4850000001,XIV - 0.991
2010-10-21,551879.685,XIV - 0.991
2010-10-22,573148.4850000001,XIV - 0.992
2010-10-25,577284.0850000001,XIV - 0.99
2010-10-26,566666.8650000002,XIV - 0.99
2010-10-27,556050.6450000001,XIV - 0.99
2010-10-28,557230.2250000002,XIV - 0.99
2010-10-29,557820.0150000001,XIV - 0.99
2010-11-01,560768.9650000002,XIV - 0.99
2010-11-02,573744.3450000002,XIV - 0.99
2010-11-03,606182.7950000002,XIV - 0.99
2010-11-04,643929.3550000002,XIV - 0.991
2010-11-05,644519.1450000001,XIV - 0.991
2010-11-08,640390.6150000002,XIV - 0.991
2010-11-09,637441.6650000003,XIV - 0.991
2010-11-10,643929.3550000002,XIV - 0.991
2010-11-11,638031.4550000002,XIV - 0.991
2010-11-12,600284.8950000001,XIV - 0.99
2010-11-15,609721.5350000001,XIV - 0.991
2010-11-16,583180.9850000001,XIV - 0.99
2010-11-17,596156.3650000002,XIV - 0.545
2010-11-18,618074.6500000001,XIV - 0.544
2010-11-19,622162.4450000002,XIV - 0.99
2010-11-22,642528.5800000001,XIV - 0.991
2010-11-23,613496.3200000002,XIV - 0.99
2010-11-24,639682.2800000001,XIV - 0.545
2010-11-26,616709.5000000002,XIV - 0.99
2010-11-29,610701.8400000003,XIV - 0.99
2010-11-30,567259.4000000003,XIV - 0.545
2010-12-01,582635.2500000002,None - 0.00
2010-12-02,582473.7100000002,XIV - 0.545
2010-12-03,594570.9600000002,XIV - 0.544
2010-12-06,602590.1750000002,XIV - 0.99
2010-12-07,604536.4800000001,XIV - 0.99
2010-12-08,622051.9200000002,XIV - 0.99
2010-12-09,633900.6000000001,XIV - 0.991
2010-12-10,636476.4000000001,XIV - 0.991
2010-12-13,628233.8400000002,XIV - 0.991
2010-12-14,621536.7600000001,XIV - 0.545
2010-12-15,615473.5800000002,XIV - 0.544
2010-12-16,621466.9050000003,XIV - 0.545
2010-12-17,626845.9950000001,XIV - 0.544
2010-12-20,637528.6850000002,XIV - 0.99
2010-12-21,649515.8450000002,XIV - 0.99
2010-12-22,649515.8450000002,XIV - 0.99
2010-12-23,629855.5550000002,XIV - 0.99
2010-12-27,612715.8150000002,XIV - 0.99
2010-12-28,609691.1550000003,XIV - 0.545
2010-12-29,613460.5300000003,XIV - 0.544
2010-12-30,615666.0900000001,XIV - 0.99
2010-12-31,624554.0000000002,XIV - 0.99
2011-01-03,635054.0000000002,XIV - 0.545
2011-01-04,637415.2650000001,XIV - 0.546
2011-01-05,643737.2750000001,XIV - 0.544
2011-01-06,644822.5350000001,XIV - 0.545
2011-01-07,643192.2750000001,XIV - 0.544
2011-01-10,643463.9850000001,XIV - 0.544
2011-01-11,654332.3850000001,XIV - 0.544
2011-01-12,671487.6900000002,XIV - 0.544
2011-01-13,674109.5850000002,XIV - 0.99
2011-01-14,704445.8650000002,XIV - 0.991
2011-01-18,724899.6750000002,XIV - 0.991
2011-01-19,688748.7550000002,XIV - 0.99
2011-01-20,692078.4450000002,XIV - 0.545
2011-01-21,688048.7150000002,XIV - 0.198
2011-01-24,691213.7450000001,XIV - 0.198
2011-01-25,692618.6950000002,XIV - 0.545
2011-01-26,705577.4000000001,XIV - 0.545
2011-01-27,712121.2000000002,XIV - 0.544
2011-01-28,671897.5700000002,XIV - 0.545
2011-01-31,676888.1700000002,None - 0.00
2011-02-01,676756.6650000002,None - 0.00
2011-02-02,676756.6650000002,None - 0.00
2011-02-03,676756.6650000002,None - 0.00
2011-02-04,676756.6650000002,None - 0.00
2011-02-07,676756.6650000002,XIV - 0.545
2011-02-08,680626.9050000001,XIV - 0.198
2011-02-09,680297.4750000001,XIV - 0.545
2011-02-10,679288.2550000001,XIV - 0.544
2011-02-11,684429.6550000001,None - 0.00
2011-02-14,684312.8050000002,None - 0.00
2011-02-15,684312.8050000002,XIV - 0.198
2011-02-16,682409.9800000001,None - 0.00
2011-02-17,682367.6950000001,None - 0.00
2011-02-18,682367.6950000001,None - 0.00
2011-02-22,682367.6950000001,None - 0.00
2011-02-23,682367.6950000001,None - 0.00
2011-02-24,682367.6950000001,None - 0.00
2011-02-25,682367.6950000001,None - 0.00
2011-02-28,682367.6950000001,None - 0.00
2011-03-01,682367.6950000001,None - 0.00
2011-03-02,682367.6950000001,None - 0.00
2011-03-03,682367.6950000001,None - 0.00
2011-03-04,682367.6950000001,None - 0.00
2011-03-07,682367.6950000001,None - 0.00
2011-03-08,682367.6950000001,None - 0.00
2011-03-09,682367.6950000001,None - 0.00
2011-03-10,682367.6950000001,None - 0.00
2011-03-11,682367.6950000001,None - 0.00
2011-03-14,682367.6950000001,None - 0.00
2011-03-15,682367.6950000001,None - 0.00
2011-03-16,682367.6950000001,None - 0.00
2011-03-17,682367.6950000001,None - 0.00
2011-03-18,682367.6950000001,None - 0.00
2011-03-21,682367.6950000001,None - 0.00
2011-03-22,682367.6950000001,None - 0.00
2011-03-23,682367.6950000001,None - 0.00
2011-03-24,682367.6950000001,None - 0.00
2011-03-25,682367.6950000001,XIV - 0.446
2011-03-28,674277.0700000001,XIV - 0.445
2011-03-29,683908.8350000001,None - 0.00
2011-03-30,683799.3650000001,XIV - 0.446
2011-03-31,682422.405,XIV - 0.445
2011-04-01,686235.5250000001,XIV - 0.445
2011-04-04,691294.4450000001,XIV - 0.445
2011-04-05,693173.8150000001,XIV - 0.447
2011-04-06,694427.395,XIV - 0.445
2011-04-07,692141.035,XIV - 0.444
2011-04-08,687778.0750000001,XIV - 0.99
2011-04-11,694658.2400000001,XIV - 0.446
2011-04-12,690535.3200000001,XIV - 0.445
2011-04-13,696039.0400000002,XIV - 0.445
2011-04-14,699602.0550000002,XIV - 0.792
2011-04-15,715817.9750000002,XIV - 0.99
2011-04-18,695526.0400000002,XIV - 0.99
2011-04-19,733719.3200000002,XIV - 0.99
2011-04-20,769611.8000000002,XIV - 0.991
2011-04-21,780195.4800000002,XIV - 0.991
2011-04-25,799062.0400000002,XIV - 0.991
2011-04-26,807344.9200000002,XIV - 0.991
2011-04-27,822530.2000000001,XIV - 0.991
2011-04-28,834954.5200000001,XIV - 0.991
2011-04-29,837715.4800000002,XIV - 0.991
2011-05-02,812866.8400000002,XIV - 0.991
2011-05-03,790779.1600000003,XIV - 0.991
2011-05-04,780655.6400000001,XIV - 0.991
2011-05-05,768691.4800000002,XIV - 0.991
2011-05-06,776514.2000000001,XIV - 0.446
2011-05-09,789215.3700000001,XIV - 0.445
2011-05-10,802595.4600000002,XIV - 0.99
2011-05-11,780846.5500000002,XIV - 0.99
2011-05-12,795854.8300000002,XIV - 0.99
2011-05-13,779963.7100000001,XIV - 0.99
2011-05-16,761865.49,XIV - 0.99
2011-05-17,775549.5100000001,XIV - 0.446
2011-05-18,787348.9400000001,XIV - 0.792
2011-05-19,800793.15,XIV - 0.99
2011-05-20,783066.265,XIV - 0.99
2011-05-23,762793.7550000001,XIV - 0.99
2011-05-24,772283.015,XIV - 0.446
2011-05-25,777989.2300000001,XIV - 0.99
2011-05-26,799243.105,XIV - 0.99
2011-05-27,813775.0450000002,XIV - 0.991
2011-05-31,837710.0050000001,XIV - 0.991
2011-06-01,779582.2450000001,XIV - 0.99
2011-06-02,786848.2150000001,None - 0.00
2011-06-03,786634.5100000001,None - 0.00
2011-06-06,786634.5100000001,None - 0.00
2011-06-07,786634.5100000001,None - 0.00
2011-06-08,786634.5100000001,None - 0.00
2011-06-09,786634.5100000001,None - 0.00
2011-06-10,786634.5100000001,None - 0.00
2011-06-13,786634.5100000001,XIV - 0.99
2011-06-14,818727.285,None - 0.00
2011-06-15,818502.86,None - 0.00
2011-06-16,818502.86,None - 0.00
2011-06-17,818502.86,None - 0.00
2011-06-20,818502.86,None - 0.00
2011-06-21,818502.86,None - 0.00
2011-06-22,818502.86,None - 0.00
2011-06-23,818502.86,None - 0.00
2011-06-24,818502.86,None - 0.00
2011-06-27,818502.86,None - 0.00
2011-06-28,818502.86,None - 0.00
2011-06-29,818502.86,None - 0.00
2011-06-30,818502.86,XIV - 0.99
2011-07-01,852586.895,None - 0.00
2011-07-05,852372.53,XIV - 0.99
2011-07-06,839248.075,XIV - 0.99
2011-07-07,862054.505,XIV - 0.545
2011-07-08,851784.7,XIV - 0.99
2011-07-11,782175.3699999999,XIV - 0.989
2011-07-12,762625.57,None - 0.00
2011-07-13,762408.35,None - 0.00
2011-07-14,762408.35,None - 0.00
2011-07-15,762408.35,None - 0.00
2011-07-18,762408.35,None - 0.00
2011-07-19,762408.35,None - 0.00
2011-07-20,762408.35,None - 0.00
2011-07-21,762408.35,None - 0.00
2011-07-22,762408.35,XIV - 0.99
2011-07-25,721191.0499999999,XIV - 0.99
2011-07-26,709529.57,None - 0.00
2011-07-27,709328.5099999999,None - 0.00
2011-07-28,709328.5099999999,None - 0.00
2011-07-29,709328.5099999999,None - 0.00
2011-08-01,709328.5099999999,None - 0.00
2011-08-02,709328.5099999999,None - 0.00
2011-08-03,709328.5099999999,None - 0.00
2011-08-04,709328.5099999999,None - 0.00
2011-08-05,709328.5099999999,VXX - 0.988
2011-08-08,843049.0279999998,VXX - 0.99
2011-08-09,708538.7619999999,VXX - 0.988
2011-08-10,810389.4039999999,VXX - 0.989
2011-08-11,782422.8019999999,VXX - 0.989
2011-08-12,786414.1439999999,VXX - 0.989
2011-08-15,750496.004,VXX - 0.988
2011-08-16,757720.8019999999,VXX - 0.988
2011-08-17,786925.0099999999,VXX - 0.989
2011-08-18,936419.7239999999,VXX - 0.991
2011-08-19,989636.0659999999,VXX - 0.991
2011-08-22,1020370.7239999999,VXX - 0.991
2011-08-23,965876.6799999998,VXX - 0.991
2011-08-24,947408.176,VXX - 0.991
2011-08-25,974694.578,VXX - 0.991
2011-08-26,953235.342,VXX - 0.991
2011-08-29,896441.1479999999,VXX - 0.99
2011-08-30,920838.8479999999,VXX - 0.991
2011-08-31,902597.6739999999,VXX - 0.99
2011-09-01,916997.8659999999,VXX - 0.99
2011-09-02,969926.7339999999,VXX - 0.991
2011-09-06,998838.4559999999,VXX - 0.991
2011-09-07,947884.6739999999,VXX - 0.991
2011-09-08,972872.3579999999,VXX - 0.991
2011-09-09,1057483.1519999998,VXX - 0.992
2011-09-12,1066060.832,VXX - 0.992
2011-09-13,1065144.352,VXX - 0.992
2011-09-14,1027927.0299999999,VXX - 0.992
2011-09-15,977271.1039999998,VXX - 0.991
2011-09-16,954887.5119999999,None - 0.00
2011-09-19,954885.7219999998,None - 0.00
2011-09-20,954885.7219999998,VXX - 0.989
2011-09-21,1035063.7219999998,VXX - 0.99
2011-09-22,1114260.8869999999,VXX - 0.99
2011-09-23,1128855.4219999998,VXX - 0.99
2011-09-26,1084305.5719999997,VXX - 0.99
2011-09-27,1064607.1069999998,VXX - 0.99
2011-09-28,1136048.3269999998,VXX - 0.99
2011-09-29,1112007.6919999998,VXX - 0.99
2011-09-30,1204600.1719999998,VXX - 0.991
2011-10-03,1289201.0719999997,VXX - 0.992
2011-10-04,1187845.2469999997,VXX - 0.991
2011-10-05,1126144.7569999998,VXX - 0.99
2011-10-06,1111537.8019999997,None - 0.00
2011-10-07,1111536.0769999996,None - 0.00
2011-10-10,1111536.0769999996,None - 0.00
2011-10-11,1111536.0769999996,XIV - 0.446
2011-10-12,1141417.8519999995,XIV - 0.446
2011-10-13,1145160.8819999998,XIV - 0.445
2011-10-14,1176577.0269999995,XIV - 0.446
2011-10-17,1110682.8169999996,XIV - 0.446
2011-10-18,1140357.8069999996,XIV - 0.446
2011-10-19,1093404.0869999996,XIV - 0.446
2011-10-20,1090183.3219999997,XIV - 0.446
2011-10-21,1124700.9719999996,XIV - 0.446
2011-10-24,1151749.2519999996,XIV - 0.446
2011-10-25,1110419.5119999996,XIV - 0.792
2011-10-26,1156308.1369999996,XIV - 0.446
2011-10-27,1225357.0769999996,XIV - 0.446
2011-10-28,1226059.2069999995,XIV - 0.99
2011-10-31,1073688.4569999995,XIV - 0.99
2011-11-01,942639.1769999996,XIV - 0.446
2011-11-02,956047.1019999996,XIV - 0.446
2011-11-03,975367.8919999996,XIV - 0.446
2011-11-04,966976.1919999996,XIV - 0.445
2011-11-07,969797.1869999997,XIV - 0.792
2011-11-08,1010805.8369999996,XIV - 0.446
2011-11-09,920744.3669999996,XIV - 0.991
2011-11-10,976523.5469999997,XIV - 0.446
2011-11-11,995813.6769999997,XIV - 0.446
2011-11-14,987317.1219999997,XIV - 0.99
2011-11-15,988569.4119999999,XIV - 0.792
2011-11-16,938509.1169999997,XIV - 0.792
2011-11-17,913207.6369999999,XIV - 0.446
2011-11-18,929622.3119999999,XIV - 0.446
2011-11-21,921828.7719999999,XIV - 0.792
2011-11-22,935504.992,XIV - 0.792
2011-11-23,906255.327,XIV - 0.792
2011-11-25,887989.5769999999,XIV - 0.792
2011-11-28,936001.247,XIV - 0.792
2011-11-29,949926.2569999999,XIV - 0.792
2011-11-30,1013775.257,XIV - 0.99
2011-12-01,1032391.3269999999,XIV - 0.99
2011-12-02,1039218.767,XIV - 0.99
2011-12-05,1042632.4869999998,XIV - 0.99
2011-12-06,1032391.3269999999,XIV - 0.99
2011-12-07,1011909.007,XIV - 0.99
2011-12-08,960703.2069999999,XIV - 0.99
2011-12-09,1042632.4869999998,XIV - 0.792
2011-12-12,1027447.607,XIV - 0.99
2011-12-13,1037548.3119999999,XIV - 0.99
2011-12-14,1030698.6719999999,XIV - 0.99
2011-12-15,1070084.102,XIV - 0.991
2011-12-16,1073508.922,XIV - 0.99
2011-12-19,1092333.2119999998,XIV - 0.99
2011-12-20,1160788.8119999997,XIV - 0.99
2011-12-21,1249712.492,XIV - 0.99
2011-12-22,1220660.872,XIV - 0.99
2011-12-23,1191610.252,XIV - 0.99
2011-12-27,1203572.2719999999,XIV - 0.99
2011-12-28,1148888.752,XIV - 0.99
2011-12-29,1177964.042,XIV - 0.99
2011-12-30,1147177.3819999998,XIV - 0.99
2012-01-03,1217302.5519999997,XIV - 0.991
2012-01-04,1244668.4719999998,XIV - 0.99
2012-01-05,1265175.952,XIV - 0.99
2012-01-06,1294229.632,XIV - 0.99
2012-01-09,1307901.952,XIV - 0.99
2012-01-10,1335246.592,XIV - 0.99
2012-01-11,1304503.9319999998,XIV - 0.99
2012-01-12,1330121.9819999998,XIV - 0.99
2012-01-13,1309627.542,XIV - 0.99
2012-01-17,1318166.8919999998,XIV - 0.99
2012-01-18,1359155.7719999999,XIV - 0.99
2012-01-19,1396728.9119999998,XIV - 0.99
2012-01-20,1437717.792,XIV - 0.99
2012-01-23,1471849.5919999997,XIV - 0.99
2012-01-24,1480382.792,XIV - 0.99
2012-01-25,1523048.792,XIV - 0.991
2012-01-26,1524755.4319999998,XIV - 0.991
2012-01-27,1552061.6719999998,XIV - 0.99
2012-01-30,1516247.902,XIV - 0.99
2012-01-31,1502604.942,XIV - 0.99
2012-02-01,1562292.892,XIV - 0.99
2012-02-02,1615159.362,XIV - 0.99
2012-02-03,1690195.642,XIV - 0.99
2012-02-06,1703826.322,XIV - 0.99
2012-02-07,1683378.8019999997,XIV - 0.99
2012-02-08,1628852.082,XIV - 0.99
2012-02-09,1557285.7619999996,XIV - 0.99
2012-02-10,1441315.5219999999,XIV - 0.99
2012-02-13,1547137.362,XIV - 0.545
2012-02-14,1526114.802,XIV - 0.99
2012-02-15,1403267.087,XIV - 0.99
2012-02-16,1486102.087,XIV - 0.545
2012-02-17,1491405.307,XIV - 0.99
2012-02-21,1491020.2019999998,XIV - 0.99
2012-02-22,1537428.8819999998,XIV - 0.991
2012-02-23,1638840.4419999996,XIV - 0.99
2012-02-24,1565013.602,XIV - 0.99
2012-02-27,1542694.162,XIV - 0.99
2012-02-28,1585642.162,XIV - 0.99
2012-02-29,1580488.2819999997,XIV - 0.99
2012-03-01,1640616.882,XIV - 0.99
2012-03-02,1613145.162,XIV - 0.99
2012-03-05,1623446.6819999998,XIV - 0.99
2012-03-06,1477508.4819999998,XIV - 0.99
2012-03-07,1573762.5219999999,XIV - 0.545
2012-03-08,1603608.1269999999,XIV - 0.99
2012-03-09,1642121.2619999996,XIV - 0.99
2012-03-12,1724965.5619999997,XIV - 0.99
2012-03-13,1787462.3719999997,XIV - 0.99
2012-03-14,1696249.3519999997,XIV - 0.99
2012-03-15,1730031.9519999998,XIV - 0.99
2012-03-16,1750301.5119999996,XIV - 0.99
2012-03-19,1873608.0019999999,XIV - 0.99
2012-03-20,1954620.442,XIV - 0.99
2012-03-21,2055887.2419999999,XIV - 0.99
2012-03-22,2027219.6519999998,XIV - 0.99
2012-03-23,2172238.872,XIV - 0.991
2012-03-26,2352669.762,XIV - 0.99
2012-03-27,2083209.4869999997,XIV - 0.99
2012-03-28,2074776.7869999998,XIV - 0.99
2012-03-29,2123680.067,XIV - 0.99
2012-03-30,2169210.707,XIV - 0.99
2012-04-02,2160779.107,XIV - 0.99
2012-04-03,2120307.4269999997,XIV - 0.99
2012-04-04,2046109.3469999998,XIV - 0.99
2012-04-05,1988774.4669999997,XIV - 0.99
2012-04-09,1882536.3069999996,XIV - 0.545
2012-04-10,1816236.0119999996,XIV - 0.545
2012-04-11,1832496.3569999996,XIV - 0.545
2012-04-12,1940824.7469999997,XIV - 0.545
2012-04-13,1849107.6669999997,XIV - 0.99
2012-04-16,1876254.4669999992,XIV - 0.545
2012-04-17,1944037.8569999994,XIV - 0.545
2012-04-18,1911836.5219999994,XIV - 0.545
2012-04-19,1919292.2719999994,XIV - 0.544
2012-04-20,1953691.8769999994,XIV - 0.544
2012-04-23,1907872.1269999994,XIV - 0.99
2012-04-24,1982283.7369999997,XIV - 0.545
2012-04-25,2043577.9469999997,XIV - 0.99
2012-04-26,2099553.022,XIV - 0.99
2012-04-27,2101209.9719999996,XIV - 0.99
2012-04-30,2058129.2719999996,XIV - 0.99
2012-05-01,2106180.8219999997,XIV - 0.545
2012-05-02,2106718.6819999996,XIV - 0.99
2012-05-03,2033514.6119999997,XIV - 0.99
2012-05-04,1927577.3319999997,XIV - 0.99
2012-05-07,1985554.1819999996,XIV - 0.545
2012-05-08,1976073.2319999994,XIV - 0.544
2012-05-09,1930363.5569999996,XIV - 0.545
2012-05-10,1980716.3419999997,XIV - 0.544
2012-05-11,1941439.0269999998,XIV - 0.545
2012-05-14,1869904.3269999996,XIV - 0.198
2012-05-15,1856005.2919999994,None - 0.00
2012-05-16,1855830.8169999993,None - 0.00
2012-05-17,1855830.8169999993,None - 0.00
2012-05-18,1855830.8169999993,None - 0.00
2012-05-21,1855830.8169999993,None - 0.00
2012-05-22,1855830.8169999993,XIV - 0.545
2012-05-23,1860642.7119999994,None - 0.00
2012-05-24,1860108.0569999993,XIV - 0.198
2012-05-25,1856497.2969999993,XIV - 0.99
2012-05-29,1962942.641999999,None - 0.00
2012-05-30,1961985.3869999992,None - 0.00
2012-05-31,1961985.3869999992,None - 0.00
2012-06-01,1961985.3869999992,None - 0.00
2012-06-04,1961985.3869999992,None - 0.00
2012-06-05,1961985.3869999992,None - 0.00
2012-06-06,1961985.3869999992,None - 0.00
2012-06-07,1961985.3869999992,None - 0.00
2012-06-08,1961985.3869999992,None - 0.00
2012-06-11,1961985.3869999992,XIV - 0.991
2012-06-12,2029000.0619999988,None - 0.001
2012-06-13,2027936.3369999987,None - 0.00
2012-06-14,2027936.3369999987,None - 0.00
2012-06-15,2027936.3369999987,None - 0.00
2012-06-18,2027936.3369999987,XIV - 0.198
2012-06-19,2026650.5769999987,XIV - 0.99
2012-06-20,2158445.021999999,XIV - 0.99
2012-06-21,1860534.1219999988,XIV - 0.99
2012-06-22,1972889.7569999986,XIV - 0.198
2012-06-25,1962212.2919999987,XIV - 0.99
2012-06-26,2019697.031999999,XIV - 0.644
2012-06-27,2021808.5519999987,XIV - 0.99
2012-06-28,2053371.0769999987,XIV - 0.644
2012-06-29,2150558.601999999,XIV - 0.644
2012-07-02,2243277.776999999,XIV - 0.99
2012-07-03,2294833.361999999,XIV - 0.99
2012-07-05,2185758.651999999,XIV - 0.99
2012-07-06,2230461.401999999,XIV - 0.99
2012-07-09,2230461.401999999,XIV - 0.99
2012-07-10,2146420.231999999,XIV - 0.99
2012-07-11,2230461.401999999,XIV - 0.99
2012-07-12,2212580.3019999987,XIV - 0.99
2012-07-13,2343112.331999999,XIV - 0.991
2012-07-16,2350264.7719999985,XIV - 0.99
2012-07-17,2441403.8319999985,XIV - 0.99
2012-07-18,2427107.3519999986,XIV - 0.99
2012-07-19,2486080.3319999985,XIV - 0.991
2012-07-20,2359199.0719999988,XIV - 0.99
2012-07-23,2164409.5319999987,XIV - 0.99
2012-07-24,2058880.541999999,XIV - 0.644
2012-07-25,2103932.6369999987,None - 0.00
2012-07-26,2103351.0369999986,XIV - 0.446
2012-07-27,2125678.8669999987,XIV - 0.99
2012-07-30,2036956.2969999986,XIV - 0.99
2012-07-31,1995221.0969999984,XIV - 0.99
2012-08-01,2019299.0969999984,XIV - 0.99
2012-08-02,2102769.4969999986,XIV - 0.99
2012-08-03,2252053.0969999987,XIV - 0.99
2012-08-06,2296963.5369999986,XIV - 0.99
2012-08-07,2202328.7169999983,XIV - 0.99
2012-08-08,2296963.5369999986,XIV - 0.99
2012-08-09,2329043.1369999987,XIV - 0.99
2012-08-10,2346686.9169999985,XIV - 0.99
2012-08-13,2394806.3169999984,XIV - 0.991
2012-08-14,2298567.5169999986,XIV - 0.99
2012-08-15,2304983.4369999985,XIV - 0.99
2012-08-16,2335459.0569999986,XIV - 0.99
2012-08-17,2409242.1369999987,XIV - 0.99
2012-08-20,2409241.1369999982,XIV - 0.99
2012-08-21,2343521.4169999985,XIV - 0.99
2012-08-22,2313065.936999998,XIV - 0.99
2012-08-23,2276198.7769999984,XIV - 0.989
2012-08-24,2359550.616999998,XIV - 0.99
2012-08-27,2330698.056999998,XIV - 0.99
2012-08-28,2308257.1769999983,XIV - 0.99
2012-08-29,2279404.616999998,XIV - 0.989
2012-08-30,2232919.936999998,XIV - 0.545
2012-08-31,2277557.4419999984,XIV - 0.545
2012-09-04,2300113.7819999987,XIV - 0.544
2012-09-05,2329376.0869999984,XIV - 0.545
2012-09-06,2456291.3019999983,XIV - 0.545
2012-09-07,2533025.5919999983,XIV - 0.99
2012-09-10,2357518.8569999984,XIV - 0.989
2012-09-11,2369101.736999999,XIV - 0.989
2012-09-12,2470451.9369999985,XIV - 0.99
2012-09-13,2625372.9569999985,XIV - 0.99
2012-09-14,2482034.8169999984,XIV - 0.99
2012-09-17,2557323.536999998,XIV - 0.99
2012-09-18,2648538.716999999,XIV - 0.991
2012-09-19,2681839.4969999986,XIV - 0.991
2012-09-20,2623925.096999998,XIV - 0.99
2012-09-21,2676048.056999998,XIV - 0.991
2012-09-24,2703557.3969999985,XIV - 0.99
2012-09-25,2512584.0769999987,XIV - 0.99
2012-09-26,2427158.1569999983,XIV - 0.99
2012-09-27,2628413.4769999986,XIV - 0.545
2012-09-28,2601820.5119999982,XIV - 0.99
2012-10-01,2535817.161999998,XIV - 0.99
2012-10-02,2585435.741999998,XIV - 0.545
2012-10-03,2599554.156999998,XIV - 0.99
2012-10-04,2671846.286999998,XIV - 0.99
2012-10-05,2689274.366999998,XIV - 0.99
2012-10-08,2664584.5869999984,XIV - 0.99
2012-10-09,2555659.0869999984,XIV - 0.545
2012-10-10,2548941.766999998,XIV - 0.544
2012-10-11,2594563.566999998,None - 0.00
2012-10-12,2594163.3669999978,XIV - 0.545
2012-10-15,2661792.5219999976,XIV - 0.544
2012-10-16,2695083.6819999972,XIV - 0.544
2012-10-17,2720976.0469999975,XIV - 0.544
2012-10-18,2699173.8269999977,XIV - 0.545
2012-10-19,2620787.1769999973,XIV - 0.545
2012-10-22,2642483.7719999976,None - 0.00
2012-10-23,2642081.7969999975,None - 0.00
2012-10-24,2642081.7969999975,None - 0.00
2012-10-25,2642081.7969999975,None - 0.00
2012-10-26,2642081.7969999975,None - 0.00
2012-10-31,2642081.7969999975,None - 0.00
2012-11-01,2642081.7969999975,None - 0.00
2012-11-02,2642081.7969999975,XIV - 0.545
2012-11-05,2618048.886999998,None - 0.00
2012-11-06,2617627.256999998,None - 0.00
2012-11-07,2617627.256999998,None - 0.00
2012-11-08,2617627.256999998,None - 0.00
2012-11-09,2617627.256999998,None - 0.00
2012-11-12,2617627.256999998,None - 0.00
2012-11-13,2617627.256999998,None - 0.00
2012-11-14,2617627.256999998,None - 0.00
2012-11-15,2617627.256999998,None - 0.00
2012-11-16,2617627.256999998,None - 0.00
2012-11-19,2617627.256999998,None - 0.00
2012-11-20,2617627.256999998,XIV - 0.545
2012-11-21,2613492.7419999978,XIV - 0.544
2012-11-23,2643561.941999998,None - 0.00
2012-11-26,2643186.0769999977,None - 0.00
2012-11-27,2643186.0769999977,None - 0.00
2012-11-28,2643186.0769999977,None - 0.00
2012-11-29,2643186.0769999977,XIV - 0.198
2012-11-30,2634545.4219999984,XIV - 0.99
2012-12-03,2513803.711999998,None - 0.00
2012-12-04,2513150.356999998,None - 0.00
2012-12-05,2513150.356999998,None - 0.00
2012-12-06,2513150.356999998,None - 0.00
2012-12-07,2513150.356999998,None - 0.00
2012-12-10,2513150.356999998,None - 0.00
2012-12-11,2513150.356999998,None - 0.00
2012-12-12,2513150.356999998,None - 0.00
2012-12-13,2513150.356999998,None - 0.00
2012-12-14,2513150.356999998,None - 0.00
2012-12-17,2513150.356999998,None - 0.00
2012-12-18,2513150.356999998,None - 0.00
2012-12-19,2513150.356999998,None - 0.00
2012-12-20,2513150.356999998,None - 0.00
2012-12-21,2513150.356999998,None - 0.00
2012-12-24,2513150.356999998,None - 0.00
2012-12-26,2513150.356999998,None - 0.00
2012-12-27,2513150.356999998,None - 0.00
2012-12-28,2513150.356999998,None - 0.00
2012-12-31,2513150.356999998,None - 0.00
2013-01-02,2513150.356999998,None - 0.00
2013-01-03,2513150.356999998,XIV - 0.446
2013-01-04,2540872.2619999982,None - 0.00
2013-01-07,2540574.1769999983,XIV - 0.446
2013-01-08,2542586.0469999984,XIV - 0.446
2013-01-09,2543735.686999998,XIV - 0.445
2013-01-10,2568407.226999998,XIV - 0.445
2013-01-11,2575207.8369999984,XIV - 0.446
2013-01-14,2578597.7369999983,XIV - 0.446
2013-01-15,2588205.2869999986,XIV - 0.445
2013-01-16,2610107.0969999987,XIV - 0.445
2013-01-17,2596208.4469999988,XIV - 0.446
2013-01-18,2670628.061999999,XIV - 0.446
2013-01-22,2721994.681999999,XIV - 0.445
2013-01-23,2751577.751999999,XIV - 0.792
2013-01-24,2719862.5119999987,XIV - 0.446
2013-01-25,2709201.3219999988,XIV - 0.445
2013-01-28,2676097.361999999,XIV - 0.445
2013-01-29,2715584.0919999983,None - 0.00
2013-01-30,2715317.2619999982,XIV - 0.446
2013-01-31,2726851.1769999983,None - 0.00
2013-02-01,2726569.8619999983,XIV - 0.446
2013-02-04,2669801.2819999983,XIV - 0.445
2013-02-05,2707729.1269999985,None - 0.00
2013-02-06,2707450.1919999984,None - 0.00
2013-02-07,2707450.1919999984,XIV - 0.446
2013-02-08,2730904.9569999985,XIV - 0.446
2013-02-11,2741036.0769999987,XIV - 0.445
2013-02-12,2754838.7719999985,XIV - 0.445
2013-02-13,2759058.1669999985,XIV - 0.446
2013-02-14,2775414.6969999983,XIV - 0.446
2013-02-15,2779594.7669999986,XIV - 0.446
2013-02-19,2831875.7669999986,XIV - 0.99
2013-02-20,2545888.0219999985,XIV - 0.99
2013-02-21,2527730.0619999985,None - 0.00
2013-02-22,2527162.6569999987,None - 0.00
2013-02-25,2527162.6569999987,XIV - 0.446
2013-02-26,2556385.9719999987,None - 0.00
2013-02-27,2556090.7869999986,None - 0.00
2013-02-28,2556090.7869999986,None - 0.00
2013-03-01,2556090.7869999986,None - 0.00
2013-03-04,2556090.7869999986,None - 0.00
2013-03-05,2556090.7869999986,XIV - 0.446
2013-03-06,2551184.7019999987,XIV - 0.445
2013-03-07,2579131.4019999984,XIV - 0.445
2013-03-08,2597511.7169999983,XIV - 0.445
2013-03-11,2652179.0869999984,XIV - 0.445
2013-03-12,2625028.056999998,XIV - 0.445
2013-03-13,2636524.1519999984,XIV - 0.445
2013-03-14,2648954.5519999983,XIV - 0.792
2013-03-15,2635580.0819999976,XIV - 0.99
2013-03-18,2502368.3219999983,XIV - 0.99
2013-03-19,2494668.251999998,None - 0.00
2013-03-20,2494118.246999998,None - 0.00
2013-03-21,2494118.246999998,XIV - 0.792
2013-03-22,2513416.9469999983,XIV - 0.446
2013-03-25,2531521.601999998,XIV - 0.792
2013-03-26,2574592.356999998,XIV - 0.792
2013-03-27,2550104.891999998,XIV - 0.99
2013-03-28,2578566.441999998,XIV - 0.99
2013-04-01,2546823.7419999978,XIV - 0.99
2013-04-02,2640993.751999998,XIV - 0.792
2013-04-03,2541043.256999998,XIV - 0.99
2013-04-04,2590090.3569999984,None - 0.00
2013-04-05,2589556.0269999984,XIV - 0.792
2013-04-08,2659289.056999998,XIV - 0.99
2013-04-09,2668743.7819999987,XIV - 0.99
2013-04-10,2765384.8719999986,XIV - 0.99
2013-04-11,2763260.8919999986,XIV - 0.99
2013-04-12,2831228.2519999985,XIV - 0.991
2013-04-15,2297047.2819999987,XIV - 0.99
2013-04-16,2562956.2819999983,None - 0.00
2013-04-17,2562424.4619999984,XIV - 0.347
2013-04-18,2521455.9369999985,None - 0.00
2013-04-19,2521245.8419999983,None - 0.00
2013-04-22,2521245.8419999983,XIV - 0.792
2013-04-23,2616818.7169999983,XIV - 0.792
2013-04-24,2605368.9419999984,XIV - 0.99
2013-04-25,2581018.6519999984,XIV - 0.99
2013-04-26,2575509.6519999984,XIV - 0.792
2013-04-29,2582451.5019999985,XIV - 0.793
2013-04-30,2615948.5019999985,XIV - 0.792
2013-05-01,2526401.916999998,XIV - 0.99
2013-05-02,2612685.2869999986,None - 0.00
2013-05-03,2612131.4519999987,XIV - 0.99
2013-05-06,2668112.466999999,XIV - 0.99
2013-05-07,2676808.546999999,XIV - 0.99
2013-05-08,2644198.2469999986,XIV - 0.99
2013-05-09,2602891.8669999987,XIV - 0.99
2013-05-10,2651807.316999999,XIV - 0.99
2013-05-13,2661590.4069999987,XIV - 0.99
2013-05-14,2672460.506999999,XIV - 0.99
2013-05-15,2652894.326999999,XIV - 0.99
2013-05-16,2615935.9869999983,XIV - 0.99
2013-05-17,2669199.4769999986,XIV - 0.99
2013-05-20,2668112.466999999,XIV - 0.99
2013-05-21,2614848.9769999986,XIV - 0.99
2013-05-22,2632241.1369999987,XIV - 0.545
2013-05-23,2613468.391999999,XIV - 0.544
2013-05-24,2613466.636999999,XIV - 0.544
2013-05-28,2638716.6169999987,XIV - 0.544
2013-05-29,2623207.311999999,None - 0.00
2013-05-30,2622909.101999999,None - 0.00
2013-05-31,2622909.101999999,None - 0.00
2013-06-03,2622909.101999999,None - 0.00
2013-06-04,2622909.101999999,None - 0.00
2013-06-05,2622909.101999999,None - 0.00
2013-06-06,2622909.101999999,None - 0.00
2013-06-07,2622909.101999999,None - 0.00
2013-06-10,2622909.101999999,None - 0.00
2013-06-11,2622909.101999999,None - 0.00
2013-06-12,2622909.101999999,None - 0.00
2013-06-13,2622909.101999999,None - 0.00
2013-06-14,2622909.101999999,None - 0.00
2013-06-17,2622909.101999999,None - 0.00
2013-06-18,2622909.101999999,None - 0.00
2013-06-19,2622909.101999999,None - 0.00
2013-06-20,2622909.101999999,None - 0.00
2013-06-21,2622909.101999999,None - 0.00
2013-06-24,2622909.101999999,None - 0.00
2013-06-25,2622909.101999999,None - 0.00
2013-06-26,2622909.101999999,None - 0.00
2013-06-27,2622909.101999999,None - 0.00
2013-06-28,2622909.101999999,None - 0.00
2013-07-01,2622909.101999999,None - 0.00
2013-07-02,2622909.101999999,None - 0.00
2013-07-03,2622909.101999999,None - 0.00
2013-07-05,2622909.101999999,None - 0.00
2013-07-08,2622909.101999999,XIV - 0.446
2013-07-09,2633163.4069999987,XIV - 0.644
2013-07-10,2663247.4469999988,XIV - 0.99
2013-07-11,2713613.211999999,XIV - 0.99
2013-07-12,2688335.291999999,XIV - 0.99
2013-07-15,2765268.0919999992,XIV - 0.99
2013-07-16,2689434.331999999,XIV - 0.99
2013-07-17,2787248.891999999,XIV - 0.446
2013-07-18,2798809.9669999992,XIV - 0.99
2013-07-19,2893566.1569999987,XIV - 0.99
2013-07-22,2933991.9869999993,XIV - 0.991
2013-07-23,2943825.296999999,XIV - 0.991
2013-07-24,2917603.1369999987,XIV - 0.991
2013-07-25,2975510.4069999987,XIV - 0.991
2013-07-26,2985343.716999999,XIV - 0.991
2013-07-29,2951473.426999999,XIV - 0.991
2013-07-30,3011565.876999999,XIV - 0.991
2013-07-31,3084769.4069999987,XIV - 0.99
2013-08-01,3152438.926999999,XIV - 0.99
2013-08-02,3245213.026999999,XIV - 0.99
2013-08-05,3280139.746999999,XIV - 0.991
2013-08-06,3190640.026999999,XIV - 0.99
2013-08-07,3151347.4669999992,XIV - 0.99
2013-08-08,3202646.086999999,XIV - 0.99
2013-08-09,3128426.806999999,XIV - 0.99
2013-08-12,3170993.746999999,XIV - 0.99
2013-08-13,3200463.166999999,XIV - 0.99
2013-08-14,3145890.166999999,XIV - 0.99
2013-08-15,3008366.2069999995,XIV - 0.99
2013-08-16,3028012.4869999993,None - 0.00
2013-08-19,3027466.7569999993,None - 0.00
2013-08-20,3027466.7569999993,None - 0.00
2013-08-21,3027466.7569999993,None - 0.00
2013-08-22,3027466.7569999993,None - 0.00
2013-08-23,3027466.7569999993,None - 0.00
2013-08-26,3027466.7569999993,XIV - 0.446
2013-08-27,2916202.8769999994,None - 0.00
2013-08-28,2915951.7169999992,None - 0.00
2013-08-29,2915951.7169999992,None - 0.00
2013-08-30,2915951.7169999992,None - 0.00
2013-09-03,2915951.7169999992,None - 0.00
2013-09-04,2915951.7169999992,None - 0.00
2013-09-05,2915951.7169999992,None - 0.00
2013-09-06,2915951.7169999992,None - 0.00
2013-09-09,2915951.7169999992,None - 0.00
2013-09-10,2915951.7169999992,None - 0.00
2013-09-11,2915951.7169999992,None - 0.00
2013-09-12,2915951.7169999992,None - 0.00
2013-09-13,2915951.7169999992,None - 0.00
2013-09-16,2915951.7169999992,None - 0.00
2013-09-17,2915951.7169999992,None - 0.00
2013-09-18,2915951.7169999992,None - 0.00
2013-09-19,2915951.7169999992,None - 0.00
2013-09-20,2915951.7169999992,XIV - 0.99
2013-09-23,2850832.921999999,XIV - 0.99
2013-09-24,2900773.651999999,None - 0.00
2013-09-25,2900284.0369999986,None - 0.00
2013-09-26,2900284.0369999986,None - 0.00
2013-09-27,2900284.0369999986,None - 0.00
2013-09-30,2900284.0369999986,None - 0.00
2013-10-01,2900284.0369999986,None - 0.00
2013-10-02,2900284.0369999986,None - 0.00
2013-10-03,2900284.0369999986,None - 0.00
2013-10-04,2900284.0369999986,None - 0.00
2013-10-07,2900284.0369999986,None - 0.00
2013-10-08,2900284.0369999986,None - 0.00
2013-10-09,2900284.0369999986,None - 0.00
2013-10-10,2900284.0369999986,None - 0.00
2013-10-11,2900284.0369999986,None - 0.00
2013-10-14,2900284.0369999986,None - 0.00
2013-10-15,2900284.0369999986,None - 0.00
2013-10-16,2900284.0369999986,None - 0.00
2013-10-17,2900284.0369999986,XIV - 0.446
2013-10-18,2918606.6369999987,XIV - 0.99
2013-10-21,2867972.586999999,XIV - 0.99
2013-10-22,2867022.126999999,XIV - 0.792
2013-10-23,2853999.6369999987,XIV - 0.99
2013-10-24,2894824.981999999,XIV - 0.99
2013-10-25,2885308.4819999984,XIV - 0.99
2013-10-28,2877695.2819999987,XIV - 0.99
2013-10-29,2890066.7319999984,XIV - 0.99
2013-10-30,2874840.3319999985,XIV - 0.99
2013-10-31,2884356.831999999,XIV - 0.99
2013-11-01,2880550.2319999984,XIV - 0.99
2013-11-04,2974763.5819999985,XIV - 0.99
2013-11-05,2959537.1819999986,XIV - 0.99
2013-11-06,3012829.5819999985,XIV - 0.991
2013-11-07,2912906.3319999985,XIV - 0.99
2013-11-08,3024249.381999999,XIV - 0.991
2013-11-11,3057557.1319999984,XIV - 0.991
2013-11-12,3047088.9819999984,XIV - 0.991
2013-11-13,3075638.481999999,XIV - 0.991
2013-11-14,3091816.5319999983,XIV - 0.991
2013-11-15,3140350.681999999,XIV - 0.991
2013-11-18,3144157.2819999987,XIV - 0.991
2013-11-19,3098478.0819999985,XIV - 0.991
2013-11-20,3172706.7819999987,XIV - 0.991
2013-11-21,3272630.0319999987,XIV - 0.99
2013-11-22,3300190.3419999992,XIV - 0.99
2013-11-25,3295438.3919999986,XIV - 0.99
2013-11-26,3278331.371999999,XIV - 0.99
2013-11-27,3255522.0119999987,XIV - 0.99
2013-11-29,3235563.821999999,XIV - 0.99
2013-12-02,3180441.2019999987,XIV - 0.99
2013-12-03,3109161.9519999987,XIV - 0.989
2013-12-04,3163334.1819999986,XIV - 0.99
2013-12-05,3121517.021999999,XIV - 0.99
2013-12-06,3232712.6519999993,XIV - 0.347
2013-12-09,3247707.0769999987,XIV - 0.99
2013-12-10,3217256.791999999,XIV - 0.99
2013-12-11,3073123.1419999986,XIV - 0.545
2013-12-12,3056323.4619999984,None - 0.00
2013-12-13,3056064.2769999984,None - 0.00
2013-12-16,3056064.2769999984,None - 0.00
2013-12-17,3056064.2769999984,None - 0.00
2013-12-18,3056064.2769999984,None - 0.00
2013-12-19,3056064.2769999984,XIV - 0.99
2013-12-20,3057400.626999998,XIV - 0.99
2013-12-23,3169654.0269999984,XIV - 0.99
2013-12-24,3276562.026999998,XIV - 0.991
2013-12-26,3281907.4269999983,XIV - 0.991
2013-12-27,3219544.426999998,XIV - 0.991
2013-12-30,3174108.5269999984,XIV - 0.991
2013-12-31,3174108.5269999984,XIV - 0.991
2014-01-02,3114418.226999998,XIV - 0.545
2014-01-03,3131851.5719999983,XIV - 0.198
2014-01-06,3138077.0119999987,XIV - 0.545
2014-01-07,3170801.221999998,XIV - 0.544
2014-01-08,3167923.271999998,XIV - 0.544
2014-01-09,3162650.8619999983,XIV - 0.544
2014-01-10,3198676.1119999983,XIV - 0.99
2014-01-13,3122345.201999998,XIV - 0.99
2014-01-14,3232226.871999998,None - 0.00
2014-01-15,3231794.266999998,XIV - 0.545
2014-01-16,3210066.651999998,XIV - 0.544
2014-01-17,3215347.306999998,XIV - 0.545
2014-01-21,3234554.5069999984,XIV - 0.544
2014-01-22,3265568.3969999985,XIV - 0.544
2014-01-23,3222013.7169999983,XIV - 0.544
2014-01-24,2985000.0619999985,None - 0.00
2014-01-27,2984760.6569999987,None - 0.00
2014-01-28,2984760.6569999987,None - 0.00
2014-01-29,2984760.6569999987,None - 0.00
2014-01-30,2984760.6569999987,None - 0.00
2014-01-31,2984760.6569999987,None - 0.00
2014-02-03,2984760.6569999987,None - 0.00
2014-02-04,2984760.6569999987,None - 0.00
2014-02-05,2984760.6569999987,None - 0.00
2014-02-06,2984760.6569999987,None - 0.00
2014-02-07,2984760.6569999987,None - 0.00
2014-02-10,2984760.6569999987,None - 0.00
2014-02-11,2984760.6569999987,None - 0.00
2014-02-12,2984760.6569999987,None - 0.00
2014-02-13,2984760.6569999987,None - 0.00
2014-02-14,2984760.6569999987,None - 0.00
2014-02-18,2984760.6569999987,None - 0.00
2014-02-19,2984760.6569999987,None - 0.00
2014-02-20,2984760.6569999987,None - 0.00
2014-02-21,2984760.6569999987,None - 0.00
2014-02-24,2984760.6569999987,None - 0.00
2014-02-25,2984760.6569999987,None - 0.00
2014-02-26,2984760.6569999987,None - 0.00
2014-02-27,2984760.6569999987,None - 0.00
2014-02-28,2984760.6569999987,None - 0.00
2014-03-03,2984760.6569999987,None - 0.00
2014-03-04,2984760.6569999987,None - 0.00
2014-03-05,2984760.6569999987,None - 0.00
2014-03-06,2984760.6569999987,None - 0.00
2014-03-07,2984760.6569999987,None - 0.00
2014-03-10,2984760.6569999987,None - 0.00
2014-03-11,2984760.6569999987,None - 0.00
2014-03-12,2984760.6569999987,None - 0.00
2014-03-13,2984760.6569999987,None - 0.00
2014-03-14,2984760.6569999987,None - 0.00
2014-03-17,2984760.6569999987,None - 0.00
2014-03-18,2984760.6569999987,None - 0.00
2014-03-19,2984760.6569999987,None - 0.00
2014-03-20,2984760.6569999987,None - 0.00
2014-03-21,2984760.6569999987,None - 0.00
2014-03-24,2984760.6569999987,None - 0.00
2014-03-25,2984760.6569999987,None - 0.00
2014-03-26,2984760.6569999987,XIV - 0.644
2014-03-27,3018275.1969999988,XIV - 0.446
2014-03-28,3030675.591999999,XIV - 0.446
2014-03-31,3067119.086999999,XIV - 0.99
2014-04-01,3171083.021999999,XIV - 0.99
2014-04-02,3149488.091999999,XIV - 0.99
2014-04-03,3180472.1219999986,XIV - 0.99
2014-04-04,3103481.5019999985,XIV - 0.99
2014-04-07,3025551.9719999987,XIV - 0.99
2014-04-08,3079069.841999999,XIV - 0.446
2014-04-09,3112607.611999999,XIV - 0.445
2014-04-10,3030080.361999999,XIV - 0.99
2014-04-11,2938732.9069999987,XIV - 0.446
2014-04-14,2943647.4319999986,None - 0.00
2014-04-15,2943431.6769999987,None - 0.00
2014-04-16,2943431.6769999987,XIV - 0.446
2014-04-17,2967486.2919999985,XIV - 0.99
2014-04-21,3002514.751999999,XIV - 0.99
2014-04-22,3032362.9219999993,XIV - 0.99
2014-04-23,3009750.6719999993,XIV - 0.99
2014-04-24,2984424.951999999,XIV - 0.99
2014-04-25,2962717.191999999,XIV - 0.99
2014-04-28,3031458.4319999986,XIV - 0.99
2014-04-29,3070351.501999999,XIV - 0.99
2014-04-30,3066733.541999999,XIV - 0.99
2014-05-01,3078491.911999999,XIV - 0.99
2014-05-02,3069447.011999999,XIV - 0.99
2014-05-05,3123716.411999999,XIV - 0.991
2014-05-06,3087536.8119999995,XIV - 0.99
2014-05-07,3157182.541999999,XIV - 0.991
2014-05-08,3152660.0919999992,XIV - 0.991
2014-05-09,3215069.901999999,XIV - 0.991
2014-05-12,3310945.8419999992,XIV - 0.99
2014-05-13,3301910.041999999,XIV - 0.99
2014-05-14,3331724.881999999,XIV - 0.99
2014-05-15,3285647.401999999,XIV - 0.99
2014-05-16,3346180.561999999,XIV - 0.99
2014-05-19,3413941.561999999,XIV - 0.99
2014-05-20,3401292.841999999,XIV - 0.99
2014-05-21,3471764.281999999,XIV - 0.99
2014-05-22,3482606.041999999,XIV - 0.99
2014-05-23,3516034.8019999987,XIV - 0.991
2014-05-27,3625355.881999999,XIV - 0.991
2014-05-28,3620838.481999999,XIV - 0.991
2014-05-29,3652460.281999999,XIV - 0.991
2014-05-30,3645232.4419999984,XIV - 0.991
2014-06-02,3666012.481999999,XIV - 0.991
2014-06-03,3650653.3219999988,XIV - 0.991
2014-06-04,3687696.001999999,XIV - 0.991
2014-06-05,3825928.4419999984,XIV - 0.99
2014-06-06,4024422.441999999,XIV - 0.99
2014-06-09,3972091.941999999,XIV - 0.99
2014-06-10,4027129.191999999,XIV - 0.99
2014-06-11,3932392.9419999984,XIV - 0.99
2014-06-12,3737506.941999999,XIV - 0.99
2014-06-13,3825927.4419999984,XIV - 0.99
2014-06-16,3822318.441999999,XIV - 0.99
2014-06-17,3924272.691999999,XIV - 0.99
2014-06-18,4140812.691999999,XIV - 0.991
2014-06-19,4108331.691999999,XIV - 0.991
2014-06-20,4076752.941999999,XIV - 0.991
2014-06-23,4164271.1919999984,XIV - 0.991
2014-06-24,4019008.941999999,XIV - 0.99
2014-06-25,4146226.191999999,XIV - 0.991
2014-06-26,4123669.941999999,XIV - 0.991
2014-06-27,4155248.691999999,XIV - 0.991
2014-06-30,4212090.441999999,XIV - 0.991
2014-07-01,4317653.691999999,XIV - 0.99
2014-07-02,4369021.661999999,XIV - 0.99
2014-07-03,4410477.321999999,XIV - 0.99
2014-07-07,4309541.801999999,XIV - 0.99
2014-07-08,4269888.561999998,XIV - 0.99
2014-07-09,4342886.571999999,XIV - 0.545
2014-07-10,4239095.026999999,XIV - 0.99
2014-07-11,4296837.846999999,XIV - 0.545
2014-07-14,4379591.856999999,XIV - 0.544
2014-07-15,4333776.501999998,XIV - 0.544
2014-07-16,4388032.401999999,XIV - 0.544
2014-07-17,4202559.306999999,XIV - 0.99
2014-07-18,4410738.836999999,None - 0.00
2014-07-21,4410269.466999999,XIV - 0.545
2014-07-22,4476973.971999999,None - 0.00
2014-07-23,4476708.216999999,None - 0.00
2014-07-24,4476708.216999999,XIV - 0.545
2014-07-25,4424089.516999999,XIV - 0.544
2014-07-28,4450522.851999999,XIV - 0.347
2014-07-29,4440858.546999999,XIV - 0.545
2014-07-30,4422972.187,XIV - 0.347
2014-07-31,4261807.876999999,None - 0.00
2014-08-01,4261635.796999999,None - 0.00
2014-08-04,4261635.796999999,None - 0.00
2014-08-05,4261635.796999999,None - 0.00
2014-08-06,4261635.796999999,None - 0.00
2014-08-07,4261635.796999999,None - 0.00
2014-08-08,4261635.796999999,None - 0.00
2014-08-11,4261635.796999999,None - 0.00
2014-08-12,4261635.796999999,None - 0.00
2014-08-13,4261635.796999999,None - 0.00
2014-08-14,4261635.796999999,XIV - 0.545
2014-08-15,4255030.171999999,XIV - 0.99
2014-08-18,4411614.522,XIV - 0.99
2014-08-19,4384679.362,XIV - 0.99
2014-08-20,4384679.362,XIV - 0.99
2014-08-21,4415462.402,XIV - 0.99
2014-08-22,4383717.392,XIV - 0.99
2014-08-25,4428929.982,XIV - 0.99
2014-08-26,4389489.211999999,XIV - 0.99
2014-08-27,4357744.202,XIV - 0.99
2014-08-28,4346200.562,XIV - 0.99
2014-08-29,4295216.152,XIV - 0.99
2014-09-02,4291368.272,XIV - 0.99
2014-09-03,4352934.352,XIV - 0.545
2014-09-04,4352717.8319999995,XIV - 0.99
2014-09-05,4441934.922,XIV - 0.545
2014-09-08,4426384.152,XIV - 0.99
2014-09-09,4311431.416999999,XIV - 0.99
2014-09-10,4333607.096999999,None - 0.00
2014-09-11,4333125.016999999,XIV - 0.545
2014-09-12,4278361.096999999,XIV - 0.198
2014-09-15,4255440.781999999,None - 0.00
2014-09-16,4255343.546999998,None - 0.00
2014-09-17,4255343.546999998,None - 0.00
2014-09-18,4255343.546999998,XIV - 0.198
2014-09-19,4248996.926999998,XIV - 0.99
2014-09-22,4034877.326999998,XIV - 0.99
2014-09-23,3903481.8869999982,XIV - 0.198
2014-09-24,3938672.151999998,None - 0.00
2014-09-25,3938579.546999998,None - 0.00
2014-09-26,3938579.546999998,None - 0.00
2014-09-29,3938579.546999998,None - 0.00
2014-09-30,3938579.546999998,None - 0.00
2014-10-01,3938579.546999998,None - 0.00
2014-10-02,3938579.546999998,None - 0.00
2014-10-03,3938579.546999998,None - 0.00
2014-10-06,3938579.546999998,XIV - 0.446
2014-10-07,3811308.591999998,None - 0.00
2014-10-08,3811089.5369999977,None - 0.00
2014-10-09,3811089.5369999977,None - 0.00
2014-10-10,3811089.5369999977,None - 0.00
2014-10-13,3811089.5369999977,None - 0.00
2014-10-14,3811089.5369999977,None - 0.00
2014-10-15,3811089.5369999977,None - 0.00
2014-10-16,3811089.5369999977,None - 0.00
2014-10-17,3811089.5369999977,None - 0.00
2014-10-20,3811089.5369999977,None - 0.00
2014-10-21,3811089.5369999977,None - 0.00
2014-10-22,3811089.5369999977,None - 0.00
2014-10-23,3811089.5369999977,None - 0.00
2014-10-24,3811089.5369999977,None - 0.00
2014-10-27,3811089.5369999977,None - 0.00
2014-10-28,3811089.5369999977,None - 0.00
2014-10-29,3811089.5369999977,XIV - 0.99
2014-10-30,3834346.0869999975,XIV - 0.644
2014-10-31,3881957.9969999976,XIV - 0.446
2014-11-03,3863481.266999997,XIV - 0.445
2014-11-04,3869314.236999998,XIV - 0.446
2014-11-05,3917448.0369999977,XIV - 0.445
2014-11-06,3965244.941999997,XIV - 0.99
2014-11-07,3967053.7569999974,XIV - 0.99
2014-11-10,4131360.5369999977,XIV - 0.99
2014-11-11,4141825.9369999976,XIV - 0.99
2014-11-12,4047637.336999997,XIV - 0.99
2014-11-13,3956588.356999997,XIV - 0.99
2014-11-14,4024613.456999997,XIV - 0.99
2014-11-17,4012054.9769999976,XIV - 0.99
2014-11-18,4028799.616999997,XIV - 0.99
2014-11-19,3976472.616999997,XIV - 0.99
2014-11-20,4063335.4369999976,XIV - 0.99
2014-11-21,4110429.736999997,XIV - 0.99
2014-11-24,4209851.036999998,XIV - 0.991
2014-11-25,4234967.996999998,XIV - 0.991
2014-11-26,4298806.936999998,XIV - 0.991
2014-11-28,4139732.856999997,XIV - 0.99
2014-12-01,3942983.336999997,XIV - 0.99
2014-12-02,4247526.476999997,XIV - 0.446
2014-12-03,4241120.831999998,XIV - 0.99
2014-12-04,4311020.196999998,XIV - 0.99
2014-12-05,4370732.256999997,XIV - 0.99
2014-12-08,4100456.6169999978,XIV - 0.99
2014-12-09,4082647.7569999974,XIV - 0.792
2014-12-10,3703617.9719999973,XIV - 0.446
2014-12-11,3566307.7819999973,None - 0.00
2014-12-12,3566065.496999997,None - 0.00
2014-12-15,3566065.496999997,None - 0.00
2014-12-16,3566065.496999997,None - 0.00
2014-12-17,3566065.496999997,None - 0.00
2014-12-18,3566065.496999997,None - 0.00
2014-12-19,3566065.496999997,None - 0.00
2014-12-22,3566065.496999997,None - 0.00
2014-12-23,3566065.496999997,XIV - 0.446
2014-12-24,3538522.996999997,None - 0.00
2014-12-26,3538302.6569999973,XIV - 0.99
2014-12-29,3486661.7819999973,XIV - 0.99
2014-12-30,3416198.5319999973,XIV - 0.446
2014-12-31,3284291.7569999974,None - 0.00
2015-01-02,3284074.5269999974,None - 0.00
2015-01-05,3284074.5269999974,None - 0.00
2015-01-06,3284074.5269999974,None - 0.00
2015-01-07,3284074.5269999974,None - 0.00
2015-01-08,3284074.5269999974,None - 0.00
2015-01-09,3284074.5269999974,None - 0.00
2015-01-12,3284074.5269999974,None - 0.00
2015-01-13,3284074.5269999974,None - 0.00
2015-01-14,3284074.5269999974,None - 0.00
2015-01-15,3284074.5269999974,None - 0.00
2015-01-16,3284074.5269999974,None - 0.00
2015-01-20,3284074.5269999974,None - 0.00
2015-01-21,3284074.5269999974,None - 0.00
2015-01-22,3284074.5269999974,None - 0.00
2015-01-23,3284074.5269999974,None - 0.00
2015-01-26,3284074.5269999974,None - 0.00
2015-01-27,3284074.5269999974,None - 0.00
2015-01-28,3284074.5269999974,None - 0.00
2015-01-29,3284074.5269999974,None - 0.00
2015-01-30,3284074.5269999974,None - 0.00
2015-02-02,3284074.5269999974,None - 0.00
2015-02-03,3284074.5269999974,None - 0.00
2015-02-04,3284074.5269999974,None - 0.00
2015-02-05,3284074.5269999974,None - 0.00
2015-02-06,3284074.5269999974,None - 0.00
2015-02-09,3284074.5269999974,None - 0.00
2015-02-10,3284074.5269999974,None - 0.00
2015-02-11,3284074.5269999974,None - 0.00
2015-02-12,3284074.5269999974,None - 0.00
2015-02-13,3284074.5269999974,XIV - 0.792
2015-02-17,3272370.161999997,XIV - 0.446
2015-02-18,3302440.4169999976,XIV - 0.445
2015-02-19,3322221.3819999974,None - 0.00
2015-02-20,3321980.1169999973,XIV - 0.99
2015-02-23,3300983.811999997,XIV - 0.99
2015-02-24,3462808.9919999973,XIV - 0.991
2015-02-25,3397259.5519999973,XIV - 0.99
2015-02-26,3465881.6219999976,XIV - 0.991
2015-02-27,3500704.7619999973,XIV - 0.991
2015-03-02,3598004.7119999975,XIV - 0.991
2015-03-03,3507874.231999997,XIV - 0.991
2015-03-04,3512995.281999997,XIV - 0.991
2015-03-05,3579568.9319999977,XIV - 0.991
2015-03-06,3409550.0719999974,XIV - 0.99
2015-03-09,3462808.9919999973,XIV - 0.446
2015-03-10,3381456.3219999974,XIV - 0.445
2015-03-11,3365307.4169999976,XIV - 0.445
2015-03-12,3460350.3819999974,XIV - 0.445
2015-03-13,3418316.8669999978,XIV - 0.792
2015-03-16,3477329.2669999977,XIV - 0.446
2015-03-17,3487884.2919999976,XIV - 0.792
2015-03-18,3623301.1719999975,XIV - 0.792
2015-03-19,3620840.941999998,XIV - 0.99
2015-03-20,3690342.631999998,XIV - 0.99
2015-03-23,3708767.251999998,XIV - 0.99
2015-03-24,3746640.0819999976,XIV - 0.99
2015-03-25,3598219.5319999973,XIV - 0.99
2015-03-26,3628927.231999998,XIV - 0.99
2015-03-27,3669870.8319999976,XIV - 0.99
2015-03-30,3758923.161999997,XIV - 0.99
2015-03-31,3650422.6219999976,XIV - 0.99
2015-04-01,3693413.4019999974,XIV - 0.99
2015-04-02,3754828.8019999973,XIV - 0.99
2015-04-06,3832621.641999998,XIV - 0.991
2015-04-07,3839786.771999997,XIV - 0.991
2015-04-08,3926791.9219999975,XIV - 0.991
2015-04-09,4069070.9319999972,XIV - 0.99
2015-04-10,4255152.191999998,XIV - 0.99
2015-04-13,4067025.071999998,XIV - 0.99
2015-04-14,4184604.5219999976,XIV - 0.99
2015-04-15,4263331.631999997,XIV - 0.99
2015-04-16,4317520.421999997,XIV - 0.991
2015-04-17,4166200.781999998,XIV - 0.99
2015-04-20,4290937.241999998,XIV - 0.991
2015-04-21,4304228.831999999,XIV - 0.991
2015-04-22,4359440.051999998,XIV - 0.991
2015-04-23,4412606.411999998,XIV - 0.991
2015-04-24,4434077.441999998,XIV - 0.991
2015-04-27,4305251.261999998,XIV - 0.991
2015-04-28,4468840.061999998,XIV - 0.991
2015-04-29,4303206.401999998,XIV - 0.991
2015-04-30,4215277.421999997,XIV - 0.99
2015-05-01,4440212.021999998,XIV - 0.991
2015-05-04,4440212.021999998,XIV - 0.991
2015-05-05,4255152.191999998,XIV - 0.99
2015-05-06,4182559.661999997,XIV - 0.99
2015-05-07,4237770.881999997,XIV - 0.99
2015-05-08,4420785.851999998,XIV - 0.545
2015-05-11,4348634.936999998,XIV - 0.99
2015-05-12,4418837.776999998,XIV - 0.99
2015-05-13,4479954.696999998,XIV - 0.545
2015-05-14,4534396.401999998,XIV - 0.544
2015-05-15,4549052.866999997,XIV - 0.99
2015-05-18,4706268.571999998,XIV - 0.99
2015-05-19,4737962.041999998,XIV - 0.99
2015-05-20,4737962.041999998,XIV - 0.99
2015-05-21,4908697.831999998,XIV - 0.991
2015-05-22,4871892.511999998,XIV - 0.991
2015-05-26,4718537.011999998,XIV - 0.99
2015-05-27,4836109.561999998,XIV - 0.991
2015-05-28,4844288.521999997,XIV - 0.991
2015-05-29,4800326.611999998,XIV - 0.991
2015-06-01,4815662.161999998,XIV - 0.991
2015-06-02,4726715.971999997,XIV - 0.99
2015-06-03,4857579.331999998,XIV - 0.991
2015-06-04,4698089.611999998,XIV - 0.99
2015-06-05,4747163.371999998,XIV - 0.545
2015-06-08,4683984.726999998,XIV - 0.544
2015-06-09,4729453.546999998,XIV - 0.544
2015-06-10,4846170.296999998,XIV - 0.544
2015-06-11,4900885.001999998,XIV - 0.544
2015-06-12,4842835.781999998,XIV - 0.544
2015-06-15,4717818.846999997,XIV - 0.544
2015-06-16,4780039.576999998,XIV - 0.347
2015-06-17,4782427.551999997,XIV - 0.545
2015-06-18,4889102.726999998,XIV - 0.544
2015-06-19,4810041.706999998,XIV - 0.544
2015-06-22,4958663.431999997,XIV - 0.544
2015-06-23,5036852.941999998,XIV - 0.99
2015-06-24,4871916.196999998,XIV - 0.99
2015-06-25,4859245.356999998,XIV - 0.545
2015-06-26,4879403.641999997,XIV - 0.544
2015-06-29,4420395.991999998,XIV - 0.545
2015-06-30,4426807.661999998,None - 0.00
2015-07-01,4426515.066999998,None - 0.00
2015-07-02,4426515.066999998,None - 0.00
2015-07-06,4426515.066999998,None - 0.00
2015-07-07,4426515.066999998,None - 0.00
2015-07-08,4426515.066999998,None - 0.00
2015-07-09,4426515.066999998,None - 0.00
2015-07-10,4426515.066999998,None - 0.00
2015-07-13,4426515.066999998,None - 0.00
2015-07-14,4426515.066999998,None - 0.00
2015-07-15,4426515.066999998,XIV - 0.545
2015-07-16,4570624.821999998,None - 0.00
2015-07-17,4570362.326999998,XIV - 0.99
2015-07-20,4638496.091999997,XIV - 0.99
2015-07-21,4640350.071999997,XIV - 0.545
2015-07-22,4648806.501999997,XIV - 0.99
2015-07-23,4616214.271999997,XIV - 0.99
2015-07-24,4424683.3819999965,XIV - 0.99
2015-07-27,4184113.181999997,XIV - 0.545
2015-07-28,4369341.426999996,None - 0.00
2015-07-29,4369086.706999997,XIV - 0.198
2015-07-30,4376384.896999996,XIV - 0.99
2015-07-31,4365556.201999997,XIV - 0.99
2015-08-03,4406602.711999997,XIV - 0.99
2015-08-04,4349836.261999997,XIV - 0.99
2015-08-05,4387389.451999997,XIV - 0.99
2015-08-06,4271236.561999996,XIV - 0.99
2015-08-07,4327129.681999996,XIV - 0.198
2015-08-10,4354378.211999997,XIV - 0.198
2015-08-11,4312827.696999997,XIV - 0.99
2015-08-12,4364744.421999997,None - 0.00
2015-08-13,4364301.416999998,None - 0.00
2015-08-14,4364301.416999998,None - 0.00
2015-08-17,4364301.416999998,XIV - 0.644
2015-08-18,4332342.756999997,XIV - 0.99
2015-08-19,4176670.1269999975,XIV - 0.644
2015-08-20,3908942.226999997,None - 0.00
2015-08-21,3908658.1769999973,None - 0.00
2015-08-24,3908658.1769999973,VXX - 0.99
2015-08-25,3932988.3039999977,VXX - 0.99
2015-08-26,3704031.748999998,VXX - 0.989
2015-08-27,3755970.7949999976,VXX - 0.99
2015-08-28,3800569.8179999976,VXX - 0.99
2015-08-31,4091301.7949999976,VXX - 0.99
2015-09-01,4555064.567999997,VXX - 0.991
2015-09-02,4102404.9769999976,VXX - 0.99
2015-09-03,4079192.619999998,VXX - 0.99
2015-09-04,4421342.016999997,VXX - 0.991
2015-09-08,3997371.8559999974,VXX - 0.99
2015-09-09,4127778.3559999974,VXX - 0.991
2015-09-10,3976953.9239999973,VXX - 0.99
2015-09-11,3890513.0439999974,None - 0.00
2015-09-14,3890326.7489999975,None - 0.00
2015-09-15,3890326.7489999975,None - 0.00
2015-09-16,3890326.7489999975,VXX - 0.99
2015-09-17,4179090.9389999975,None - 0.00
2015-09-18,4178866.5689999973,None - 0.00
2015-09-21,4178866.5689999973,None - 0.00
2015-09-22,4178866.5689999973,None - 0.00
2015-09-23,4178866.5689999973,VXX - 0.99
2015-09-24,4314190.886999996,VXX - 0.99
2015-09-25,4405506.590999997,VXX - 0.991
2015-09-28,4705928.312999997,VXX - 0.991
2015-09-29,4677023.246999998,VXX - 0.991
2015-09-30,4532497.916999997,VXX - 0.991
2015-10-01,4382373.857999997,VXX - 0.991
2015-10-02,4172920.6319999974,None - 0.00
2015-10-05,4172703.6269999975,None - 0.00
2015-10-06,4172703.6269999975,XIV - 0.446
2015-10-07,4245423.076999998,None - 0.00
2015-10-08,4245084.846999997,XIV - 0.446
2015-10-09,4263207.996999998,XIV - 0.445
2015-10-12,4394123.421999997,XIV - 0.445
2015-10-13,4220920.391999997,XIV - 0.445
2015-10-14,4215762.781999998,XIV - 0.445
2015-10-15,4374497.331999998,XIV - 0.445
2015-10-16,4391108.856999997,XIV - 0.445
2015-10-19,4517354.511999997,XIV - 0.99
2015-10-20,4218243.636999997,XIV - 0.989
2015-10-21,3923432.7569999974,XIV - 0.99
2015-10-22,4388689.286999998,XIV - 0.99
2015-10-23,4237279.286999998,XIV - 0.99
2015-10-26,4156966.6869999976,XIV - 0.989
2015-10-27,4259661.486999998,XIV - 0.99
2015-10-28,4376838.886999997,XIV - 0.99
2015-10-29,4328124.686999997,XIV - 0.99
2015-10-30,4218846.886999997,XIV - 0.99
2015-11-02,4399221.0869999975,XIV - 0.99
2015-11-03,4326808.0869999975,XIV - 0.99
2015-11-04,4183298.686999998,XIV - 0.99
2015-11-05,4339974.086999998,XIV - 0.99
2015-11-06,4430819.486999998,XIV - 0.99
2015-11-09,4125368.2869999977,XIV - 0.989
2015-11-10,4272827.486999997,XIV - 0.792
2015-11-11,4175767.5319999973,XIV - 0.99
2015-11-12,3829806.8169999975,XIV - 0.99
2015-11-13,3577835.4169999976,XIV - 0.446
2015-11-16,3739309.4219999975,XIV - 0.445
2015-11-17,3677533.641999997,XIV - 0.792
2015-11-18,3795616.8369999975,XIV - 0.446
2015-11-19,3756932.7569999974,XIV - 0.445
2015-11-20,3823784.321999998,XIV - 0.792
2015-11-23,3893362.7469999976,XIV - 0.99
2015-11-24,3798860.8069999972,XIV - 0.99
2015-11-25,3932249.0869999975,XIV - 0.99
2015-11-27,3850454.3869999973,XIV - 0.99
2015-11-30,3898272.8269999977,XIV - 0.99
2015-12-01,4069412.5069999974,XIV - 0.99
2015-12-02,3933507.4669999974,XIV - 0.99
2015-12-03,3652888.726999997,XIV - 0.989
2015-12-04,3963708.5869999975,XIV - 0.792
2015-12-07,3919297.0819999976,XIV - 0.99
2015-12-08,3704660.0169999977,XIV - 0.989
2015-12-09,3536837.9569999976,None - 0.00
2015-12-10,3536207.0469999975,None - 0.00
2015-12-11,3536207.0469999975,XIV - 0.347
2015-12-14,3617592.746999997,None - 0.00
2015-12-15,3617327.646999997,None - 0.00
2015-12-16,3617327.646999997,None - 0.00
2015-12-17,3617327.646999997,XIV - 0.99
2015-12-18,3404676.4219999975,XIV - 0.792
2015-12-21,3610765.6219999967,XIV - 0.99
2015-12-22,3792236.821999997,None - 0.00
2015-12-23,3791554.116999997,XIV - 0.545
2015-12-24,3754285.0719999964,XIV - 0.99
2015-12-28,3840920.2769999965,XIV - 0.545
2015-12-29,3877033.9469999964,XIV - 0.347
2015-12-30,3815570.5519999964,XIV - 0.545
2015-12-31,3799894.5119999964,None - 0.00
2016-01-04,3799506.3269999963,None - 0.00
2016-01-05,3799506.3269999963,None - 0.00
2016-01-06,3799506.3269999963,None - 0.00
2016-01-07,3799506.3269999963,None - 0.00
2016-01-08,3799506.3269999963,VXX - 0.99
2016-01-11,3593999.8229999966,VXX - 0.989
2016-01-12,3432346.016999996,None - 0.00
2016-01-13,3432161.6069999957,None - 0.00
2016-01-14,3432161.6069999957,None - 0.00
2016-01-15,3432161.6069999957,None - 0.00
2016-01-19,3432161.6069999957,VXX - 0.99
2016-01-20,3530860.4909999953,VXX - 0.99
2016-01-21,3578742.8309999956,VXX - 0.99
2016-01-22,3251917.6469999957,None - 0.00
2016-01-25,3251756.4269999955,None - 0.00
2016-01-26,3251756.4269999955,None - 0.00
2016-01-27,3251756.4269999955,XIV - 0.545
2016-01-28,3287596.0769999954,None - 0.00
2016-01-29,3287130.626999995,None - 0.00
2016-02-01,3287130.626999995,None - 0.00
2016-02-02,3287130.626999995,None - 0.00
2016-02-03,3287130.626999995,None - 0.00
2016-02-04,3287130.626999995,None - 0.00
2016-02-05,3287130.626999995,None - 0.00
2016-02-08,3287130.626999995,None - 0.00
2016-02-09,3287130.626999995,None - 0.00
2016-02-10,3287130.626999995,VXX - 0.99
2016-02-11,3541885.691999995,None - 0.00
2016-02-12,3541741.026999995,None - 0.00
2016-02-16,3541741.026999995,XIV - 0.347
2016-02-17,3587717.7969999956,XIV - 0.99
2016-02-18,3608310.111999995,XIV - 0.99
2016-02-19,3670014.1119999955,XIV - 0.99
2016-02-22,3884049.861999995,XIV - 0.99
2016-02-23,3683698.0619999957,XIV - 0.99
2016-02-24,3749232.4019999956,XIV - 0.99
2016-02-25,3897650.6719999956,XIV - 0.99
2016-02-26,3793621.911999995,XIV - 0.99
2016-02-29,3737755.151999995,XIV - 0.99
2016-03-01,4096072.991999995,XIV - 0.99
2016-03-02,4117263.8319999957,XIV - 0.99
2016-03-03,4288623.431999994,XIV - 0.99
2016-03-04,4169248.631999995,XIV - 0.99
2016-03-07,4221234.431999995,XIV - 0.99
2016-03-08,4024843.631999995,XIV - 0.99
2016-03-09,4132666.031999995,XIV - 0.99
2016-03-10,4171174.031999995,XIV - 0.99
2016-03-11,4357937.831999996,XIV - 0.99
2016-03-14,4419515.391999995,XIV - 0.99
2016-03-15,4369482.811999995,XIV - 0.99
2016-03-16,4552294.161999996,XIV - 0.99
2016-03-17,4673526.951999995,XIV - 0.99
2016-03-18,4683141.051999995,XIV - 0.99
2016-03-21,4869673.991999994,XIV - 0.99
2016-03-22,4906211.371999995,XIV - 0.99
2016-03-23,4652372.731999994,XIV - 0.99
2016-03-24,4729293.531999995,XIV - 0.99
2016-03-28,4798522.251999995,XIV - 0.99
2016-03-29,5073514.111999995,XIV - 0.99
2016-03-30,5154215.691999994,XIV - 0.99
2016-03-31,5121550.361999995,XIV - 0.99
2016-04-01,5265662.111999995,XIV - 0.99
2016-04-04,5113864.401999995,XIV - 0.99
2016-04-05,4864070.701999995,XIV - 0.99
2016-04-06,5154215.691999994,XIV - 0.99
2016-04-07,4687293.621999995,XIV - 0.99
2016-04-08,4798831.8419999955,XIV - 0.99
2016-04-11,4673830.991999995,XIV - 0.99
2016-04-12,4887293.981999995,XIV - 0.99
2016-04-13,5123834.051999995,XIV - 0.99
2016-04-14,5181475.951999995,XIV - 0.99
2016-04-15,5231433.131999996,XIV - 0.99
2016-04-18,5492747.611999995,XIV - 0.99
2016-04-19,5502347.261999995,XIV - 0.99
2016-04-20,5435142.711999995,XIV - 0.99
2016-04-21,5318014.781999995,XIV - 0.99
2016-04-22,5498507.001999995,XIV - 0.99
2016-04-25,5477385.571999995,XIV - 0.99
2016-04-26,5567631.681999995,XIV - 0.99
2016-04-27,5713561.561999994,XIV - 0.99
2016-04-28,5375618.681999995,XIV - 0.99
2016-04-29,5241209.581999995,XIV - 0.99
2016-05-02,5531149.211999995,XIV - 0.99
2016-05-03,5268091.401999995,XIV - 0.99
2016-05-04,5208567.371999995,XIV - 0.99
2016-05-05,5227778.271999995,XIV - 0.99
2016-05-06,5473690.591999995,XIV - 0.99
2016-05-09,5562065.331999995,XIV - 0.99
2016-05-10,5853896.731999995,XIV - 0.99
2016-05-11,5529425.181999995,XIV - 0.99
2016-05-12,5679181.281999995,XIV - 0.99
2016-05-13,5479506.481999995,XIV - 0.99
2016-05-16,5679181.281999995,XIV - 0.99
2016-05-17,5496786.031999995,XIV - 0.99
2016-05-18,5475666.581999995,XIV - 0.99
2016-05-19,5504465.831999995,XIV - 0.99
2016-05-20,5690700.981999995,XIV - 0.99
2016-05-23,5617742.881999995,XIV - 0.99
2016-05-24,5944134.381999996,XIV - 0.99
2016-05-25,6040068.881999996,XIV - 0.99
2016-05-26,6147516.641999995,XIV - 0.99
2016-05-27,6281826.3419999955,XIV - 0.99
2016-05-31,6327849.421999996,XIV - 0.99
2016-06-01,6318261.071999994,XIV - 0.99
2016-06-02,6471674.671999996,XIV - 0.99
2016-06-03,6498522.0519999955,XIV - 0.99
2016-06-06,6598240.891999994,XIV - 0.99
2016-06-07,6563722.831999995,XIV - 0.99
2016-06-08,6534957.781999995,XIV - 0.99
2016-06-09,6398803.211999995,XIV - 0.99
2016-06-10,5877196.971999995,XIV - 0.99
2016-06-13,4950318.971999995,XIV - 0.545
2016-06-14,4997473.446999995,None - 0.00
2016-06-15,4996944.721999995,None - 0.00
2016-06-16,4996944.721999995,None - 0.00
2016-06-17,4996944.721999995,None - 0.00
2016-06-20,4996944.721999995,None - 0.00
2016-06-21,4996944.721999995,None - 0.00
2016-06-22,4996944.721999995,None - 0.00
2016-06-23,4996944.721999995,None - 0.00
2016-06-24,4996944.721999995,None - 0.00
2016-06-27,4996944.721999995,None - 0.00
2016-06-28,4996944.721999995,None - 0.00
2016-06-29,4996944.721999995,None - 0.00
2016-06-30,4996944.721999995,XIV - 0.545
2016-07-01,5017413.871999995,XIV - 0.544
2016-07-05,5007998.616999995,XIV - 0.99
2016-07-06,5165658.506999995,XIV - 0.545
2016-07-07,5195597.6769999955,XIV - 0.99
2016-07-08,5492613.641999994,XIV - 0.99
2016-07-11,5519119.401999995,XIV - 0.99
2016-07-12,5674373.281999995,XIV - 0.99
2016-07-13,5681946.641999994,XIV - 0.99
2016-07-14,5719813.441999995,XIV - 0.99
2016-07-15,5666799.921999995,XIV - 0.99
2016-07-18,5880747.341999995,XIV - 0.99
2016-07-19,5912911.701999996,XIV - 0.99
2016-07-20,5986702.821999995,XIV - 0.99
2016-07-21,5850473.061999995,XIV - 0.99
2016-07-22,6005623.621999996,XIV - 0.99
2016-07-25,6018868.181999995,XIV - 0.99
2016-07-26,6071846.421999996,XIV - 0.99
2016-07-27,6208076.181999995,XIV - 0.99
2016-07-28,6361251.851999996,XIV - 0.99
2016-07-29,6582507.041999995,XIV - 0.99
2016-08-01,6671335.101999996,XIV - 0.99
2016-08-02,6436977.581999995,XIV - 0.99
2016-08-03,6593845.921999995,XIV - 0.99
2016-08-04,6767724.081999995,XIV - 0.99
2016-08-05,7015311.461999996,XIV - 0.99
2016-08-08,7149415.9719999945,XIV - 0.99
2016-08-09,7083307.621999996,XIV - 0.99
2016-08-10,7045531.421999996,XIV - 0.99
2016-08-11,7107862.151999995,XIV - 0.99
2016-08-12,7172081.691999996,XIV - 0.99
2016-08-15,7241967.661999995,XIV - 0.99
2016-08-16,6994533.551999995,XIV - 0.99
2016-08-17,7221190.751999996,XIV - 0.99
2016-08-18,7338296.9719999945,XIV - 0.99
2016-08-19,7287299.101999995,XIV - 0.99
2016-08-22,7260855.761999995,XIV - 0.99
2016-08-23,7274077.431999995,XIV - 0.99
2016-08-24,7075752.3819999965,XIV - 0.99
2016-08-25,7147527.161999995,XIV - 0.99
2016-08-26,7085196.431999995,XIV - 0.99
2016-08-29,7251411.711999997,XIV - 0.99
2016-08-30,7306187.201999996,XIV - 0.99
2016-08-31,7300520.771999996,XIV - 0.99
2016-09-01,7309964.821999995,XIV - 0.99
2016-09-02,7536622.021999996,XIV - 0.99
2016-09-06,7793319.661999996,XIV - 0.99
2016-09-07,7857494.321999995,XIV - 0.99
2016-09-08,7778219.741999996,XIV - 0.99
2016-09-09,6560788.691999995,XIV - 0.99
2016-09-12,6936962.941999995,None - 0.00
2016-09-13,6936017.776999995,None - 0.00
2016-09-14,6936017.776999995,None - 0.00
2016-09-15,6936017.776999995,None - 0.00
2016-09-16,6936017.776999995,None - 0.00
2016-09-19,6936017.776999995,None - 0.00
2016-09-20,6936017.776999995,None - 0.00
2016-09-21,6936017.776999995,None - 0.00
2016-09-22,6936017.776999995,XIV - 0.545
2016-09-23,6875214.026999995,XIV - 0.99
2016-09-26,6596850.321999995,XIV - 0.99
2016-09-27,6874809.561999995,None - 0.00
2016-09-28,6873918.666999996,XIV - 0.198
2016-09-29,6822582.136999995,XIV - 0.545
2016-09-30,6850087.121999995,XIV - 0.544
2016-10-03,6908519.016999995,XIV - 0.544
2016-10-04,6943919.376999995,XIV - 0.198
2016-10-05,6950371.411999996,None - 0.00
2016-10-06,6950193.366999996,XIV - 0.545
2016-10-07,6886895.476999996,XIV - 0.545
2016-10-10,7000820.541999996,XIV - 0.198
2016-10-11,6929245.011999996,XIV - 0.545
2016-10-12,6857749.506999996,None - 0.00
2016-10-13,6857248.316999995,None - 0.00
2016-10-14,6857248.316999995,None - 0.00
2016-10-17,6857248.316999995,None - 0.00
2016-10-18,6857248.316999995,None - 0.00
2016-10-19,6857248.316999995,None - 0.00
2016-10-20,6857248.316999995,XIV - 0.545
2016-10-21,6902452.256999995,XIV - 0.99
2016-10-24,7173389.666999995,XIV - 0.99
2016-10-25,7045315.986999995,XIV - 0.99
2016-10-26,6880168.346999995,XIV - 0.99
2016-10-27,6693113.366999995,XIV - 0.99
2016-10-28,6514484.286999995,None - 0.00
2016-10-31,6513641.696999995,None - 0.00
2016-11-01,6513641.696999995,None - 0.00
2016-11-02,6513641.696999995,None - 0.00
2016-11-03,6513641.696999995,None - 0.00
2016-11-04,6513641.696999995,None - 0.00
2016-11-07,6513641.696999995,None - 0.00
2016-11-08,6513641.696999995,None - 0.00
2016-11-09,6513641.696999995,None - 0.00
2016-11-10,6513641.696999995,None - 0.00
2016-11-11,6513641.696999995,None - 0.00
2016-11-14,6513641.696999995,XIV - 0.99
2016-11-15,6807786.041999995,XIV - 0.991
2016-11-16,6674894.381999995,XIV - 0.99
2016-11-17,6905023.8419999955,XIV - 0.99
2016-11-18,6926076.471999996,XIV - 0.99
2016-11-21,7146329.831999996,XIV - 0.99
2016-11-22,7165763.951999996,XIV - 0.99
2016-11-23,7156046.891999995,XIV - 0.99
2016-11-25,7214349.251999995,XIV - 0.99
2016-11-28,7165763.951999996,XIV - 0.99
2016-11-29,7222446.8019999955,XIV - 0.99
2016-11-30,7136612.771999995,XIV - 0.99
2016-12-01,6921217.941999996,XIV - 0.99
2016-12-02,6890447.251999995,XIV - 0.99
2016-12-05,7463753.791999995,XIV - 0.99
2016-12-06,7640146.401999995,XIV - 0.99
2016-12-07,7564086.771999995,XIV - 0.99
2016-12-08,7526866.101999994,XIV - 0.99
2016-12-09,7696786.5519999955,XIV - 0.99
2016-12-12,7504210.041999995,XIV - 0.99
2016-12-13,7560850.191999995,XIV - 0.99
2016-12-14,7601307.441999995,XIV - 0.99
2016-12-15,7740480.381999995,XIV - 0.99
2016-12-16,7806830.271999995,XIV - 0.99
2016-12-19,8072229.831999996,XIV - 0.99
2016-12-20,8219380.381999995,XIV - 0.99
2016-12-21,8332573.881999996,XIV - 0.99
2016-12-22,8185422.331999995,XIV - 0.99
2016-12-23,8182188.231999995,XIV - 0.99
2016-12-27,8342276.181999995,XIV - 0.99
2016-12-28,7996227.481999995,XIV - 0.99
2016-12-29,7897587.431999995,XIV - 0.99
2016-12-30,7760138.181999995,XIV - 0.644
2017-01-03,8146811.0919999955,XIV - 0.644
2017-01-04,8361946.796999996,XIV - 0.99
2017-01-05,8450261.751999997,XIV - 0.99
2017-01-06,8538841.461999994,XIV - 0.99
2017-01-09,8583908.331999995,XIV - 0.99
2017-01-10,8613434.901999995,XIV - 0.99
2017-01-11,8781270.141999995,XIV - 0.991
2017-01-12,8736203.271999994,XIV - 0.99
2017-01-13,8812350.741999995,XIV - 0.991
2017-01-17,8841877.311999995,XIV - 0.991
2017-01-18,8841877.311999995,XIV - 0.991
2017-01-19,8812350.741999995,XIV - 0.991
2017-01-20,9053225.391999995,XIV - 0.99
2017-01-23,9213160.731999995,XIV - 0.99
2017-01-24,9581169.591999995,XIV - 0.991
2017-01-25,9776819.871999996,XIV - 0.99
2017-01-26,9814057.751999995,XIV - 0.99
2017-01-27,9888535.511999996,XIV - 0.99
2017-01-30,9668205.471999995,XIV - 0.99
2017-01-31,9648034.411999995,XIV - 0.99
2017-02-01,9855951.491999995,XIV - 0.99
2017-02-02,9693031.391999995,XIV - 0.99
2017-02-03,9927326.011999996,XIV - 0.545
2017-02-06,9914177.931999996,XIV - 0.99
2017-02-07,9890532.906999994,XIV - 0.99
2017-02-08,9888979.896999996,XIV - 0.545
2017-02-09,1.0028709421999997E7,XIV - 0.544
2017-02-10,1.0150276476999994E7,XIV - 0.99
2017-02-13,1.0377904216999995E7,XIV - 0.99
2017-02-14,1.0967574976999994E7,XIV - 0.99
2017-02-15,1.0460368256999994E7,XIV - 0.99
2017-02-16,1.0378364936999995E7,XIV - 0.545
2017-02-17,1.0312003196999995E7,XIV - 0.544
2017-02-21,1.0284275351999994E7,XIV - 0.544
