2011-07-15,100000,XIV - 1.00
2011-07-18,95965.57,XIV - 1.00
2011-07-19,101754.1,XIV - 1.00
2011-07-20,103859.02,XIV - 1.00
2011-07-21,109179.79,XIV - 1.00
2011-07-22,109764.49,XIV - 1.00
2011-07-25,103800.55,XIV - 1.00
2011-07-26,102104.92,XIV - 1.00
2011-07-27,94386.88,XIV - 1.00
2011-07-28,94269.92,XIV - 1.00
2011-07-29,95907.36,XIV - 1.00
2011-08-01,97895.68,XIV - 1.00
2011-08-02,90702.64,XIV - 1.00
2011-08-03,91638.32,XIV - 1.00
2011-08-04,72047.52,VXX - 0.999
2011-08-05,74401.696,VXX - 1.00
2011-08-08,88595.684,VXX - 1.00
2011-08-09,74318.058,VXX - 1.00
2011-08-10,85129.02,VXX - 1.00
2011-08-11,82160.498,VXX - 1.00
2011-08-12,82584.16,VXX - 1.00
2011-08-15,78771.62,VXX - 1.00
2011-08-16,79538.498,VXX - 1.00
2011-08-17,82638.386,VXX - 1.00
2011-08-18,98506.54,VXX - 1.00
2011-08-19,104155.202,VXX - 1.00
2011-08-22,107417.54,VXX - 1.00
2011-08-23,101633.256,VXX - 1.00
2011-08-24,99672.912,VXX - 1.00
2011-08-25,102569.234,VXX - 1.00
2011-08-26,100291.438,VXX - 1.00
2011-08-29,94263.004,VXX - 1.00
2011-08-30,96852.704,VXX - 1.00
2011-08-31,94916.49,VXX - 1.00
2011-09-01,96445.002,VXX - 1.00
2011-09-02,102063.15,VXX - 1.00
2011-09-06,105131.992,VXX - 1.00
2011-09-07,99723.49,VXX - 1.00
2011-09-08,102375.814,VXX - 1.00
2011-09-09,111356.848,VXX - 1.00
2011-09-12,112267.328,VXX - 1.00
2011-09-13,112170.048,VXX - 1.00
2011-09-14,108219.606,VXX - 1.00
2011-09-15,102842.72,VXX - 1.00
2011-09-16,100466.808,VXX - 1.00
2011-09-19,104500.584,VXX - 1.00
2011-09-20,104017.11,VXX - 1.00
2011-09-21,112848.5,VXX - 1.00
2011-09-22,121571.666,VXX - 1.00
2011-09-23,123179.18,VXX - 1.00
2011-09-26,118272.24,VXX - 1.00
2011-09-27,116102.554,VXX - 1.00
2011-09-28,123971.442,VXX - 1.00
2011-09-29,121323.488,VXX - 1.00
2011-09-30,131522.08,VXX - 1.00
2011-10-03,140840.44,VXX - 1.00
2011-10-04,129676.61,VXX - 1.00
2011-10-05,122880.614,VXX - 1.00
2011-10-06,121271.732,VXX - 1.00
2011-10-07,121495.286,VXX - 1.00
2011-10-10,112812.59,VXX - 1.00
2011-10-11,112262.388,VXX - 1.00
2011-10-12,105281.104,VXX - 1.00
2011-10-13,104507.348,VXX - 1.00
2011-10-14,98097.47,VXX - 1.00
2011-10-17,110373.484,VXX - 1.00
2011-10-18,103835.318,VXX - 1.00
2011-10-19,113373.508,VXX - 1.00
2011-10-20,114164.06,VXX - 1.00
2011-10-21,106067.704,VXX - 1.00
2011-10-24,100181.618,VXX - 1.00
2011-10-25,108267.79,VXX - 1.00
2011-10-26,102560.038,VXX - 1.00
2011-10-27,88864.496,VXX - 1.00
2011-10-28,88661.31,VXX - 1.00
2011-10-31,99812.22,VXX - 1.00
2011-11-01,111999.428,VXX - 1.00
2011-11-02,108403.146,VXX - 1.00
2011-11-03,103526.91,VXX - 1.00
2011-11-04,105397.992,VXX - 1.00
2011-11-07,104812.602,VXX - 1.00
2011-11-08,99138.556,VXX - 1.00
2011-11-09,118928.424,VXX - 1.00
2011-11-10,111407.312,VXX - 1.00
2011-11-11,106470.656,VXX - 1.00
2011-11-14,108447.492,VXX - 1.00
2011-11-15,108267.182,VXX - 1.00
2011-11-16,115137.088,VXX - 1.00
2011-11-17,118998.344,VXX - 1.00
2011-11-18,114212.548,VXX - 1.00
2011-11-21,116314.366,VXX - 1.00
2011-11-22,114116.674,VXX - 1.00
2011-11-23,118588.438,VXX - 1.00
2011-11-25,121429.128,VXX - 1.00
2011-11-28,113301.232,VXX - 1.00
2011-11-29,111204.544,VXX - 1.00
2011-11-30,101674.904,VXX - 1.00
2011-12-01,99693.356,VXX - 1.00
2011-12-02,99113.666,VXX - 1.00
2011-12-05,98774.516,VXZ - 1.00
2011-12-06,97516.236,VXX - 0.995
2011-12-07,99461.4,VXX - 0.995
2011-12-08,104500.245,VXX - 0.996
2011-12-09,95597.564,VXZ - 0.998
2011-12-12,93276.444,VXX - 0.982
2011-12-13,92407.534,VXX - 0.981
2011-12-14,92887.909,VXZ - 0.997
2011-12-15,93386.149,VXZ - 0.997
2011-12-16,91282.469,VXZ - 0.997
2011-12-19,91116.389,VXZ - 0.997
2011-12-20,90548.949,VXZ - 0.997
2011-12-21,87088.949,VXZ - 1.00
2011-12-22,83452.389,None - 0.00
2011-12-23,83452.389,None - 0.00
2011-12-27,83452.389,None - 0.00
2011-12-28,83452.389,None - 0.00
2011-12-29,83452.389,None - 0.00
2011-12-30,83452.389,None - 0.00
2012-01-03,83452.389,None - 0.00
2012-01-04,83452.389,ZIV - 1.00
2012-01-05,84896.689,ZIV - 1.00
2012-01-06,85553.189,ZIV - 1.00
2012-01-09,86537.939,XIV - 1.00
2012-01-10,88364.499,XIV - 1.00
2012-01-11,86309.619,XIV - 1.00
2012-01-12,88022.019,ZIV - 1.00
2012-01-13,86631.189,ZIV - 1.00
2012-01-17,86167.579,ZIV - 1.00
2012-01-18,86896.109,XIV - 1.00
2012-01-19,89322.049,XIV - 1.00
2012-01-20,91968.529,XIV - 1.00
2012-01-23,94173.929,XIV - 1.00
2012-01-24,94725.279,XIV - 1.00
2012-01-25,97482.029,XIV - 1.00
2012-01-26,97592.299,XIV - 1.00
2012-01-27,99356.619,XIV - 1.00
2012-01-30,97040.949,XIV - 1.00
2012-01-31,96158.789,XIV - 1.00
2012-02-01,100018.239,XIV - 1.00
2012-02-02,103436.609,XIV - 1.00
2012-02-03,108288.489,XIV - 1.00
2012-02-06,109170.649,XIV - 1.00
2012-02-07,107847.409,XIV - 1.00
2012-02-08,104318.769,XIV - 1.00
2012-02-09,99687.429,XIV - 1.00
2012-02-10,92189.069,ZIV - 1.00
2012-02-13,86985.629,XIV - 1.00
2012-02-14,84854.709,XIV - 1.00
2012-02-15,77977.649,XIV - 1.00
2012-02-16,82626.9289999999,XIV - 1.00
2012-02-17,83208.089,XIV - 1.00
2012-02-21,83208.089,XIV - 1.00
2012-02-22,85823.309,XIV - 1.00
2012-02-23,91538.049,XIV - 1.00
2012-02-24,87373.069,XIV - 1.00
2012-02-27,86113.889,XIV - 1.00
2012-02-28,88535.389,XIV - 1.00
2012-02-29,88244.809,XIV - 1.00
2012-03-01,91634.909,XIV - 1.00
2012-03-02,90085.149,XIV - 1.00
2012-03-05,90666.3089999999,XIV - 1.00
2012-03-06,82433.209,XIV - 1.00
2012-03-07,87857.369,XIV - 1.00
2012-03-08,90956.889,XIV - 1.00
2012-03-09,93184.669,XIV - 1.00
2012-03-12,97930.8089999999,XIV - 1.00
2012-03-13,101514.629,XIV - 1.00
2012-03-14,96284.189,XIV - 1.00
2012-03-15,98221.389,XIV - 1.00
2012-03-16,99383.709,XIV - 1.00
2012-03-19,106454.489,XIV - 1.00
2012-03-20,111103.769,XIV - 1.00
2012-03-21,116915.369,XIV - 1.00
2012-03-22,115268.749,XIV - 1.00
2012-03-23,123598.709,XIV - 1.00
2012-03-26,133962.729,XIV - 1.00
2012-03-27,118465.129,XIV - 1.00
2012-03-28,117980.829,XIV - 1.00
2012-03-29,120789.769,XIV - 1.00
2012-03-30,123404.989,XIV - 1.00
2012-04-02,122920.689,XIV - 1.00
2012-04-03,120596.049,XIV - 1.00
2012-04-04,116334.209,XIV - 1.00
2012-04-05,113040.969,XIV - 1.00
2012-04-09,106938.789,XIV - 1.00
2012-04-10,100061.729,XIV - 1.00
2012-04-11,101708.349,XIV - 1.00
2012-04-12,112750.389,XIV - 1.00
2012-04-13,102967.529,XIV - 1.00
2012-04-16,104517.289,XIV - 1.00
2012-04-17,111491.209,XIV - 1.00
2012-04-18,108101.109,XIV - 1.00
2012-04-19,108875.989,XIV - 1.00
2012-04-20,112459.809,XIV - 1.00
2012-04-23,107616.809,XIV - 1.00
2012-04-24,111878.649,XIV - 1.00
2012-04-25,118271.409,XIV - 1.00
2012-04-26,121564.649,XIV - 1.00
2012-04-27,121661.509,XIV - 1.00
2012-04-30,119143.149,XIV - 1.00
2012-05-01,121952.089,XIV - 1.00
2012-05-02,122048.949,XIV - 1.00
2012-05-03,117787.109,XIV - 1.00
2012-05-04,111588.069,XIV - 1.00
2012-05-07,114978.169,XIV - 1.00
2012-05-08,114009.569,XIV - 1.00
2012-05-09,109166.569,XIV - 1.00
2012-05-10,114397.009,XIV - 1.00
2012-05-11,110232.029,XIV - 1.00
2012-05-14,102773.809,XIV - 1.00
2012-05-15,98996.269,XIV - 1.00
2012-05-16,96865.349,XIV - 1.00
2012-05-17,89794.569,XIV - 1.00
2012-05-18,83111.229,ZIV - 1.00
2012-05-21,81745.949,XIV - 1.00
2012-05-22,79475.249,XIV - 1.00
2012-05-23,79895.749,XIV - 1.00
2012-05-24,81493.649,XIV - 1.00
2012-05-25,80736.749,XIV - 1.00
2012-05-29,85446.349,XIV - 1.00
2012-05-30,76447.649,XIV - 1.00
2012-05-31,75438.449,ZIV - 1.00
2012-06-01,75649.729,ZIV - 1.00
2012-06-04,71846.689,VXZ - 0.999
2012-06-05,71833.129,VXZ - 0.999
2012-06-06,69527.929,VXZ - 0.999
2012-06-07,69772.009,XIV - 1.00
2012-06-08,73783.289,XIV - 1.00
2012-06-11,65402.579,XIV - 1.00
2012-06-12,67694.739,XIV - 1.00
2012-06-13,64256.499,XIV - 1.00
2012-06-14,68411.039,XIV - 1.00
2012-06-15,72422.319,XIV - 1.00
2012-06-18,78295.979,XIV - 1.00
2012-06-19,78081.089,XIV - 1.00
2012-06-20,83238.449,XIV - 1.00
2012-06-21,71634.389,ZIV - 1.00
2012-06-22,69903.869,XIV - 1.00
2012-06-25,68125.109,XIV - 1.00
2012-06-26,70167.389,XIV - 1.00
2012-06-27,70299.149,XIV - 1.00
2012-06-28,71419.109,XIV - 1.00
2012-06-29,76689.509,XIV - 1.00
2012-07-02,81828.149,XIV - 1.00
2012-07-03,83738.669,XIV - 1.00
2012-07-05,79719.989,XIV - 1.00
2012-07-06,81366.989,XIV - 1.00
2012-07-09,81366.989,XIV - 1.00
2012-07-10,78270.629,XIV - 1.00
2012-07-11,81366.989,XIV - 1.00
2012-07-12,80708.189,XIV - 1.00
2012-07-13,85517.429,XIV - 1.00
2012-07-16,85780.949,XIV - 1.00
2012-07-17,89140.829,XIV - 1.00
2012-07-18,88613.789,XIV - 1.00
2012-07-19,90787.829,ZIV - 1.00
2012-07-20,88545.029,ZIV - 1.00
2012-07-23,85821.629,ZIV - 1.00
2012-07-24,84379.829,ZIV - 1.00
2012-07-25,84753.629,None - 0.00
2012-07-26,84753.629,XIV - 1.00
2012-07-27,86806.139,ZIV - 1.00
2012-07-30,85928.429,ZIV - 1.00
2012-07-31,85928.429,ZIV - 1.00
2012-08-01,85515.389,ZIV - 1.00
2012-08-02,84844.199,XIV - 1.00
2012-08-03,90927.329,XIV - 1.00
2012-08-06,92758.809,XIV - 1.00
2012-08-07,88899.619,XIV - 1.00
2012-08-08,92758.809,XIV - 1.00
2012-08-09,94067.009,XIV - 1.00
2012-08-10,94786.519,XIV - 1.00
2012-08-13,96748.819,XIV - 1.00
2012-08-14,92824.219,XIV - 1.00
2012-08-15,93085.859,XIV - 1.00
2012-08-16,94328.649,XIV - 1.00
2012-08-17,97337.509,XIV - 1.00
2012-08-20,97337.509,XIV - 1.00
2012-08-21,94655.699,XIV - 1.00
2012-08-22,93412.909,XIV - 1.00
2012-08-23,91908.479,XIV - 1.00
2012-08-24,95309.799,XIV - 1.00
2012-08-27,94132.419,XIV - 1.00
2012-08-28,93216.679,XIV - 1.00
2012-08-29,92039.299,XIV - 1.00
2012-08-30,90142.409,XIV - 1.00
2012-08-31,93478.319,XIV - 1.00
2012-09-04,95178.979,XIV - 1.00
2012-09-05,97402.919,XIV - 1.00
2012-09-06,107149.009,XIV - 1.00
2012-09-07,113297.549,XIV - 1.00
2012-09-10,105382.939,XIV - 1.00
2012-09-11,105906.219,XIV - 1.00
2012-09-12,110484.919,XIV - 1.00
2012-09-13,117483.789,XIV - 1.00
2012-09-14,111008.199,XIV - 1.00
2012-09-17,114409.519,XIV - 1.00
2012-09-18,118530.349,XIV - 1.00
2012-09-19,120034.779,XIV - 1.00
2012-09-20,117418.379,XIV - 1.00
2012-09-21,119773.139,XIV - 1.00
2012-09-24,121015.929,XIV - 1.00
2012-09-25,112381.809,XIV - 1.00
2012-09-26,108522.619,XIV - 1.00
2012-09-27,117614.609,XIV - 1.00
2012-09-28,115456.079,XIV - 1.00
2012-10-01,112512.629,XIV - 1.00
2012-10-02,114736.569,XIV - 1.00
2012-10-03,115913.949,XIV - 1.00
2012-10-04,119184.449,XIV - 1.00
2012-10-05,119969.369,XIV - 1.00
2012-10-08,118857.399,XIV - 1.00
2012-10-09,113951.649,XIV - 1.00
2012-10-10,113428.369,XIV - 1.00
2012-10-11,117156.739,XIV - 1.00
2012-10-12,114082.469,XIV - 1.00
2012-10-15,119576.909,XIV - 1.00
2012-10-16,122324.129,XIV - 1.00
2012-10-17,124482.659,XIV - 1.00
2012-10-18,122651.179,XIV - 1.00
2012-10-19,116110.179,XIV - 1.00
2012-10-22,117876.249,XIV - 1.00
2012-10-23,105906.219,XIV - 1.00
2012-10-24,108260.979,XIV - 1.00
2012-10-25,110484.919,XIV - 1.00
2012-10-26,110681.149,XIV - 1.00
2012-10-31,106691.139,ZIV - 1.00
2012-11-01,111136.239,ZIV - 1.00
2012-11-02,108518.569,XIV - 1.00
2012-11-05,106737.769,ZIV - 1.00
2012-11-06,108196.969,XIV - 1.00
2012-11-07,98550.8889999999,XIV - 1.00
2012-11-08,99841.1289999999,XIV - 1.00
2012-11-09,98673.7689999999,XIV - 1.00
2012-11-12,105432.169,XIV - 1.00
2012-11-13,106292.329,XIV - 1.00
2012-11-14,101438.569,ZIV - 1.00
2012-11-15,101486.229,ZIV - 1.00
2012-11-16,102773.049,ZIV - 1.00
2012-11-19,107253.089,XIV - 1.00
2012-11-20,108512.149,XIV - 1.00
2012-11-21,108225.999,XIV - 1.00
2012-11-23,110515.199,XIV - 1.00
2012-11-26,113891.769,XIV - 1.00
2012-11-27,110114.589,XIV - 1.00
2012-11-28,114292.379,XIV - 1.00
2012-11-29,116123.739,XIV - 1.00
2012-11-30,114235.149,XIV - 1.00
2012-12-03,108969.989,XIV - 1.00
2012-12-04,108054.309,ZIV - 1.00
2012-12-05,109538.789,ZIV - 1.00
2012-12-06,110095.469,XIV - 1.00
2012-12-07,112638.229,ZIV - 1.00
2012-12-10,112731.649,ZIV - 1.00
2012-12-11,114600.049,ZIV - 1.00
2012-12-12,112918.489,ZIV - 1.00
2012-12-13,111470.479,ZIV - 1.00
2012-12-14,111050.089,ZIV - 1.00
2012-12-17,114693.469,ZIV - 1.00
2012-12-18,117449.359,ZIV - 1.00
2012-12-19,113432.299,ZIV - 1.00
2012-12-20,113058.619,ZIV - 1.00
2012-12-21,111050.089,ZIV - 1.00
2012-12-24,110956.669,ZIV - 1.00
2012-12-26,109275.109,ZIV - 1.00
2012-12-27,110256.019,ZIV - 1.00
2012-12-28,107873.809,ZIV - 1.00
2012-12-31,111050.089,ZIV - 1.00
2013-01-02,116935.549,ZIV - 1.00
2013-01-03,117075.679,ZIV - 1.00
2013-01-04,119130.919,ZIV - 1.00
2013-01-07,118056.589,ZIV - 1.00
2013-01-08,117449.359,ZIV - 1.00
2013-01-09,118336.849,ZIV - 1.00
2013-01-10,120065.119,ZIV - 1.00
2013-01-11,121372.999,ZIV - 1.00
2013-01-14,122727.589,ZIV - 1.00
2013-01-15,123521.659,ZIV - 1.00
2013-01-16,123241.399,ZIV - 1.00
2013-01-17,124035.469,ZIV - 1.00
2013-01-18,128239.369,ZIV - 1.00
2013-01-22,132303.139,ZIV - 1.00
2013-01-23,136086.649,ZIV - 1.00
2013-01-24,135853.099,ZIV - 1.00
2013-01-25,136413.619,ZIV - 1.00
2013-01-28,136460.329,ZIV - 1.00
2013-01-29,136927.429,ZIV - 1.00
2013-01-30,133984.699,ZIV - 1.00
2013-01-31,134498.509,ZIV - 1.00
2013-02-01,134918.899,ZIV - 1.00
2013-02-04,131368.939,ZIV - 1.00
2013-02-05,133891.279,ZIV - 1.00
2013-02-06,134638.639,ZIV - 1.00
2013-02-07,134825.479,ZIV - 1.00
2013-02-08,136180.069,ZIV - 1.00
2013-02-11,138515.569,ZIV - 1.00
2013-02-12,139029.379,ZIV - 1.00
2013-02-13,139122.799,ZIV - 1.00
2013-02-14,139076.089,ZIV - 1.00
2013-02-15,138749.119,ZIV - 1.00
2013-02-19,142906.309,ZIV - 1.00
2013-02-20,139636.609,ZIV - 1.00
2013-02-21,137628.079,ZIV - 1.00
2013-02-22,140337.259,ZIV - 1.00
2013-02-25,133797.859,ZIV - 1.00
2013-02-26,136086.649,ZIV - 1.00
2013-02-27,138655.699,ZIV - 1.00
2013-02-28,136413.619,ZIV - 1.00
2013-03-01,135572.839,ZIV - 1.00
2013-03-04,138608.989,ZIV - 1.00
2013-03-05,140617.519,ZIV - 1.00
2013-03-06,140897.779,ZIV - 1.00
2013-03-07,141785.269,ZIV - 1.00
2013-03-08,141598.429,ZIV - 1.00
2013-03-11,142018.819,XIV - 1.00
2013-03-12,138756.219,XIV - 1.00
2013-03-13,140120.579,XIV - 1.00
2013-03-14,141603.579,ZIV - 1.00
2013-03-15,141322.839,ZIV - 1.00
2013-03-18,139076.919,ZIV - 1.00
2013-03-19,140106.299,ZIV - 1.00
2013-03-20,141088.889,ZIV - 1.00
2013-03-21,138983.339,ZIV - 1.00
2013-03-22,139731.979,ZIV - 1.00
2013-03-25,140340.249,ZIV - 1.00
2013-03-26,142492.589,ZIV - 1.00
2013-03-27,141697.159,ZIV - 1.00
2013-03-28,141088.889,ZIV - 1.00
2013-04-01,140995.309,ZIV - 1.00
2013-04-02,142211.849,ZIV - 1.00
2013-04-03,141088.889,ZIV - 1.00
2013-04-04,142211.849,ZIV - 1.00
2013-04-05,141650.369,ZIV - 1.00
2013-04-08,143615.549,ZIV - 1.00
2013-04-09,145159.619,ZIV - 1.00
2013-04-10,147733.069,XIV - 1.00
2013-04-11,147618.509,XIV - 1.00
2013-04-12,151284.429,XIV - 1.00
2013-04-15,122472.589,ZIV - 1.00
2013-04-16,127655.809,ZIV - 1.00
2013-04-17,122593.129,ZIV - 1.00
2013-04-18,120945.749,ZIV - 1.00
2013-04-19,120945.749,ZIV - 1.00
2013-04-22,121950.249,ZIV - 1.00
2013-04-23,126128.969,ZIV - 1.00
2013-04-24,126651.309,ZIV - 1.00
2013-04-25,126771.849,ZIV - 1.00
2013-04-26,127454.909,XIV - 1.00
2013-04-29,127895.469,XIV - 1.00
2013-04-30,129988.129,XIV - 1.00
2013-05-01,124370.989,ZIV - 1.00
2013-05-02,126240.179,ZIV - 1.00
2013-05-03,126359.489,ZIV - 1.00
2013-05-06,128268.449,ZIV - 1.00
2013-05-07,129859.249,ZIV - 1.00
2013-05-08,129421.779,ZIV - 1.00
2013-05-09,127791.209,ZIV - 1.00
2013-05-10,126279.949,ZIV - 1.00
2013-05-13,125882.249,ZIV - 1.00
2013-05-14,126439.029,ZIV - 1.00
2013-05-15,125524.319,ZIV - 1.00
2013-05-16,124728.919,ZIV - 1.00
2013-05-17,126001.559,ZIV - 1.00
2013-05-20,124450.529,ZIV - 1.00
2013-05-21,121945.019,ZIV - 1.00
2013-05-22,122819.959,ZIV - 1.00
2013-05-23,121785.939,ZIV - 1.00
2013-05-24,121467.779,ZIV - 1.00
2013-05-28,122342.719,XIV - 1.00
2013-05-29,121022.439,ZIV - 1.00
2013-05-30,120748.319,XIV - 1.00
2013-05-31,115872.479,ZIV - 1.00
2013-06-03,114915.979,ZIV - 1.00
2013-06-04,114342.079,XIV - 1.00
2013-06-05,108873.549,ZIV - 1.00
2013-06-06,109648.449,ZIV - 1.00
2013-06-07,110903.049,ZIV - 1.00
2013-06-10,111567.249,ZIV - 1.00
2013-06-11,107803.449,None - 0.00
2013-06-12,107803.449,VXZ - 1.00
2013-06-13,105967.289,None - 0.00
2013-06-14,105967.289,VXZ - 0.999
2013-06-17,105208.889,VXZ - 0.999
2013-06-18,105066.689,VXZ - 0.999
2013-06-19,104687.489,VXZ - 0.999
2013-06-20,109474.889,VXZ - 0.999
2013-06-21,107721.089,VXZ - 0.999
2013-06-24,112366.289,VXZ - 0.999
2013-06-25,111465.689,VXZ - 0.999
2013-06-26,111181.289,VXZ - 0.999
2013-06-27,109474.889,VXZ - 0.999
2013-06-28,109380.089,VXZ - 0.999
2013-07-01,106867.889,VXZ - 0.999
2013-07-02,108242.489,VXZ - 0.999
2013-07-03,108005.489,VXZ - 0.999
2013-07-05,106204.289,VXZ - 0.999
2013-07-08,102507.089,XIV - 1.00
2013-07-09,103428.569,None - 0.00
2013-07-10,103428.569,XIV - 1.00
2013-07-11,105411.629,XIV - 1.00
2013-07-12,104420.099,XIV - 1.00
2013-07-15,107437.799,XIV - 1.00
2013-07-16,104463.209,XIV - 1.00
2013-07-17,108299.999,XIV - 1.00
2013-07-18,109334.639,XIV - 1.00
2013-07-19,113085.209,XIV - 1.00
2013-07-22,114680.279,XIV - 1.00
2013-07-23,115068.269,XIV - 1.00
2013-07-24,114033.629,XIV - 1.00
2013-07-25,116318.459,XIV - 1.00
2013-07-26,116706.449,XIV - 1.00
2013-07-29,115370.039,XIV - 1.00
2013-07-30,117741.089,XIV - 1.00
2013-07-31,120629.459,XIV - 1.00
2013-08-01,123302.279,XIV - 1.00
2013-08-02,126966.629,XIV - 1.00
2013-08-05,128346.149,XIV - 1.00
2013-08-06,124811.129,XIV - 1.00
2013-08-07,123259.169,XIV - 1.00
2013-08-08,125285.339,XIV - 1.00
2013-08-09,122353.859,XIV - 1.00
2013-08-12,124035.149,XIV - 1.00
2013-08-13,125199.119,XIV - 1.00
2013-08-14,123043.619,XIV - 1.00
2013-08-15,117611.759,XIV - 1.00
2013-08-16,118387.739,XIV - 1.00
2013-08-19,115542.479,XIV - 1.00
2013-08-20,117654.869,XIV - 1.00
2013-08-21,114249.179,XIV - 1.00
2013-08-22,118818.839,XIV - 1.00
2013-08-23,120672.569,XIV - 1.00
2013-08-26,115758.029,XIV - 1.00
2013-08-27,106230.719,XIV - 1.00
2013-08-28,105454.739,XIV - 1.00
2013-08-29,105454.739,XIV - 1.00
2013-08-30,104463.209,XIV - 1.00
2013-09-03,107912.009,XIV - 1.00
2013-09-04,108687.989,XIV - 1.00
2013-09-05,110110.619,XIV - 1.00
2013-09-06,109463.969,XIV - 1.00
2013-09-09,113904.299,XIV - 1.00
2013-09-10,117482.429,XIV - 1.00
2013-09-11,121879.649,XIV - 1.00
2013-09-12,121146.779,XIV - 1.00
2013-09-13,121146.779,XIV - 1.00
2013-09-16,122914.289,XIV - 1.00
2013-09-17,123690.269,XIV - 1.00
2013-09-18,129682.559,XIV - 1.00
2013-09-19,129251.459,XIV - 1.00
2013-09-20,127095.959,XIV - 1.00
2013-09-23,124250.699,XIV - 1.00
2013-09-24,126449.309,XIV - 1.00
2013-09-25,126535.529,XIV - 1.00
2013-09-26,128561.699,XIV - 1.00
2013-09-27,123474.719,XIV - 1.00
2013-09-30,118473.959,XIV - 1.00
2013-10-01,123517.829,XIV - 1.00
2013-10-02,117439.319,XIV - 1.00
2013-10-03,112395.449,XIV - 1.00
2013-10-04,115326.929,XIV - 1.00
2013-10-07,105239.189,ZIV - 1.00
2013-10-08,102326.389,XIV - 1.00
2013-10-09,104647.789,XIV - 1.00
2013-10-10,115685.389,XIV - 1.00
2013-10-11,119014.189,XIV - 1.00
2013-10-14,117262.189,XIV - 1.00
2013-10-15,112049.989,XIV - 1.00
2013-10-16,123394.189,XIV - 1.00
2013-10-17,131278.189,XIV - 1.00
2013-10-18,133161.589,XIV - 1.00
2013-10-21,130840.189,XIV - 1.00
2013-10-22,130796.389,XIV - 1.00
2013-10-23,130051.789,XIV - 1.00
2013-10-24,131935.189,XIV - 1.00
2013-10-25,131497.189,XIV - 1.00
2013-10-28,131146.789,XIV - 1.00
2013-10-29,131716.189,XIV - 1.00
2013-10-30,131015.389,XIV - 1.00
2013-10-31,131453.389,XIV - 1.00
2013-11-01,131278.189,XIV - 1.00
2013-11-04,135614.389,XIV - 1.00
2013-11-05,134913.589,XIV - 1.00
2013-11-06,137366.389,XIV - 1.00
2013-11-07,132767.389,XIV - 1.00
2013-11-08,137891.989,XIV - 1.00
2013-11-11,139424.989,XIV - 1.00
2013-11-12,138943.189,XIV - 1.00
2013-11-13,140257.189,XIV - 1.00
2013-11-14,141001.789,XIV - 1.00
2013-11-15,143235.589,XIV - 1.00
2013-11-18,143410.789,XIV - 1.00
2013-11-19,141308.389,XIV - 1.00
2013-11-20,144724.789,XIV - 1.00
2013-11-21,149323.789,XIV - 1.00
2013-11-22,150593.989,XIV - 1.00
2013-11-25,150374.989,XIV - 1.00
2013-11-26,149586.589,XIV - 1.00
2013-11-27,148535.389,XIV - 1.00
2013-11-29,147615.589,XIV - 1.00
2013-12-02,145075.189,XIV - 1.00
2013-12-03,141790.189,XIV - 1.00
2013-12-04,144286.789,XIV - 1.00
2013-12-05,142359.589,XIV - 1.00
2013-12-06,147484.189,XIV - 1.00
2013-12-09,149498.989,XIV - 1.00
2013-12-10,148097.389,XIV - 1.00
2013-12-11,141395.989,XIV - 1.00
2013-12-12,139994.389,XIV - 1.00
2013-12-13,139862.989,XIV - 1.00
2013-12-16,137453.989,XIV - 1.00
2013-12-17,138899.389,XIV - 1.00
2013-12-18,148272.589,XIV - 1.00
2013-12-19,148754.389,XIV - 1.00
2013-12-20,148841.989,XIV - 1.00
2013-12-23,154360.789,XIV - 1.00
2013-12-24,159616.789,XIV - 1.00
2013-12-26,159879.589,XIV - 1.00
2013-12-27,156813.589,XIV - 1.00
2013-12-30,154579.789,XIV - 1.00
2013-12-31,154579.789,XIV - 1.00
2014-01-02,151645.189,XIV - 1.00
2014-01-03,153221.989,XIV - 1.00
2014-01-06,154798.789,XIV - 1.00
2014-01-07,157777.189,XIV - 1.00
2014-01-08,157514.389,XIV - 1.00
2014-01-09,157032.589,XIV - 1.00
2014-01-10,160317.589,XIV - 1.00
2014-01-13,156463.189,XIV - 1.00
2014-01-14,162025.789,XIV - 1.00
2014-01-15,161412.589,XIV - 1.00
2014-01-16,159441.589,XIV - 1.00
2014-01-17,159923.389,XIV - 1.00
2014-01-21,161675.389,XIV - 1.00
2014-01-22,164522.389,XIV - 1.00
2014-01-23,160492.789,XIV - 1.00
2014-01-24,138811.789,ZIV - 1.00
2014-01-27,139103.949,ZIV - 1.00
2014-01-28,141842.949,XIV - 1.00
2014-01-29,131397.319,ZIV - 1.00
2014-01-30,133519.509,ZIV - 1.00
2014-01-31,127987.899,ZIV - 1.00
2014-02-03,124856.799,ZIV - 1.00
2014-02-04,124508.899,ZIV - 1.00
2014-02-05,122108.389,ZIV - 1.00
2014-02-06,125830.919,XIV - 1.00
2014-02-07,135084.519,XIV - 1.00
2014-02-10,134955.399,XIV - 1.00
2014-02-11,139732.839,XIV - 1.00
2014-02-12,142874.759,XIV - 1.00
2014-02-13,143219.079,XIV - 1.00
2014-02-14,145758.439,XIV - 1.00
2014-02-18,148082.599,ZIV - 1.00
2014-02-19,143221.189,ZIV - 1.00
2014-02-20,146449.759,ZIV - 1.00
2014-02-21,145967.329,ZIV - 1.00
2014-02-24,146598.199,ZIV - 1.00
2014-02-25,146115.769,ZIV - 1.00
2014-02-26,144705.589,ZIV - 1.00
2014-02-27,143889.169,ZIV - 1.00
2014-02-28,141068.809,ZIV - 1.00
2014-03-03,139361.749,ZIV - 1.00
2014-03-04,142850.089,ZIV - 1.00
2014-03-05,142961.419,ZIV - 1.00
2014-03-06,143518.069,ZIV - 1.00
2014-03-07,142924.309,ZIV - 1.00
2014-03-10,142998.529,ZIV - 1.00
2014-03-11,141588.349,ZIV - 1.00
2014-03-12,141105.919,ZIV - 1.00
2014-03-13,139324.639,ZIV - 1.00
2014-03-14,139250.419,ZIV - 1.00
2014-03-17,142256.329,ZIV - 1.00
2014-03-18,144111.829,ZIV - 1.00
2014-03-19,143777.839,ZIV - 1.00
2014-03-20,144631.369,ZIV - 1.00
2014-03-21,143666.509,ZIV - 1.00
2014-03-24,143592.289,ZIV - 1.00
2014-03-25,143740.729,ZIV - 1.00
2014-03-26,141588.349,ZIV - 1.00
2014-03-27,142516.099,ZIV - 1.00
2014-03-28,143258.299,ZIV - 1.00
2014-03-31,146189.989,ZIV - 1.00
2014-04-01,148342.369,ZIV - 1.00
2014-04-02,148008.379,ZIV - 1.00
2014-04-03,148787.689,ZIV - 1.00
2014-04-04,147525.949,ZIV - 1.00
2014-04-07,146189.989,ZIV - 1.00
2014-04-08,148008.379,ZIV - 1.00
2014-04-09,149344.339,ZIV - 1.00
2014-04-10,145559.119,ZIV - 1.00
2014-04-11,145188.019,ZIV - 1.00
2014-04-14,145855.999,ZIV - 1.00
2014-04-15,145188.019,ZIV - 1.00
2014-04-16,148602.139,ZIV - 1.00
2014-04-17,148453.699,ZIV - 1.00
2014-04-21,148899.019,ZIV - 1.00
2014-04-22,148602.139,ZIV - 1.00
2014-04-23,148268.149,ZIV - 1.00
2014-04-24,147859.939,ZIV - 1.00
2014-04-25,147674.389,ZIV - 1.00
2014-04-28,149455.669,ZIV - 1.00
2014-04-29,150791.629,ZIV - 1.00
2014-04-30,150531.859,ZIV - 1.00
2014-05-01,150940.069,ZIV - 1.00
2014-05-02,149938.099,ZIV - 1.00
2014-05-05,150940.069,ZIV - 1.00
2014-05-06,150420.529,ZIV - 1.00
2014-05-07,152053.369,ZIV - 1.00
2014-05-08,152350.249,ZIV - 1.00
2014-05-09,153983.089,ZIV - 1.00
2014-05-12,155653.039,ZIV - 1.00
2014-05-13,155578.819,ZIV - 1.00
2014-05-14,154688.179,ZIV - 1.00
2014-05-15,154502.629,ZIV - 1.00
2014-05-16,156098.359,ZIV - 1.00
2014-05-19,157582.759,ZIV - 1.00
2014-05-20,157879.639,ZIV - 1.00
2014-05-21,158955.829,ZIV - 1.00
2014-05-22,157063.219,ZIV - 1.00
2014-05-23,156877.669,XIV - 1.00
2014-05-27,161801.159,XIV - 1.00
2014-05-28,161597.709,XIV - 1.00
2014-05-29,163021.859,XIV - 1.00
2014-05-30,162696.339,XIV - 1.00
2014-06-02,163632.209,XIV - 1.00
2014-06-03,162940.479,XIV - 1.00
2014-06-04,164608.769,XIV - 1.00
2014-06-05,170834.339,XIV - 1.00
2014-06-06,179786.139,XIV - 1.00
2014-06-09,177426.119,XIV - 1.00
2014-06-10,179908.209,XIV - 1.00
2014-06-11,175635.759,XIV - 1.00
2014-06-12,166846.719,XIV - 1.00
2014-06-13,170834.339,XIV - 1.00
2014-06-16,170671.579,XIV - 1.00
2014-06-17,175269.549,XIV - 1.00
2014-06-18,185035.149,XIV - 1.00
2014-06-19,183570.309,XIV - 1.00
2014-06-20,182146.159,XIV - 1.00
2014-06-23,186093.089,XIV - 1.00
2014-06-24,179541.999,XIV - 1.00
2014-06-25,185279.289,XIV - 1.00
2014-06-26,184262.039,XIV - 1.00
2014-06-27,185686.189,XIV - 1.00
2014-06-30,188249.659,XIV - 1.00
2014-07-01,193010.389,XIV - 1.00
2014-07-02,195329.719,XIV - 1.00
2014-07-03,197201.459,XIV - 1.00
2014-07-07,192644.179,XIV - 1.00
2014-07-08,190853.819,XIV - 1.00
2014-07-09,194149.709,XIV - 1.00
2014-07-10,185645.499,XIV - 1.00
2014-07-11,188208.969,XIV - 1.00
2014-07-14,194882.129,XIV - 1.00
2014-07-15,191138.649,XIV - 1.00
2014-07-16,195533.169,XIV - 1.00
2014-07-17,180355.799,XIV - 1.00
2014-07-18,189388.979,XIV - 1.00
2014-07-21,183855.139,XIV - 1.00
2014-07-22,188982.079,XIV - 1.00
2014-07-23,187964.829,XIV - 1.00
2014-07-24,185686.189,XIV - 1.00
2014-07-25,181698.569,XIV - 1.00
2014-07-28,183692.379,XIV - 1.00
2014-07-29,182553.059,XIV - 1.00
2014-07-30,181210.289,XIV - 1.00
2014-07-31,162167.369,XIV - 1.00
2014-08-01,154395.579,XIV - 1.00
2014-08-04,163265.999,XIV - 1.00
2014-08-05,152401.769,XIV - 1.00
2014-08-06,151669.349,XIV - 1.00
2014-08-07,148047.939,XIV - 1.00
2014-08-08,152930.739,XIV - 1.00
2014-08-11,161923.229,XIV - 1.00
2014-08-12,163510.139,XIV - 1.00
2014-08-13,172461.939,XIV - 1.00
2014-08-14,178687.509,XIV - 1.00
2014-08-15,178199.229,XIV - 1.00
2014-08-18,184831.699,XIV - 1.00
2014-08-19,183692.379,XIV - 1.00
2014-08-20,183692.379,XIV - 1.00
2014-08-21,184994.459,XIV - 1.00
2014-08-22,183651.689,XIV - 1.00
2014-08-25,185564.119,XIV - 1.00
2014-08-26,183895.829,XIV - 1.00
2014-08-27,182553.059,XIV - 1.00
2014-08-28,182064.779,XIV - 1.00
2014-08-29,179908.209,XIV - 1.00
2014-09-02,179745.449,XIV - 1.00
2014-09-03,182349.609,XIV - 1.00
2014-09-04,182349.609,XIV - 1.00
2014-09-05,186133.779,XIV - 1.00
2014-09-08,184953.769,XIV - 1.00
2014-09-09,180111.659,XIV - 1.00
2014-09-10,181047.529,XIV - 1.00
2014-09-11,181454.429,XIV - 1.00
2014-09-12,177263.359,XIV - 1.00
2014-09-15,172502.629,XIV - 1.00
2014-09-16,181942.709,XIV - 1.00
2014-09-17,183814.449,XIV - 1.00
2014-09-18,186377.919,XIV - 1.00
2014-09-19,184994.459,XIV - 1.00
2014-09-22,175595.069,XIV - 1.00
2014-09-23,169817.089,ZIV - 1.00
2014-09-24,171594.529,XIV - 1.00
2014-09-25,159329.809,ZIV - 1.00
2014-09-26,161378.949,ZIV - 1.00
2014-09-29,156998.029,ZIV - 1.00
2014-09-30,155372.849,ZIV - 1.00
2014-10-01,150991.929,None - 0.00
2014-10-02,150991.929,None - 0.00
2014-10-03,150991.929,ZIV - 1.00
2014-10-06,149177.529,None - 0.00
2014-10-07,149177.529,VXX - 0.999
2014-10-08,134899.129,ZIV - 1.00
2014-10-09,129384.649,None - 0.00
2014-10-10,129384.649,VXX - 0.999
2014-10-13,145818.649,VXX - 0.999
2014-10-14,137047.249,VXX - 0.999
2014-10-15,154113.049,VXX - 0.999
2014-10-16,146223.649,VXX - 0.999
2014-10-17,138471.049,VXX - 0.999
2014-10-20,126600.049,VXX - 0.999
2014-10-21,117047.449,VXX - 0.999
2014-10-22,124975.549,VXX - 0.999
2014-10-23,119468.449,VXX - 0.999
2014-10-24,117118.549,VXX - 0.999
2014-10-27,116907.049,VXX - 0.999
2014-10-28,108693.649,VXX - 0.999
2014-10-29,112480.849,VXX - 0.999
2014-10-30,111751.849,VXX - 0.999
2014-10-31,109576.549,VXX - 0.999
2014-11-03,110742.049,VXX - 0.999
2014-11-04,110358.649,VXX - 0.999
2014-11-05,107260.849,VXZ - 1.00
2014-11-06,104853.849,VXZ - 1.00
2014-11-07,104023.849,VXX - 1.00
2014-11-10,99666.3959999999,VXZ - 1.00
2014-11-11,99098.2759999999,VXX - 1.00
2014-11-12,101373.22,None - 0.00
2014-11-13,101373.22,VXX - 0.999
2014-11-14,99626.4759999999,VXZ - 1.00
2014-11-17,99545.6759999999,VXX - 1.00
2014-11-18,99116.1599999999,VXX - 1.00
2014-11-19,100407.327,VXX - 1.00
2014-11-20,98190.7799999999,VXZ - 1.00
2014-11-21,97877.6599999999,VXZ - 1.00
2014-11-24,97642.8199999999,VXZ - 1.00
2014-11-25,98503.8999999999,VXZ - 1.00
2014-11-26,97721.0999999999,XIV - 1.00
2014-11-28,94071.5799999999,XIV - 1.00
2014-12-01,89557.6999999999,None - 0.00
2014-12-02,89557.6999999999,XIV - 1.00
2014-12-03,89268.1899999999,XIV - 1.00
2014-12-04,90760.2799999999,XIV - 1.00
2014-12-05,92029.6699999999,XIV - 1.00
2014-12-08,86284.0099999999,ZIV - 1.00
2014-12-09,86109.7699999999,ZIV - 1.00
2014-12-10,82741.1299999999,VXX - 0.999
2014-12-11,89600.0919999999,VXX - 0.999
2014-12-12,89989.2719999999,VXX - 0.999
2014-12-15,88321.8369999999,VXX - 0.999
2014-12-16,95218.3749999999,VXX - 0.999
2014-12-17,83618.7979999999,VXX - 0.999
2014-12-18,81467.5719999999,VXX - 0.999
2014-12-19,78478.9379999999,VXX - 0.999
2014-12-22,77886.4449999999,VXX - 0.999
2014-12-23,75696.9719999999,VXZ - 1.00
2014-12-24,75155.8919999999,VXX - 0.999
2014-12-26,73323.2019999999,VXZ - 1.00
2014-12-29,72626.7219999999,VXZ - 1.00
2014-12-30,73149.0819999999,VXX - 0.999
2014-12-31,79457.1889999999,VXX - 0.999
2015-01-02,78968.7949999999,VXX - 0.999
2015-01-05,83954.9569999999,VXX - 0.999
2015-01-06,86585.5959999999,VXX - 0.999
2015-01-07,82287.8549999999,VXX - 0.999
2015-01-08,77761.0609999999,VXX - 0.999
2015-01-09,81767.9109999999,VXX - 0.999
2015-01-12,85131.1409999999,VXX - 0.999
2015-01-13,86912.4539999999,VXX - 0.999
2015-01-14,87768.7209999999,VXX - 0.999
2015-01-15,91715.6259999999,VXX - 0.999
2015-01-16,88773.9039999999,VXX - 0.999
2015-01-20,88679.2539999999,VXX - 0.999
2015-01-21,83173.7789999999,VXX - 0.999
2015-01-22,78794.0079999999,VXX - 0.999
2015-01-23,80943.1939999999,VXX - 0.999
2015-01-26,76059.2539999999,VXZ - 1.00
2015-01-27,77575.5739999999,VXX - 0.999
2015-01-28,88192.4919999999,VXX - 0.999
2015-01-29,82335.7399999999,VXX - 0.999
2015-01-30,89859.4519999999,VXX - 0.999
2015-02-02,86077.6919999999,VXX - 0.999
2015-02-03,82430.9059999999,VXX - 0.999
2015-02-04,85989.9899999999,VXX - 0.999
2015-02-05,82093.7819999999,VXX - 0.999
2015-02-06,84188.6779999999,VXX - 0.999
2015-02-09,85910.9959999999,VXX - 0.999
2015-02-10,82241.8179999999,None - 0.00
2015-02-11,82241.8179999999,ZIV - 1.00
2015-02-12,85083.5679999999,ZIV - 1.00
2015-02-13,85862.4179999999,XIV - 1.00
2015-02-17,85490.3579999999,XIV - 1.00
2015-02-18,87264.7979999999,XIV - 1.00
2015-02-19,88438.2179999999,ZIV - 1.00
2015-02-20,90170.6879999999,None - 0.00
2015-02-23,90170.6879999999,ZIV - 1.00
2015-02-24,92855.9079999999,ZIV - 1.00
2015-02-25,92591.7879999999,None - 0.00
2015-02-26,92591.7879999999,None - 0.00
2015-02-27,92591.7879999999,None - 0.00
2015-03-02,92591.7879999999,None - 0.00
2015-03-03,92591.7879999999,None - 0.00
2015-03-04,92591.7879999999,None - 0.00
2015-03-05,92591.7879999999,ZIV - 1.00
2015-03-06,90761.7079999999,None - 0.00
2015-03-09,90761.7079999999,None - 0.00
2015-03-10,90761.7079999999,VXZ - 1.00
2015-03-11,91762.9879999999,VXZ - 1.00
2015-03-12,89259.7879999999,VXZ - 1.00
2015-03-13,90547.1479999999,VXZ - 1.00
2015-03-16,89402.8279999999,VXZ - 1.00
2015-03-17,89402.8279999999,VXZ - 1.00
2015-03-18,87972.4279999999,None - 0.00
2015-03-19,87972.4279999999,VXZ - 1.00
2015-03-20,88468.0279999999,VXZ - 1.00
2015-03-23,87618.4279999999,None - 0.00
2015-03-24,87618.4279999999,None - 0.00
2015-03-25,87618.4279999999,VXZ - 1.00
2015-03-26,87135.9879999999,VXZ - 1.00
2015-03-27,86653.5479999999,None - 0.00
2015-03-30,86653.5479999999,None - 0.00
2015-03-31,86653.5479999999,VXZ - 1.00
2015-04-01,87342.7479999999,None - 0.00
2015-04-02,87342.7479999999,VXZ - 1.00
2015-04-06,85823.8679999999,VXZ - 1.00
2015-04-07,85685.7879999999,VXZ - 1.00
2015-04-08,85271.5479999999,VXZ - 1.00
2015-04-09,84235.9479999999,XIV - 1.00
2015-04-10,88125.2879999999,XIV - 1.00
2015-04-13,84193.2079999999,XIV - 1.00
2015-04-14,86650.7579999999,XIV - 1.00
2015-04-15,88296.2479999999,XIV - 1.00
2015-04-16,89428.8579999999,XIV - 1.00
2015-04-17,86266.0979999999,XIV - 1.00
2015-04-20,88873.2379999999,XIV - 1.00
2015-04-21,89151.0479999999,XIV - 1.00
2015-04-22,90305.0279999999,XIV - 1.00
2015-04-23,91416.2679999999,XIV - 1.00
2015-04-24,91865.0379999999,XIV - 1.00
2015-04-27,89172.4179999999,XIV - 1.00
2015-04-28,92591.6179999999,XIV - 1.00
2015-04-29,89129.6779999999,XIV - 1.00
2015-04-30,87291.8579999999,XIV - 1.00
2015-05-01,91993.2579999999,XIV - 1.00
2015-05-04,91993.2579999999,XIV - 1.00
2015-05-05,88125.2879999999,XIV - 1.00
2015-05-06,86608.0179999999,XIV - 1.00
2015-05-07,87761.9979999999,XIV - 1.00
2015-05-08,91587.2279999999,XIV - 1.00
2015-05-11,88851.8679999999,XIV - 1.00
2015-05-12,90305.0279999999,XIV - 1.00
2015-05-13,91565.8579999999,XIV - 1.00
2015-05-14,93617.3779999999,XIV - 1.00
2015-05-15,94172.9979999999,XIV - 1.00
2015-05-18,97463.9779999999,XIV - 1.00
2015-05-19,98126.4479999999,XIV - 1.00
2015-05-20,98126.4479999999,XIV - 1.00
2015-05-21,101695.238,XIV - 1.00
2015-05-22,100925.918,XIV - 1.00
2015-05-26,97720.4179999999,XIV - 1.00
2015-05-27,100177.968,XIV - 1.00
2015-05-28,100348.928,XIV - 1.00
2015-05-29,99430.0179999999,XIV - 1.00
2015-06-01,99750.5679999999,XIV - 1.00
2015-06-02,97891.3779999999,XIV - 1.00
2015-06-03,100626.738,XIV - 1.00
2015-06-04,97293.0179999999,XIV - 1.00
2015-06-05,98318.7779999999,XIV - 1.00
2015-06-08,95925.3379999999,XIV - 1.00
2015-06-09,97634.9379999999,XIV - 1.00
2015-06-10,102058.528,XIV - 1.00
2015-06-11,104174.158,XIV - 1.00
2015-06-12,101908.938,XIV - 1.00
2015-06-15,97079.3179999999,XIV - 1.00
2015-06-16,99430.0179999999,XIV - 1.00
2015-06-17,99579.6079999999,XIV - 1.00
2015-06-18,103661.278,XIV - 1.00
2015-06-19,100583.998,XIV - 1.00
2015-06-22,106289.788,XIV - 1.00
2015-06-23,109367.068,XIV - 1.00
2015-06-24,105755.538,XIV - 1.00
2015-06-25,105477.728,XIV - 1.00
2015-06-26,106289.788,XIV - 1.00
2015-06-29,87932.9579999999,XIV - 1.00
2015-06-30,88168.0279999999,XIV - 1.00
2015-07-01,94878.2079999999,XIV - 1.00
2015-07-02,89343.3779999999,XIV - 1.00
2015-07-06,87633.7779999999,XIV - 1.00
2015-07-07,91651.3379999999,XIV - 1.00
2015-07-08,81906.6179999999,XIV - 1.00
2015-07-09,79833.7279999999,XIV - 1.00
2015-07-10,87038.7879999999,XIV - 1.00
2015-07-13,96253.5679999999,XIV - 1.00
2015-07-14,96894.9679999999,XIV - 1.00
2015-07-15,98156.3879999999,XIV - 1.00
2015-07-16,104035.888,XIV - 1.00
2015-07-17,104356.588,XIV - 1.00
2015-07-20,105938.708,XIV - 1.00
2015-07-21,105981.468,XIV - 1.00
2015-07-22,106344.928,XIV - 1.00
2015-07-23,105596.628,XIV - 1.00
2015-07-24,101170.968,XIV - 1.00
2015-07-27,95612.1679999999,XIV - 1.00
2015-07-28,103394.488,XIV - 1.00
2015-07-29,105169.028,XIV - 1.00
2015-07-30,106066.988,XIV - 1.00
2015-07-31,105810.428,XIV - 1.00
2015-08-03,106815.288,XIV - 1.00
2015-08-04,105425.588,XIV - 1.00
2015-08-05,106344.928,XIV - 1.00
2015-08-06,103501.388,XIV - 1.00
2015-08-07,104869.708,XIV - 1.00
2015-08-10,108247.748,XIV - 1.00
2015-08-11,103031.028,XIV - 1.00
2015-08-12,104292.448,XIV - 1.00
2015-08-13,105596.628,XIV - 1.00
2015-08-14,105190.408,XIV - 1.00
2015-08-17,106152.508,XIV - 1.00
2015-08-18,104955.228,XIV - 1.00
2015-08-19,101149.588,XIV - 1.00
2015-08-20,91079.6079999999,ZIV - 1.00
2015-08-21,87933.9079999999,ZIV - 1.00
2015-08-24,79993.8579999999,VXX - 1.00
2015-08-25,80500.5179999999,VXX - 1.00
2015-08-26,75768.8679999999,VXX - 1.00
2015-08-27,76842.2479999999,VXX - 1.00
2015-08-28,77763.9379999999,VXX - 1.00
2015-08-31,83772.2479999999,VXX - 1.00
2015-09-01,93356.4379999999,VXX - 1.00
2015-09-02,84001.7079999999,VXX - 1.00
2015-09-03,83521.9979999999,VXX - 1.00
2015-09-04,90592.9079999999,VXX - 1.00
2015-09-08,81831.0779999999,VXX - 1.00
2015-09-09,84526.0779999999,VXX - 1.00
2015-09-10,81409.1179999999,VXX - 1.00
2015-09-11,79622.7179999999,VXX - 1.00
2015-09-14,79437.9179999999,VXX - 1.00
2015-09-15,71165.8079999999,VXX - 1.00
2015-09-16,66113.0679999999,VXX - 1.00
2015-09-17,71071.8679999999,VXX - 1.00
2015-09-18,74844.0979999999,VXX - 1.00
2015-09-21,68686.4079999999,VXX - 1.00
2015-09-22,75554.8079999999,VXX - 1.00
2015-09-23,73424.2179999999,VXX - 1.00
2015-09-24,75828.9279999999,VXX - 1.00
2015-09-25,77449.0079999999,VXX - 1.00
2015-09-28,82778.9479999999,VXX - 1.00
2015-09-29,82266.1279999999,VXX - 1.00
2015-09-30,79702.0279999999,VXX - 1.00
2015-10-01,77038.5979999999,VXX - 1.00
2015-10-02,73322.5779999999,VXX - 1.00
2015-10-05,69454.8679999999,VXX - 1.00
2015-10-06,71042.6079999999,VXX - 1.00
2015-10-07,68248.2779999999,VXX - 1.00
2015-10-08,65443.9379999999,VXX - 1.00
2015-10-09,64799.4479999999,VXX - 1.00
2015-10-12,60311.1179999999,VXX - 1.00
2015-10-13,65647.9879999999,VXX - 1.00
2015-10-14,65821.2379999999,VXX - 1.00
2015-10-15,60242.5879999999,VXX - 1.00
2015-10-16,59732.0779999999,VXX - 1.00
2015-10-19,55861.2879999999,VXX - 1.00
2015-10-20,59590.3979999999,VXX - 1.00
2015-10-21,63786.1279999999,VXX - 1.00
2015-10-22,56163.8979999999,VXX - 1.00
2015-10-23,58106.6079999999,VXX - 1.00
2015-10-26,59223.1079999999,None - 0.00
2015-10-27,59223.1079999999,None - 0.00
2015-10-28,59223.1079999999,VXZ - 1.00
2015-10-29,59711.6279999999,None - 0.00
2015-10-30,59711.6279999999,None - 0.00
2015-11-02,59711.6279999999,None - 0.00
2015-11-03,59711.6279999999,None - 0.00
2015-11-04,59711.6279999999,None - 0.00
2015-11-05,59711.6279999999,None - 0.00
2015-11-06,59711.6279999999,VXZ - 0.999
2015-11-09,60818.8279999999,VXX - 1.00
2015-11-10,58617.4729999999,VXX - 1.00
2015-11-11,60279.8179999999,VXX - 1.00
2015-11-12,65316.9379999999,VXX - 1.00
2015-11-13,69654.4579999999,VXX - 1.00
2015-11-16,62571.0079999999,VXX - 1.00
2015-11-17,64886.8429999999,VXX - 1.00
2015-11-18,62257.7779999999,VXX - 1.00
2015-11-19,63671.2879999999,VXX - 1.00
2015-11-20,61123.3129999999,VXX - 1.00
2015-11-23,59702.6479999999,VXX - 1.00
2015-11-24,61159.8829999999,VXX - 1.00
2015-11-25,58995.0979999999,VXX - 1.00
2015-11-27,60214.6279999999,VXX - 1.00
2015-11-30,59461.7629999999,VXX - 1.00
2015-12-01,56821.5679999999,VXX - 1.00
2015-12-02,58727.9779999999,VXX - 1.00
2015-12-03,62965.3279999999,VXX - 1.00
2015-12-04,57540.2479999999,VXX - 1.00
2015-12-07,58347.1729999999,VXX - 1.00
2015-12-08,61554.9979999999,VXX - 1.00
2015-12-09,64382.8129999999,VXX - 1.00
2015-12-10,64902.7429999999,VXX - 1.00
2015-12-11,75224.2279999999,VXX - 1.00
2015-12-14,70221.2929999999,VXX - 1.00
2015-12-15,64873.3279999999,VXX - 1.00
2015-12-16,62294.3479999999,VXX - 1.00
2015-12-17,66199.3879999999,VXX - 1.00
2015-12-18,70093.2979999999,VXZ - 1.00
2015-12-21,68379.9779999999,None - 0.00
2015-12-22,68379.9779999999,ZIV - 1.00
2015-12-23,69276.9179999999,None - 0.00
2015-12-24,69276.9179999999,None - 0.00
2015-12-28,69276.9179999999,ZIV - 1.00
2015-12-29,70215.7079999999,ZIV - 1.00
2015-12-30,69145.1579999999,ZIV - 1.00
2015-12-31,68058.1379999999,ZIV - 1.00
2016-01-04,66460.5479999999,ZIV - 1.00
2016-01-05,67531.0979999999,ZIV - 1.00
2016-01-06,66888.7679999999,ZIV - 1.00
2016-01-07,64237.0979999999,ZIV - 1.00
2016-01-08,62277.1679999999,ZIV - 1.00
2016-01-11,61634.8379999999,ZIV - 1.00
2016-01-12,63677.1179999999,ZIV - 1.00
2016-01-13,59971.3679999999,VXX - 0.999
2016-01-14,57683.0159999999,VXX - 0.999
2016-01-15,63211.8209999999,VXX - 0.999
2016-01-19,62334.7769999999,VXX - 0.999
2016-01-20,64146.7829999999,VXX - 0.999
2016-01-21,65024.4179999999,VXX - 0.999
2016-01-22,59034.0419999999,VXX - 0.999
2016-01-25,62292.2249999999,VXX - 0.999
2016-01-26,59502.7049999999,VXX - 0.999
2016-01-27,61616.7119999999,None - 0.00
2016-01-28,61616.7119999999,None - 0.00
2016-01-29,61616.7119999999,None - 0.00
2016-02-01,61616.7119999999,None - 0.00
2016-02-02,61616.7119999999,VXX - 0.999
2016-02-03,60748.7019999999,VXX - 0.999
2016-02-04,61558.4399999999,VXX - 0.999
2016-02-05,63580.3569999999,VXX - 0.999
2016-02-08,66406.5489999999,VXX - 0.999
2016-02-09,67906.4459999999,VXX - 0.999
2016-02-10,68314.3499999999,VXX - 0.999
2016-02-11,73662.0199999999,VXX - 0.999
2016-02-12,69779.0409999999,VXX - 0.999
2016-02-16,66061.7729999999,VXX - 0.999
2016-02-17,63565.1819999999,VXX - 0.999
2016-02-18,63181.5579999999,VXX - 0.999
2016-02-19,62065.2849999999,VXX - 0.999
2016-02-22,58422.0709999999,VXX - 0.999
2016-02-23,61458.8919999999,VXX - 0.999
2016-02-24,60352.9379999999,VXX - 0.999
2016-02-25,57935.8639999999,VXX - 0.999
2016-02-26,59484.9279999999,VXX - 0.999
2016-02-29,60362.0429999999,VXX - 0.999
2016-03-01,54514.8119999999,VXX - 0.999
2016-03-02,54236.8059999999,VXX - 0.999
2016-03-03,51934.4549999999,VXX - 0.999
2016-03-04,53406.4299999999,VXX - 0.999
2016-03-07,52715.0569999999,VXX - 0.999
2016-03-08,55181.9049999999,VXX - 0.999
2016-03-09,53693.5409999999,VXX - 0.999
2016-03-10,53193.9799999999,VXX - 0.999
2016-03-11,50766.5869999999,VXX - 0.999
2016-03-14,50049.1129999999,VXX - 0.999
2016-03-15,50606.3389999999,VXX - 0.999
2016-03-16,48483.6599999999,None - 0.00
2016-03-17,48483.6599999999,VXZ - 0.999
2016-03-18,48569.2599999999,None - 0.00
2016-03-21,48569.2599999999,VXZ - 1.00
2016-03-22,48353.0599999999,None - 0.00
2016-03-23,48353.0599999999,VXZ - 0.999
2016-03-24,48647.8999999999,VXZ - 0.999
2016-03-28,48226.6999999999,VXZ - 0.999
2016-03-29,46541.8999999999,None - 0.00
2016-03-30,46541.8999999999,None - 0.00
2016-03-31,46541.8999999999,None - 0.00
2016-04-01,46541.8999999999,None - 0.00
2016-04-04,46541.8999999999,None - 0.00
2016-04-05,46541.8999999999,None - 0.00
2016-04-06,46541.8999999999,VXZ - 1.00
2016-04-07,48728.7799999999,VXZ - 1.00
2016-04-08,48257.0999999999,VXZ - 1.00
2016-04-11,48857.4199999999,VXZ - 1.00
2016-04-12,48471.4999999999,None - 0.00
2016-04-13,48471.4999999999,XIV - 1.00
2016-04-14,49022.2999999999,XIV - 1.00
2016-04-15,49499.6599999999,XIV - 1.00
2016-04-18,51996.6199999999,XIV - 1.00
2016-04-19,52088.4199999999,XIV - 1.00
2016-04-20,51445.8199999999,XIV - 1.00
2016-04-21,50325.8599999999,XIV - 1.00
2016-04-22,52051.6999999999,XIV - 1.00
2016-04-25,51849.7399999999,XIV - 1.00
2016-04-26,52712.6599999999,XIV - 1.00
2016-04-27,54108.0199999999,XIV - 1.00
2016-04-28,50876.6599999999,VXZ - 1.00
2016-04-29,51937.4199999999,VXZ - 1.00
2016-05-02,50968.8999999999,XIV - 1.00
2016-05-03,48520.7099999999,XIV - 1.00
2016-05-04,47966.7399999999,XIV - 1.00
2016-05-05,48145.4399999999,XIV - 1.00
2016-05-06,50432.7999999999,XIV - 1.00
2016-05-09,51254.8199999999,XIV - 1.00
2016-05-10,53971.0599999999,XIV - 1.00
2016-05-11,50951.0299999999,XIV - 1.00
2016-05-12,52344.8899999999,XIV - 1.00
2016-05-13,50486.4099999999,XIV - 1.00
2016-05-16,52344.8899999999,XIV - 1.00
2016-05-17,50647.2399999999,XIV - 1.00
2016-05-18,50450.6699999999,XIV - 1.00
2016-05-19,50718.7199999999,XIV - 1.00
2016-05-20,52452.1099999999,XIV - 1.00
2016-05-23,51773.0499999999,XIV - 1.00
2016-05-24,54810.9499999999,XIV - 1.00
2016-05-25,55704.4499999999,XIV - 1.00
2016-05-26,56705.1699999999,XIV - 1.00
2016-05-27,57956.0699999999,XIV - 1.00
2016-05-31,58384.9499999999,XIV - 1.00
2016-06-01,58295.5999999999,XIV - 1.00
2016-06-02,59725.1999999999,XIV - 1.00
2016-06-03,59975.3799999999,XIV - 1.00
2016-06-06,60904.6199999999,XIV - 1.00
2016-06-07,60582.9599999999,XIV - 1.00
2016-06-08,60314.9099999999,XIV - 1.00
2016-06-09,59046.1399999999,XIV - 1.00
2016-06-10,54185.4999999999,XIV - 1.00
2016-06-13,45554.2899999999,XIV - 1.00
2016-06-14,46358.4399999999,XIV - 1.00
2016-06-15,47019.6299999999,XIV - 1.00
2016-06-16,48252.6599999999,XIV - 1.00
2016-06-17,48127.5699999999,XIV - 1.00
2016-06-20,51826.6599999999,XIV - 1.00
2016-06-21,51344.1699999999,XIV - 1.00
2016-06-22,49521.4299999999,XIV - 1.00
2016-06-23,56061.8499999999,XIV - 1.00
2016-06-24,37691.4899999999,XIV - 1.00
2016-06-27,36065.3199999999,XIV - 1.00
2016-06-28,42766.5699999999,XIV - 1.00
2016-06-29,45375.5899999999,XIV - 1.00
2016-06-30,46322.6999999999,XIV - 1.00
2016-07-01,46680.0999999999,XIV - 1.00
2016-07-05,46519.2699999999,XIV - 1.00
2016-07-06,48002.4799999999,XIV - 1.00
2016-07-07,48520.7099999999,XIV - 1.00
2016-07-08,51326.2999999999,XIV - 1.00
2016-07-11,51576.4799999999,XIV - 1.00
2016-07-12,53041.8199999999,XIV - 1.00
2016-07-13,53113.2999999999,XIV - 1.00
2016-07-14,53470.6999999999,XIV - 1.00
2016-07-15,52970.3399999999,XIV - 1.00
2016-07-18,54989.6499999999,XIV - 1.00
2016-07-19,55293.4399999999,XIV - 1.00
2016-07-20,55990.3699999999,XIV - 1.00
2016-07-21,54703.7299999999,XIV - 1.00
2016-07-22,56169.0699999999,XIV - 1.00
2016-07-25,56294.1599999999,XIV - 1.00
2016-07-26,56794.5199999999,XIV - 1.00
2016-07-27,58081.1599999999,XIV - 1.00
2016-07-28,59528.6299999999,XIV - 1.00
2016-07-29,61619.4199999999,XIV - 1.00
2016-08-01,62459.3099999999,XIV - 1.00
2016-08-02,60243.4299999999,XIV - 1.00
2016-08-03,61726.6399999999,XIV - 1.00
2016-08-04,63370.6799999999,XIV - 1.00
2016-08-05,65711.6499999999,XIV - 1.00
2016-08-08,66980.4199999999,XIV - 1.00
2016-08-09,66354.9699999999,XIV - 1.00
2016-08-10,65997.5699999999,XIV - 1.00
2016-08-11,66587.2799999999,XIV - 1.00
2016-08-12,67194.8599999999,XIV - 1.00
2016-08-15,67856.0499999999,XIV - 1.00
2016-08-16,65515.0799999999,XIV - 1.00
2016-08-17,67659.4799999999,XIV - 1.00
2016-08-18,68767.4199999999,XIV - 1.00
2016-08-19,68284.9299999999,XIV - 1.00
2016-08-22,68034.7499999999,XIV - 1.00
2016-08-23,68159.8399999999,XIV - 1.00
2016-08-24,66283.4899999999,XIV - 1.00
2016-08-25,66962.5499999999,XIV - 1.00
2016-08-26,66372.8399999999,XIV - 1.00
2016-08-29,67945.3999999999,XIV - 1.00
2016-08-30,68463.6299999999,XIV - 1.00
2016-08-31,68410.0199999999,XIV - 1.00
2016-09-01,68499.3699999999,XIV - 1.00
2016-09-02,70643.7699999999,XIV - 1.00
2016-09-06,73074.0899999999,XIV - 1.00
2016-09-07,73681.6699999999,XIV - 1.00
2016-09-08,72931.1299999999,XIV - 1.00
2016-09-09,61404.9799999999,XIV - 1.00
2016-09-12,64961.1099999999,XIV - 1.00
2016-09-13,58295.5999999999,XIV - 1.00
2016-09-14,56508.5999999999,XIV - 1.00
2016-09-15,58813.8299999999,XIV - 1.00
2016-09-16,61244.1499999999,XIV - 1.00
2016-09-19,62638.0099999999,XIV - 1.00
2016-09-20,61547.9399999999,XIV - 1.00
2016-09-21,66319.2299999999,XIV - 1.00
2016-09-22,69374.9999999999,XIV - 1.00
2016-09-23,68267.0599999999,XIV - 1.00
2016-09-26,65479.3399999999,XIV - 1.00
2016-09-27,68267.0599999999,XIV - 1.00
2016-09-28,69410.7399999999,XIV - 1.00
2016-09-29,66801.7199999999,XIV - 1.00
2016-09-30,67302.0799999999,XIV - 1.00
2016-10-03,68356.4099999999,XIV - 1.00
2016-10-04,68999.7299999999,XIV - 1.00
2016-10-05,69339.2599999999,XIV - 1.00
2016-10-06,69982.5799999999,XIV - 1.00
2016-10-07,68821.0299999999,XIV - 1.00
2016-10-10,70911.8199999999,XIV - 1.00
2016-10-11,67266.3399999999,XIV - 1.00
2016-10-12,65997.5699999999,XIV - 1.00
2016-10-13,64496.4899999999,XIV - 1.00
2016-10-14,65354.2499999999,XIV - 1.00
2016-10-17,66069.0499999999,XIV - 1.00
2016-10-18,68070.4899999999,XIV - 1.00
2016-10-19,70322.1099999999,XIV - 1.00
2016-10-20,71590.8799999999,XIV - 1.00
2016-10-21,72466.5099999999,XIV - 1.00
2016-10-24,75343.5799999999,XIV - 1.00
2016-10-25,73985.4599999999,XIV - 1.00
2016-10-26,72234.1999999999,XIV - 1.00
2016-10-27,70250.6299999999,XIV - 1.00
2016-10-28,68356.4099999999,XIV - 1.00
2016-10-31,66337.0999999999,XIV - 1.00
2016-11-01,64299.9199999999,XIV - 1.00
2016-11-02,62387.8299999999,XIV - 1.00
2016-11-03,58956.7899999999,XIV - 1.00
2016-11-04,59617.9799999999,XIV - 1.00
2016-11-07,68106.2299999999,XIV - 1.00
2016-11-08,68159.8399999999,XIV - 1.00
2016-11-09,71948.2799999999,XIV - 1.00
2016-11-10,69500.0899999999,XIV - 1.00
2016-11-11,70304.2399999999,XIV - 1.00
2016-11-14,71108.3899999999,XIV - 1.00
2016-11-15,74360.7299999999,XIV - 1.00
2016-11-16,72895.3899999999,XIV - 1.00
2016-11-17,75432.9299999999,XIV - 1.00
2016-11-18,75665.2399999999,XIV - 1.00
2016-11-21,78095.5599999999,XIV - 1.00
2016-11-22,78309.9999999999,XIV - 1.00
2016-11-23,78202.7799999999,XIV - 1.00
2016-11-25,78846.0999999999,XIV - 1.00
2016-11-28,78309.9999999999,XIV - 1.00
2016-11-29,78935.4499999999,XIV - 1.00
2016-11-30,77988.3399999999,XIV - 1.00
2016-12-01,75611.6299999999,XIV - 1.00
2016-12-02,75272.0999999999,XIV - 1.00
2016-12-05,81598.0799999999,XIV - 1.00
2016-12-06,83545.9099999999,XIV - 1.00
2016-12-07,82706.0199999999,XIV - 1.00
2016-12-08,82295.0099999999,XIV - 1.00
2016-12-09,84171.3599999999,XIV - 1.00
2016-12-12,82044.8299999999,XIV - 1.00
2016-12-13,82670.2799999999,XIV - 1.00
2016-12-14,83117.0299999999,XIV - 1.00
2016-12-15,84653.8499999999,XIV - 1.00
2016-12-16,85386.5199999999,XIV - 1.00
2016-12-19,88317.1999999999,XIV - 1.00
2016-12-20,89943.3699999999,XIV - 1.00
2016-12-21,91194.2699999999,XIV - 1.00
2016-12-22,89568.0999999999,XIV - 1.00
2016-12-23,89532.3599999999,XIV - 1.00
2016-12-27,91301.4899999999,XIV - 1.00
2016-12-28,87477.3099999999,XIV - 1.00
2016-12-29,86387.2399999999,XIV - 1.00
2016-12-30,84868.2899999999,XIV - 1.00
2017-01-03,91444.4499999999,XIV - 1.00
2017-01-04,95197.1499999999,XIV - 1.00
2017-01-05,96215.7399999999,XIV - 1.00
2017-01-06,97234.3299999999,XIV - 1.00
2017-01-09,97752.5599999999,XIV - 1.00
2017-01-10,98092.0899999999,XIV - 1.00
2017-01-11,100022.05,XIV - 1.00
2017-01-12,99503.8199999999,XIV - 1.00
2017-01-13,100379.45,XIV - 1.00
2017-01-17,100718.98,XIV - 1.00
2017-01-18,100718.98,XIV - 1.00
2017-01-19,100379.45,XIV - 1.00
2017-01-20,103149.3,XIV - 1.00
2017-01-23,104989.91,XIV - 1.00
2017-01-24,109225.1,XIV - 1.00
2017-01-25,111476.72,XIV - 1.00
2017-01-26,111905.6,XIV - 1.00
2017-01-27,112763.36,XIV - 1.00
2017-01-30,110225.82,XIV - 1.00
2017-01-31,109993.51,XIV - 1.00
2017-02-01,112388.09,XIV - 1.00
2017-02-02,110511.74,XIV - 1.00
2017-02-03,113210.11,XIV - 1.00
2017-02-06,112942.06,XIV - 1.00
2017-02-07,112674.01,XIV - 1.00
2017-02-08,112656.14,XIV - 1.00
2017-02-09,115586.82,XIV - 1.00
2017-02-10,118160.1,XIV - 1.00
2017-02-13,120840.6,XIV - 1.00
2017-02-14,127774.16,XIV - 1.00
2017-02-15,121805.58,XIV - 1.00
2017-02-16,120840.6,XIV - 1.00
2017-02-17,119428.87,XIV - 1.00
2017-02-21,118839.16,XIV - 1.00
2017-02-22,118320.93,XIV - 1.00
2017-02-23,115175.81,XIV - 1.00
2017-02-24,116390.97,XIV - 1.00
2017-02-27,116980.68,XIV - 1.00
2017-02-28,114997.11,XIV - 1.00
2017-03-01,117016.42,XIV - 1.00
2017-03-02,117177.25,XIV - 1.00
2017-03-03,120929.95,XIV - 1.00
2017-03-06,122252.33,XIV - 1.00
2017-03-07,122234.46,XIV - 1.00
2017-03-08,122288.07,XIV - 1.00
2017-03-09,121912.8,XIV - 1.00
2017-03-10,123985.72,XIV - 1.00
2017-03-13,127130.84,XIV - 1.00
2017-03-14,124450.34,XIV - 1.00
2017-03-15,127613.33,XIV - 1.00
2017-03-16,131705.56,XIV - 1.00
2017-03-17,131920,XIV - 1.00
2017-03-20,132956.46,XIV - 1.00
2017-03-21,126880.66,XIV - 1.00
2017-03-22,127881.38,XIV - 1.00
2017-03-23,127452.5,XIV - 1.00
2017-03-24,126523.26,XIV - 1.00
2017-03-27,126559,XIV - 1.00
2017-03-28,126022.9,XIV - 1.00
2017-03-29,125629.76,XIV - 1.00
2017-03-30,125325.97,XIV - 1.00
2017-03-31,124486.08,XIV - 1.00
2017-04-03,123628.32,XIV - 1.00
2017-04-04,122877.78,XIV - 1.00
2017-04-05,121501.79,XIV - 1.00
2017-04-06,120054.32,XIV - 1.00
2017-04-07,119411,XIV - 1.00
2017-04-10,119303.78,XIV - 1.00
2017-04-11,118606.85,XIV - 1.00
2017-04-12,117981.4,XIV - 1.00
2017-04-13,116426.71,XIV - 1.00
2017-04-17,116873.46,XIV - 1.00
2017-04-18,115140.07,XIV - 1.00
2017-04-19,115390.25,XIV - 1.00
2017-04-20,114997.11,XIV - 1.00
