2008-09-08,100000.0,None - 0.00
2008-09-09,100000.0,None - 0.00
2008-09-10,100000.0,VXX - 1.00
2008-09-11,100831.88,VXX - 1.00
2008-09-12,101677.82999999999,VXX - 1.00
2008-09-15,107699.93,VXX - 1.00
2008-09-16,105761.35000000002,VXX - 1.00
2008-09-17,111771.10000000002,VXX - 1.00
2008-09-18,106380.82,VXX - 1.00
2008-09-19,104070.69,VXX - 1.00
2008-09-22,111225.08999999998,VXX - 1.00
2008-09-23,120786.68999999997,VXX - 1.00
2008-09-24,119365.25,VXX - 1.00
2008-09-25,115894.85,VXX - 1.00
2008-09-26,118840.91000000002,VXX - 1.00
2008-09-29,135376.91000000003,VXX - 1.00
2008-09-30,127386.06,VXX - 1.00
2008-10-01,131441.06,VXX - 1.00
2008-10-02,140087.06,VXX - 1.00
2008-10-03,144775.69,VXX - 1.00
2008-10-06,149790.74000000002,VXX - 1.00
2008-10-07,163940.74,VXX - 1.00
2008-10-08,173185.53999999998,VXX - 1.00
2008-10-09,189678.62,VXX - 1.00
2008-10-10,197580.22,VXX - 1.00
2008-10-13,182922.75,VXX - 1.00
2008-10-14,188146.59,VXX - 1.00
2008-10-15,213965.39000000004,VXX - 1.00
2008-10-16,218226.22,VXX - 1.00
2008-10-17,236599.17,VXX - 1.00
2008-10-20,223836.59000000005,VXX - 1.00
2008-10-21,217774.64000000004,VXX - 1.00
2008-10-22,240099.74000000008,VXX - 1.00
2008-10-23,247944.54000000004,VXX - 1.00
2008-10-24,275590.6200000001,VXX - 1.00
2008-10-27,291331.0200000002,VXX - 1.00
2008-10-28,266609.61000000016,VXX - 1.00
2008-10-29,279508.9900000003,VXX - 1.00
2008-10-30,275134.0700000003,VXX - 1.00
2008-10-31,275134.07000000024,VXX - 1.00
2008-11-03,266655.27000000025,VXX - 1.00
2008-11-04,243743.13000000024,VXX - 1.00
2008-11-05,258824.61000000022,VXX - 1.00
2008-11-06,288244.2300000002,VXX - 1.00
2008-11-07,281080.35000000015,VXX - 1.00
2008-11-10,286759.30000000016,VXX - 1.00
2008-11-11,295039.4600000002,VXX - 1.00
2008-11-12,317604.26000000024,VXX - 1.00
2008-11-13,297129.96000000025,VXX - 1.00
2008-11-14,318966.9700000003,VXX - 1.00
2008-11-17,335351.58000000037,VXX - 1.00
2008-11-18,341958.5000000003,VXX - 1.00
2008-11-19,374609.4300000003,VXX - 1.00
2008-11-20,395444.4300000003,VXX - 1.00
2008-11-21,374471.82000000024,VXX - 1.00
2008-11-24,351432.3200000003,VXX - 1.00
2008-11-25,342179.2200000004,VXX - 1.00
2008-11-26,321116.70000000036,VXX - 1.00
2008-11-28,321116.7000000004,VXX - 1.00
2008-12-01,361436.2000000004,VXX - 1.00
2008-12-02,349442.2000000004,VXX - 1.00
2008-12-03,349442.2000000005,VXX - 1.00
2008-12-04,364402.04000000044,None - 0.00
2008-12-05,364402.04000000044,None - 0.00
2008-12-08,364402.04000000044,None - 0.00
2008-12-09,364402.04000000044,None - 0.00
2008-12-10,364402.04000000044,None - 0.00
2008-12-11,364402.04000000044,None - 0.00
2008-12-12,364402.04000000044,None - 0.00
2008-12-15,364402.04000000044,None - 0.00
2008-12-16,364402.04000000044,None - 0.00
2008-12-17,364402.04000000044,None - 0.00
2008-12-18,364402.04000000044,None - 0.00
2008-12-19,364402.04000000044,None - 0.00
2008-12-22,364402.04000000044,XIV - 1.00
2008-12-23,359077.9550000004,XIV - 1.00
2008-12-24,362352.61100000044,XIV - 1.00
2008-12-26,366277.32400000055,XIV - 1.00
2008-12-29,357293.2060000005,None - 0.00
2008-12-30,357293.2060000005,None - 0.00
2008-12-31,357293.2060000005,None - 0.00
2009-01-02,357293.2060000005,None - 0.00
2009-01-05,357293.2060000005,None - 0.00
2009-01-06,357293.2060000005,None - 0.00
2009-01-07,357293.2060000005,None - 0.00
2009-01-08,357293.2060000005,None - 0.00
2009-01-09,357293.2060000005,None - 0.00
2009-01-12,357293.2060000005,None - 0.00
2009-01-13,357293.2060000005,None - 0.00
2009-01-14,357293.2060000005,None - 0.00
2009-01-15,357293.2060000005,None - 0.00
2009-01-16,357293.2060000005,None - 0.00
2009-01-20,357293.2060000005,None - 0.00
2009-01-21,357293.2060000005,None - 0.00
2009-01-22,357293.2060000005,None - 0.00
2009-01-23,357293.2060000005,None - 0.00
2009-01-26,357293.2060000005,None - 0.00
2009-01-27,357293.2060000005,None - 0.00
2009-01-28,357293.2060000005,None - 0.00
2009-01-29,357293.2060000005,None - 0.00
2009-01-30,357293.2060000005,None - 0.00
2009-02-02,357293.2060000005,None - 0.00
2009-02-03,357293.2060000005,None - 0.00
2009-02-04,357293.2060000005,None - 0.00
2009-02-05,357293.2060000005,None - 0.00
2009-02-06,357293.2060000005,None - 0.00
2009-02-09,357293.2060000005,None - 0.00
2009-02-10,357293.2060000005,None - 0.00
2009-02-11,357293.2060000005,None - 0.00
2009-02-12,357293.2060000005,None - 0.00
2009-02-13,357293.2060000005,None - 0.00
2009-02-17,357293.2060000005,None - 0.00
2009-02-18,357293.2060000005,None - 0.00
2009-02-19,357293.2060000005,None - 0.00
2009-02-20,357293.2060000005,None - 0.00
2009-02-23,357293.2060000005,None - 0.00
2009-02-24,357293.2060000005,None - 0.00
2009-02-25,357293.2060000005,None - 0.00
2009-02-26,357293.2060000005,None - 0.00
2009-02-27,357293.2060000005,None - 0.00
2009-03-02,357293.2060000005,None - 0.00
2009-03-03,357293.2060000005,None - 0.00
2009-03-04,357293.2060000005,None - 0.00
2009-03-05,357293.2060000005,None - 0.00
2009-03-06,357293.2060000005,None - 0.00
2009-03-09,357293.2060000005,None - 0.00
2009-03-10,357293.2060000005,None - 0.00
2009-03-11,357293.2060000005,None - 0.00
2009-03-12,357293.2060000005,None - 0.00
2009-03-13,357293.2060000005,None - 0.00
2009-03-16,357293.2060000005,None - 0.00
2009-03-17,357293.2060000005,None - 0.00
2009-03-18,357293.2060000005,None - 0.00
2009-03-19,357293.2060000005,None - 0.00
2009-03-20,357293.2060000005,None - 0.00
2009-03-23,357293.2060000005,None - 0.00
2009-03-24,357293.2060000005,None - 0.00
2009-03-25,357293.2060000005,None - 0.00
2009-03-26,357293.2060000005,None - 0.00
2009-03-27,357293.2060000005,None - 0.00
2009-03-30,357293.2060000005,None - 0.00
2009-03-31,357293.2060000005,None - 0.00
2009-04-01,357293.2060000005,None - 0.00
2009-04-02,357293.2060000005,None - 0.00
2009-04-03,357293.2060000005,None - 0.00
2009-04-06,357293.2060000005,XIV - 1.00
2009-04-07,356151.59800000046,XIV - 1.00
2009-04-08,363550.43800000043,XIV - 1.00
2009-04-09,378591.9710000004,XIV - 1.00
2009-04-13,381453.8090000005,XIV - 1.00
2009-04-14,381958.4390000005,XIV - 1.00
2009-04-15,389309.85300000047,XIV - 1.00
2009-04-16,403513.2780000005,XIV - 1.00
2009-04-17,411471.66200000054,XIV - 1.00
2009-04-20,381856.22200000053,XIV - 1.00
2009-04-21,396105.8280000005,None - 0.00
2009-04-22,396105.8280000005,XIV - 1.00
2009-04-23,402513.03300000046,XIV - 1.00
2009-04-24,401791.86500000046,XIV - 1.00
2009-04-27,392343.75300000043,XIV - 1.00
2009-04-28,396883.18800000043,XIV - 1.00
2009-04-29,412936.35300000047,XIV - 1.00
2009-04-30,408361.2960000005,XIV - 1.00
2009-05-01,413916.14400000055,XIV - 1.00
2009-05-04,432660.02100000053,XIV - 1.00
2009-05-05,433382.9370000005,XIV - 1.00
2009-05-06,447790.78500000056,XIV - 1.00
2009-05-07,441810.5650000005,XIV - 1.00
2009-05-08,459212.85500000045,XIV - 1.00
2009-05-11,456291.8810000005,XIV - 1.00
2009-05-12,459523.5500000005,XIV - 1.00
2009-05-13,444596.09900000045,XIV - 1.00
2009-05-14,462243.0520000005,XIV - 1.00
2009-05-15,451279.7500000005,XIV - 1.00
2009-05-18,482917.3700000006,XIV - 1.00
2009-05-19,490213.0390000006,XIV - 1.00
2009-05-20,488674.5910000006,XIV - 1.00
2009-05-21,462452.28700000054,XIV - 1.00
2009-05-22,455483.1850000005,XIV - 1.00
2009-05-26,476080.3420000006,XIV - 1.00
2009-05-27,462136.1780000006,XIV - 1.00
2009-05-28,469430.9900000005,XIV - 1.00
2009-05-29,485136.94400000054,XIV - 1.00
2009-06-01,496730.9120000005,XIV - 1.00
2009-06-02,495087.5870000006,XIV - 1.00
2009-06-03,469554.38700000057,XIV - 1.00
2009-06-04,474853.9890000006,XIV - 1.00
2009-06-05,476862.02700000064,XIV - 1.00
2009-06-08,480352.5990000006,XIV - 1.00
2009-06-09,496137.52200000064,XIV - 1.00
2009-06-10,493278.6220000006,XIV - 1.00
2009-06-11,504098.12200000056,XIV - 1.00
2009-06-12,512303.22800000064,XIV - 1.00
2009-06-15,487896.28100000066,XIV - 1.00
2009-06-16,471724.0730000006,XIV - 1.00
2009-06-17,468164.20200000063,XIV - 0.55
2009-06-18,470042.59800000064,XIV - 0.55
2009-06-19,477430.50600000063,XIV - 1.00
2009-06-22,457268.89800000057,XIV - 1.00
2009-06-23,466193.83600000053,XIV - 0.55
2009-06-24,476027.70400000055,XIV - 0.55
2009-06-25,487365.43300000054,XIV - 1.00
2009-06-26,495566.4830000005,XIV - 1.00
2009-06-29,512898.7010000004,XIV - 1.00
2009-06-30,504151.7210000005,XIV - 1.00
2009-07-01,508593.38900000055,XIV - 1.00
2009-07-02,481700.0050000005,XIV - 1.00
2009-07-06,485952.8800000004,XIV - 0.55
2009-07-07,476138.82400000043,XIV - 0.55
2009-07-08,472685.8030000004,XIV - 0.55
2009-07-09,476126.2530000004,XIV - 0.55
2009-07-10,474953.2630000004,XIV - 0.55
2009-07-13,486658.21600000036,XIV - 0.55
2009-07-14,491334.66400000034,XIV - 1.00
2009-07-15,506065.7830000004,XIV - 1.00
2009-07-16,511856.68700000044,XIV - 1.00
2009-07-17,511798.8900000005,XIV - 1.00
2009-07-20,522845.8020000005,XIV - 1.00
2009-07-21,532908.7120000004,XIV - 1.00
2009-07-22,545155.4320000005,XIV - 1.00
2009-07-23,563358.6610000003,XIV - 1.00
2009-07-24,567945.6010000003,XIV - 1.00
2009-07-27,560504.0410000003,XIV - 1.00
2009-07-28,541492.8460000005,XIV - 1.00
2009-07-29,535534.0030000003,XIV - 1.00
2009-07-30,547337.8750000002,XIV - 1.00
2009-07-31,542192.3490000003,XIV - 1.00
2009-08-03,555796.6650000003,XIV - 0.55
2009-08-04,557882.2570000002,XIV - 1.00
2009-08-05,560474.7770000004,XIV - 1.00
2009-08-06,554371.8970000003,XIV - 1.00
2009-08-07,572378.7670000003,XIV - 1.00
2009-08-10,572134.8630000004,XIV - 1.00
2009-08-11,561280.3950000004,XIV - 1.00
2009-08-12,568369.6590000005,XIV - 1.00
2009-08-13,579312.8530000005,XIV - 1.00
2009-08-14,570164.5430000005,XIV - 1.00
2009-08-17,536413.5500000004,XIV - 1.00
2009-08-18,548575.0400000004,XIV - 0.55
2009-08-19,557751.4700000004,XIV - 1.00
2009-08-20,568250.1500000005,XIV - 1.00
2009-08-21,576449.0540000005,XIV - 1.00
2009-08-24,575910.5940000004,XIV - 1.00
2009-08-25,569715.5680000004,XIV - 1.00
2009-08-26,560022.5300000003,XIV - 1.00
2009-08-27,567486.1220000004,XIV - 1.00
2009-08-28,562069.4330000007,XIV - 1.00
2009-08-31,554256.4970000006,XIV - 0.55
2009-09-01,540187.4340000006,XIV - 0.55
2009-09-02,536270.6700000005,XIV - 0.20
2009-09-03,540778.6980000004,XIV - 0.20
2009-09-04,543881.4300000005,XIV - 0.55
2009-09-08,553209.8790000005,XIV - 1.00
2009-09-09,568580.5670000006,XIV - 1.00
2009-09-10,594830.6070000007,XIV - 1.00
2009-09-11,587526.2400000007,XIV - 1.00
2009-09-14,601681.0800000005,XIV - 1.00
2009-09-15,600059.4150000006,XIV - 1.00
2009-09-16,625891.6390000008,XIV - 1.00
2009-09-17,622449.9430000006,XIV - 1.00
2009-09-18,607387.6870000006,XIV - 1.00
2009-09-21,608274.4750000006,XIV - 0.55
2009-09-22,615089.2250000006,XIV - 1.00
2009-09-23,610088.7540000007,XIV - 1.00
2009-09-24,598945.0700000008,XIV - 1.00
2009-09-25,597096.8300000005,XIV - 1.00
2009-09-28,617813.1740000005,XIV - 1.00
2009-09-29,617879.6540000006,XIV - 1.00
2009-09-30,611396.5340000005,XIV - 1.00
2009-10-01,584552.6720000005,XIV - 0.55
2009-10-02,584019.5550000004,XIV - 0.20
2009-10-05,587621.3310000005,XIV - 0.20
2009-10-06,590033.5630000004,XIV - 0.55
2009-10-07,593668.9130000004,XIV - 1.00
2009-10-08,600590.6710000003,XIV - 1.00
2009-10-09,612624.0790000004,XIV - 1.00
2009-10-12,628475.9790000005,XIV - 1.00
2009-10-13,634271.8470000006,XIV - 1.00
2009-10-14,639741.2350000007,XIV - 1.00
2009-10-15,653957.8150000008,XIV - 1.00
2009-10-16,644808.0610000009,XIV - 1.00
2009-10-19,661879.291000001,XIV - 1.00
2009-10-20,664778.131000001,XIV - 1.00
2009-10-21,664804.917000001,XIV - 1.00
2009-10-22,688406.982000001,XIV - 1.00
2009-10-23,677202.6840000009,XIV - 1.00
2009-10-26,663510.197000001,XIV - 1.00
2009-10-27,661904.158000001,XIV - 1.00
2009-10-28,615943.740000001,XIV - 1.00
2009-10-29,649152.594000001,None - 0.00
2009-10-30,649152.594000001,XIV - 1.00
2009-11-02,643532.9040000009,None - 0.00
2009-11-03,643532.9040000009,None - 0.00
2009-11-04,643532.9040000009,None - 0.00
2009-11-05,643532.9040000009,None - 0.00
2009-11-06,643532.9040000009,XIV - 0.55
2009-11-09,663992.7840000009,XIV - 1.00
2009-11-10,660340.824000001,XIV - 1.00
2009-11-11,658364.6640000009,XIV - 1.00
2009-11-12,629590.0690000008,XIV - 1.00
2009-11-13,639634.7710000006,XIV - 1.00
2009-11-16,650590.1630000005,XIV - 1.00
2009-11-17,654125.3790000007,XIV - 1.00
2009-11-18,678399.1000000007,XIV - 1.00
2009-11-19,670159.2670000007,XIV - 1.00
2009-11-20,682824.8750000009,XIV - 1.00
2009-11-23,716693.995000001,XIV - 1.00
2009-11-24,722383.0120000008,XIV - 1.00
2009-11-25,732265.876000001,XIV - 1.00
2009-11-27,682982.9120000011,XIV - 1.00
2009-11-30,682122.767000001,XIV - 1.00
2009-12-01,707751.567000001,XIV - 0.55
2009-12-02,711915.493000001,XIV - 1.00
2009-12-03,696798.1020000008,XIV - 1.00
2009-12-04,712380.3700000006,XIV - 1.00
2009-12-07,715247.2080000007,XIV - 1.00
2009-12-08,696348.0730000006,XIV - 1.00
2009-12-09,701763.2530000005,XIV - 0.55
2009-12-10,707671.6830000007,XIV - 1.00
2009-12-11,711848.7230000007,XIV - 1.00
2009-12-14,725938.2470000007,XIV - 1.00
2009-12-15,733488.3930000006,XIV - 1.00
2009-12-16,766465.1730000005,XIV - 1.00
2009-12-17,755719.7440000005,XIV - 1.00
2009-12-18,766350.6700000006,XIV - 0.55
2009-12-21,780400.9750000006,XIV - 0.55
2009-12-22,790947.1030000006,XIV - 1.00
2009-12-23,797696.4820000007,XIV - 1.00
2009-12-24,807952.0570000006,XIV - 1.00
2009-12-28,815118.7620000006,XIV - 1.00
2009-12-29,810461.5980000008,XIV - 1.00
2009-12-30,797940.4140000008,XIV - 1.00
2009-12-31,776696.1450000006,XIV - 1.00
2010-01-04,804993.2490000007,XIV - 0.55
2010-01-05,813752.3370000006,XIV - 1.00
2010-01-06,842740.8350000005,XIV - 1.00
2010-01-07,856838.1350000004,XIV - 1.00
2010-01-08,879106.7260000004,XIV - 1.00
2010-01-11,892212.5080000005,XIV - 1.00
2010-01-12,867785.3280000006,XIV - 1.00
2010-01-13,883593.4560000006,XIV - 0.55
2010-01-14,894208.2000000007,XIV - 0.55
2010-01-15,881579.2320000007,XIV - 1.00
2010-01-19,921932.8470000006,XIV - 0.55
2010-01-20,925409.4120000007,XIV - 0.55
2010-01-21,896308.5220000008,XIV - 0.20
2010-01-22,881088.7550000008,None - 0.00
2010-01-25,881088.7550000008,None - 0.00
2010-01-26,881088.7550000008,None - 0.00
2010-01-27,881088.7550000008,None - 0.00
2010-01-28,881088.7550000008,None - 0.00
2010-01-29,881088.7550000008,None - 0.00
2010-02-01,881088.7550000008,None - 0.00
2010-02-02,881088.7550000008,None - 0.00
2010-02-03,881088.7550000008,None - 0.00
2010-02-04,881088.7550000008,None - 0.00
2010-02-05,881088.7550000008,None - 0.00
2010-02-08,881088.7550000008,None - 0.00
2010-02-09,881088.7550000008,None - 0.00
2010-02-10,881088.7550000008,None - 0.00
2010-02-11,881088.7550000008,None - 0.00
2010-02-12,881088.7550000008,None - 0.00
2010-02-16,881088.7550000008,None - 0.00
2010-02-17,881088.7550000008,None - 0.00
2010-02-18,881088.7550000008,None - 0.00
2010-02-19,881088.7550000008,None - 0.00
2010-02-22,881088.7550000008,None - 0.00
2010-02-23,881088.7550000008,XIV - 0.55
2010-02-24,891453.1790000008,None - 0.00
2010-02-25,891453.1790000008,None - 0.00
2010-02-26,891453.1790000008,XIV - 1.00
2010-03-01,908539.7710000009,XIV - 1.00
2010-03-02,917859.5790000008,XIV - 0.20
2010-03-03,919522.131000001,XIV - 1.00
2010-03-04,921794.0640000008,XIV - 1.00
2010-03-05,963225.8300000008,XIV - 1.00
2010-03-08,976901.1700000006,XIV - 1.00
2010-03-09,974621.1100000006,XIV - 1.00
2010-03-10,968253.1600000005,XIV - 1.00
2010-03-11,961111.0730000006,XIV - 1.00
2010-03-12,968626.4270000005,XIV - 1.00
2010-03-15,967924.0090000004,XIV - 1.00
2010-03-16,995062.7150000004,XIV - 1.00
2010-03-17,1032770.9430000004,XIV - 1.00
2010-03-18,1047995.6090000005,XIV - 1.00
2010-03-19,1027898.5770000005,XIV - 1.00
2010-03-22,1041407.5710000005,XIV - 1.00
2010-03-23,1063190.6050000004,XIV - 1.00
2010-03-24,1040934.3850000002,XIV - 1.00
2010-03-25,1029668.7670000001,XIV - 1.00
2010-03-26,1040248.3750000003,XIV - 1.00
2010-03-29,1061174.0070000002,XIV - 1.00
2010-03-30,1079234.8470000005,XIV - 1.00
2010-03-31,1084140.7270000004,XIV - 1.00
2010-04-01,1087565.5330000005,XIV - 1.00
2010-04-05,1128249.0930000006,XIV - 1.00
2010-04-06,1158728.9980000006,XIV - 1.00
2010-04-07,1138165.5220000006,XIV - 1.00
2010-04-08,1157506.2880000006,XIV - 1.00
2010-04-09,1170640.7300000007,XIV - 1.00
2010-04-12,1172606.0020000008,XIV - 1.00
2010-04-13,1167375.5620000008,XIV - 1.00
2010-04-14,1194471.632000001,XIV - 1.00
2010-04-15,1194519.5910000007,XIV - 1.00
2010-04-16,1146873.1680000008,XIV - 1.00
2010-04-19,1174561.9630000012,XIV - 1.00
2010-04-20,1229864.8210000007,XIV - 1.00
2010-04-21,1223382.5100000007,XIV - 1.00
2010-04-22,1226498.0740000003,XIV - 1.00
2010-04-23,1235330.0740000005,XIV - 1.00
2010-04-26,1219622.2420000006,XIV - 1.00
2010-04-27,1084661.6690000005,XIV - 1.00
2010-04-28,1096652.5910000005,XIV - 0.20
2010-04-29,1106612.6390000007,XIV - 1.00
2010-04-30,1012201.5200000005,XIV - 1.00
2010-05-03,1048528.2720000003,None - 0.00
2010-05-04,1048528.2720000003,XIV - 1.00
2010-05-05,1001333.1720000005,None - 0.00
2010-05-06,1001333.1720000005,None - 0.00
2010-05-07,1001333.1720000005,XIV - 1.00
2010-05-10,1141167.5400000005,None - 0.00
2010-05-11,1141167.5400000005,None - 0.00
2010-05-12,1141167.5400000005,None - 0.00
2010-05-13,1141167.5400000005,None - 0.00
2010-05-14,1141167.5400000005,None - 0.00
2010-05-17,1141167.5400000005,None - 0.00
2010-05-18,1141167.5400000005,None - 0.00
2010-05-19,1141167.5400000005,VXX - 1.00
2010-05-20,1293067.0600000005,VXX - 1.00
2010-05-21,1286852.8200000005,VXX - 1.00
2010-05-24,1265312.0700000003,VXX - 1.00
2010-05-25,1220680.6200000006,None - 0.00
2010-05-26,1220680.6200000006,None - 0.00
2010-05-27,1220680.6200000006,None - 0.00
2010-05-28,1220680.6200000006,None - 0.00
2010-06-01,1220680.6200000006,None - 0.00
2010-06-02,1220680.6200000006,None - 0.00
2010-06-03,1220680.6200000006,None - 0.00
2010-06-04,1220680.6200000006,None - 0.00
2010-06-07,1220680.6200000006,VXX - 1.00
2010-06-08,1171532.2600000007,None - 0.00
2010-06-09,1171532.2600000007,None - 0.00
2010-06-10,1171532.2600000007,None - 0.00
2010-06-11,1171532.2600000007,None - 0.00
2010-06-14,1171532.2600000007,None - 0.00
2010-06-15,1171532.2600000007,None - 0.00
2010-06-16,1171532.2600000007,None - 0.00
2010-06-17,1171532.2600000007,None - 0.00
2010-06-18,1171532.2600000007,None - 0.00
2010-06-21,1171532.2600000007,None - 0.00
2010-06-22,1171532.2600000007,None - 0.00
2010-06-23,1171532.2600000007,None - 0.00
2010-06-24,1171532.2600000007,None - 0.00
2010-06-25,1171532.2600000007,None - 0.00
2010-06-28,1171532.2600000007,XIV - 0.45
2010-06-29,1120187.5480000009,None - 0.00
2010-06-30,1120187.5480000009,None - 0.00
2010-07-01,1120187.5480000009,None - 0.00
2010-07-02,1120187.5480000009,None - 0.00
2010-07-06,1120187.5480000009,XIV - 0.45
2010-07-07,1152327.000000001,XIV - 1.00
2010-07-08,1173878.4480000006,XIV - 1.00
2010-07-09,1192780.7320000005,XIV - 1.00
2010-07-12,1221964.0100000002,XIV - 1.00
2010-07-13,1229039.7160000005,XIV - 1.00
2010-07-14,1192577.2690000006,XIV - 1.00
2010-07-15,1182491.6110000007,XIV - 1.00
2010-07-16,1128556.0860000008,XIV - 1.00
2010-07-19,1142822.9660000007,XIV - 1.00
2010-07-20,1211266.8900000004,XIV - 1.00
2010-07-21,1196623.0300000003,XIV - 1.00
2010-07-22,1259153.77,XIV - 1.00
2010-07-23,1290427.9630000002,XIV - 1.00
2010-07-26,1338740.6330000001,XIV - 1.00
2010-07-27,1345702.269,XIV - 1.00
2010-07-28,1329904.029,XIV - 1.00
2010-07-29,1330643.0050000004,XIV - 1.00
2010-07-30,1343058.7300000004,XIV - 1.00
2010-08-02,1420032.2710000002,XIV - 0.45
2010-08-03,1412791.181,XIV - 1.00
2010-08-04,1426737.3000000003,XIV - 1.00
2010-08-05,1416870.8640000003,XIV - 1.00
2010-08-06,1416159.664,XIV - 1.00
2010-08-09,1439927.968,XIV - 1.00
2010-08-10,1431771.2860000003,XIV - 1.00
2010-08-11,1315893.1860000005,XIV - 1.00
2010-08-12,1295563.8380000007,XIV - 0.45
2010-08-13,1283053.9820000008,XIV - 0.45
2010-08-16,1290495.8420000006,XIV - 0.45
2010-08-17,1308458.7270000007,XIV - 0.45
2010-08-18,1317321.0090000005,XIV - 1.00
2010-08-19,1276834.4650000005,XIV - 1.00
2010-08-20,1287814.1890000005,XIV - 0.45
2010-08-23,1297841.4670000006,XIV - 0.65
2010-08-24,1275959.0830000006,XIV - 1.00
2010-08-25,1301859.6700000006,None - 0.00
2010-08-26,1301859.6700000006,None - 0.00
2010-08-27,1301859.6700000006,XIV - 0.45
2010-08-30,1284237.9400000006,XIV - 1.00
2010-08-31,1306622.6800000004,XIV - 1.00
2010-09-01,1385091.5320000001,XIV - 1.00
2010-09-02,1418843.53,XIV - 1.00
2010-09-03,1487100.766,XIV - 1.00
2010-09-07,1443537.8700000003,XIV - 1.00
2010-09-08,1480422.8550000004,XIV - 1.00
2010-09-09,1494287.3550000004,XIV - 1.00
2010-09-10,1526040.0570000005,XIV - 1.00
2010-09-13,1600349.5120000006,XIV - 1.00
2010-09-14,1600414.2800000007,XIV - 1.00
2010-09-15,1631274.1200000006,XIV - 1.00
2010-09-16,1637134.8780000005,XIV - 1.00
2010-09-17,1639221.4380000003,XIV - 1.00
2010-09-20,1682225.4359999998,XIV - 1.00
2010-09-21,1676084.2929999998,XIV - 1.00
2010-09-22,1646017.1019999995,XIV - 1.00
2010-09-23,1595454.7139999997,XIV - 1.00
2010-09-24,1682317.3639999996,XIV - 1.00
2010-09-27,1674421.9009999998,XIV - 1.00
2010-09-28,1676661.0489999994,XIV - 1.00
2010-09-29,1650600.3829999992,XIV - 1.00
2010-09-30,1608620.301999999,XIV - 1.00
2010-10-01,1640939.8259999987,XIV - 1.00
2010-10-04,1617809.3499999987,XIV - 1.00
2010-10-05,1696283.3479999988,XIV - 1.00
2010-10-06,1716901.273999999,XIV - 1.00
2010-10-07,1728791.3129999987,XIV - 1.00
2010-10-08,1796141.2479999983,XIV - 1.00
2010-10-11,1840711.2329999981,XIV - 1.00
2010-10-12,1901027.6409999987,XIV - 1.00
2010-10-13,1944858.0009999985,XIV - 1.00
2010-10-14,1886978.6409999987,XIV - 1.00
2010-10-15,1903476.0589999987,XIV - 1.00
2010-10-18,1965397.302999999,XIV - 1.00
2010-10-19,1917247.6629999988,XIV - 1.00
2010-10-20,2016615.684999999,XIV - 1.00
2010-10-21,2068584.6789999988,XIV - 1.00
2010-10-22,2149861.300999999,XIV - 1.00
2010-10-25,2166137.6029999987,XIV - 1.00
2010-10-26,2125821.229999998,XIV - 1.00
2010-10-27,2086113.197999998,XIV - 1.00
2010-10-28,2090289.566999998,XIV - 1.00
2010-10-29,2091861.598999998,XIV - 1.00
2010-11-01,2105088.2279999983,XIV - 1.00
2010-11-02,2151846.9779999983,XIV - 1.00
2010-11-03,2275474.243999998,XIV - 1.00
2010-11-04,2416781.9839999974,XIV - 1.00
2010-11-05,2417743.450999997,XIV - 1.00
2010-11-08,2403656.0269999974,XIV - 1.00
2010-11-09,2392178.4409999973,XIV - 1.00
2010-11-10,2416929.7389999973,XIV - 1.00
2010-11-11,2395607.940999997,XIV - 1.00
2010-11-12,2254492.4329999974,XIV - 1.00
2010-11-15,2288285.4079999975,XIV - 1.00
2010-11-16,2190644.4799999977,XIV - 1.00
2010-11-17,2238250.8219999974,XIV - 0.55
2010-11-18,2321772.9119999977,XIV - 0.55
2010-11-19,2337079.963999998,XIV - 1.00
2010-11-22,2414061.307999998,XIV - 1.00
2010-11-23,2304180.602999998,XIV - 1.00
2010-11-24,2402645.826999998,XIV - 0.55
2010-11-26,2317727.226999998,XIV - 1.00
2010-11-29,2295644.277999998,XIV - 1.00
2010-11-30,2131852.917999998,XIV - 0.55
2010-12-01,2190393.885999998,None - 0.00
2010-12-02,2190393.885999998,XIV - 0.55
2010-12-03,2236607.5179999983,XIV - 0.55
2010-12-06,2266126.725999998,XIV - 1.00
2010-12-07,2274677.946999998,XIV - 1.00
2010-12-08,2340858.100999998,XIV - 1.00
2010-12-09,2385349.6229999983,XIV - 1.00
2010-12-10,2394817.838999999,XIV - 1.00
2010-12-13,2364400.579,XIV - 1.00
2010-12-14,2338537.8849999993,XIV - 0.55
2010-12-15,2316364.317999999,XIV - 0.55
2010-12-16,2338866.027999999,XIV - 0.55
2010-12-17,2359498.851999999,XIV - 0.55
2010-12-20,2399551.3899999987,XIV - 1.00
2010-12-21,2446023.5539999995,XIV - 1.00
2010-12-22,2446122.069,XIV - 1.00
2010-12-23,2373365.112,XIV - 1.00
2010-12-27,2307925.2879999997,XIV - 1.00
2010-12-28,2296097.1639999994,XIV - 0.55
2010-12-29,2311010.108,XIV - 0.55
2010-12-30,2320184.124,XIV - 1.00
2010-12-31,2354266.625999999,XIV - 1.00
2011-01-03,2393682.575999999,XIV - 0.55
2011-01-04,2402543.831999999,XIV - 0.55
2011-01-05,2426964.3829999985,XIV - 0.55
2011-01-06,2430336.0589999985,XIV - 0.55
2011-01-07,2425131.3229999985,XIV - 0.55
2011-01-10,2426343.2179999985,XIV - 0.55
2011-01-11,2467304.1229999987,XIV - 0.55
2011-01-12,2531731.9689999986,XIV - 0.55
2011-01-13,2541351.4469999988,XIV - 1.00
2011-01-14,2657295.537999999,XIV - 1.00
2011-01-18,2734781.032999999,XIV - 1.00
2011-01-19,2598389.000999999,XIV - 1.00
2011-01-20,2611828.1189999986,XIV - 0.55
2011-01-21,2597143.7229999984,XIV - 0.20
2011-01-24,2609225.4519999987,XIV - 0.20
2011-01-25,2614728.171999999,XIV - 0.55
2011-01-26,2663397.5069999984,XIV - 0.55
2011-01-27,2688510.230999998,XIV - 0.55
2011-01-28,2537234.2529999977,XIV - 0.55
2011-01-31,2555524.6509999977,None - 0.00
2011-02-01,2555524.6509999977,None - 0.00
2011-02-02,2555524.6509999977,None - 0.00
2011-02-03,2555524.6509999977,None - 0.00
2011-02-04,2555524.6509999977,None - 0.00
2011-02-07,2555524.6509999977,XIV - 0.55
2011-02-08,2571215.7469999976,XIV - 0.20
2011-02-09,2570192.6269999975,XIV - 0.55
2011-02-10,2566354.1629999974,XIV - 0.55
2011-02-11,2586359.6779999975,None - 0.00
2011-02-14,2586359.6779999975,None - 0.00
2011-02-15,2586359.6779999975,XIV - 0.20
2011-02-16,2579298.869999998,None - 0.00
2011-02-17,2579298.869999998,None - 0.00
2011-02-18,2579298.869999998,None - 0.00
2011-02-22,2579298.869999998,None - 0.00
2011-02-23,2579298.869999998,None - 0.00
2011-02-24,2579298.869999998,None - 0.00
2011-02-25,2579298.869999998,None - 0.00
2011-02-28,2579298.869999998,None - 0.00
2011-03-01,2579298.869999998,None - 0.00
2011-03-02,2579298.869999998,None - 0.00
2011-03-03,2579298.869999998,None - 0.00
2011-03-04,2579298.869999998,None - 0.00
2011-03-07,2579298.869999998,None - 0.00
2011-03-08,2579298.869999998,None - 0.00
2011-03-09,2579298.869999998,None - 0.00
2011-03-10,2579298.869999998,None - 0.00
2011-03-11,2579298.869999998,None - 0.00
2011-03-14,2579298.869999998,None - 0.00
2011-03-15,2579298.869999998,None - 0.00
2011-03-16,2579298.869999998,None - 0.00
2011-03-17,2579298.869999998,None - 0.00
2011-03-18,2579298.869999998,None - 0.00
2011-03-21,2579298.869999998,None - 0.00
2011-03-22,2579298.869999998,None - 0.00
2011-03-23,2579298.869999998,None - 0.00
2011-03-24,2579298.869999998,None - 0.00
2011-03-25,2579298.869999998,XIV - 0.45
2011-03-28,2548931.8679999975,XIV - 0.45
2011-03-29,2585336.2679999974,None - 0.00
2011-03-30,2585336.2679999974,XIV - 0.45
2011-03-31,2581245.6599999974,XIV - 0.45
2011-04-01,2595649.7279999973,XIV - 0.45
2011-04-04,2614617.387999997,XIV - 0.45
2011-04-05,2621961.797999997,XIV - 0.45
2011-04-06,2626948.777999997,XIV - 0.45
2011-04-07,2618346.412999997,XIV - 0.45
2011-04-08,2601636.554999997,XIV - 1.00
2011-04-11,2629278.0949999965,XIV - 0.45
2011-04-12,2613903.1159999967,XIV - 0.45
2011-04-13,2634643.6489999965,XIV - 0.45
2011-04-14,2648395.4899999965,XIV - 0.80
2011-04-15,2709969.361999997,XIV - 1.00
2011-04-18,2634070.5319999973,XIV - 1.00
2011-04-19,2778090.9889999977,XIV - 1.00
2011-04-20,2914946.2829999975,XIV - 1.00
2011-04-21,2955325.334999997,XIV - 1.00
2011-04-25,3027387.170999997,XIV - 1.00
2011-04-26,3058869.330999997,XIV - 1.00
2011-04-27,3115343.3209999967,XIV - 1.00
2011-04-28,3164002.0509999967,XIV - 1.00
2011-04-29,3173214.3109999974,XIV - 1.00
2011-05-02,3079558.165999998,XIV - 1.00
2011-05-03,2996156.1659999974,XIV - 1.00
2011-05-04,2959687.1959999977,XIV - 1.00
2011-05-05,2912980.8439999972,XIV - 1.00
2011-05-06,2944070.8129999973,XIV - 0.45
2011-05-09,2992406.4259999976,XIV - 0.45
2011-05-10,3043262.043999997,XIV - 1.00
2011-05-11,2962286.5339999967,XIV - 1.00
2011-05-12,3019461.913999997,XIV - 1.00
2011-05-13,2958639.1539999964,XIV - 1.00
2011-05-16,2890928.349999996,XIV - 1.00
2011-05-17,2942914.914999996,XIV - 0.45
2011-05-18,2988535.860999996,XIV - 0.80
2011-05-19,3039250.860999996,XIV - 1.00
2011-05-20,2971911.472999995,XIV - 1.00
2011-05-23,2896451.761999995,XIV - 1.00
2011-05-24,2931548.0239999956,XIV - 0.45
2011-05-25,2954251.315999996,XIV - 1.00
2011-05-26,3035625.859999996,XIV - 1.00
2011-05-27,3090966.595999996,XIV - 1.00
2011-05-31,3181814.365999996,XIV - 1.00
2011-06-01,2961603.7459999956,XIV - 1.00
2011-06-02,2989094.857999996,None - 0.00
2011-06-03,2989094.857999996,None - 0.00
2011-06-06,2989094.857999996,None - 0.00
2011-06-07,2989094.857999996,None - 0.00
2011-06-08,2989094.857999996,None - 0.00
2011-06-09,2989094.857999996,None - 0.00
2011-06-10,2989094.857999996,None - 0.00
2011-06-13,2989094.857999996,XIV - 1.00
2011-06-14,3112352.6659999955,None - 0.00
2011-06-15,3112352.6659999955,None - 0.00
2011-06-16,3112352.6659999955,None - 0.00
2011-06-17,3112352.6659999955,None - 0.00
2011-06-20,3112352.6659999955,None - 0.00
2011-06-21,3112352.6659999955,None - 0.00
2011-06-22,3112352.6659999955,None - 0.00
2011-06-23,3112352.6659999955,None - 0.00
2011-06-24,3112352.6659999955,None - 0.00
2011-06-27,3112352.6659999955,None - 0.00
2011-06-28,3112352.6659999955,None - 0.00
2011-06-29,3112352.6659999955,None - 0.00
2011-06-30,3112352.6659999955,XIV - 1.00
2011-07-01,3243482.5699999956,None - 0.00
2011-07-05,3243482.5699999956,XIV - 1.00
2011-07-06,3194165.2239999967,XIV - 1.00
2011-07-07,3282452.135999997,XIV - 0.55
2011-07-08,3243379.5359999966,XIV - 1.00
2011-07-11,2979920.9159999965,XIV - 1.00
2011-07-12,2905548.2659999966,None - 0.00
2011-07-13,2905548.2659999966,None - 0.00
2011-07-14,2905548.2659999966,None - 0.00
2011-07-15,2905548.2659999966,None - 0.00
2011-07-18,2905548.2659999966,None - 0.00
2011-07-19,2905548.2659999966,None - 0.00
2011-07-20,2905548.2659999966,None - 0.00
2011-07-21,2905548.2659999966,None - 0.00
2011-07-22,2905548.2659999966,XIV - 1.00
2011-07-25,2749702.921999997,XIV - 1.00
2011-07-26,2705389.171999998,None - 0.00
2011-07-27,2705389.171999998,None - 0.00
2011-07-28,2705389.171999998,None - 0.00
2011-07-29,2705389.171999998,None - 0.00
2011-08-01,2705389.171999998,None - 0.00
2011-08-02,2705389.171999998,None - 0.00
2011-08-03,2705389.171999998,None - 0.00
2011-08-04,2705389.171999998,None - 0.00
2011-08-05,2705389.171999998,VXX - 1.00
2011-08-08,3215869.041999997,VXX - 1.00
2011-08-09,2703966.041999998,VXX - 1.00
2011-08-10,3093901.161999998,VXX - 1.00
2011-08-11,2988171.4719999987,VXX - 1.00
2011-08-12,3003127.4219999993,VXX - 1.00
2011-08-15,2864141.641999999,VXX - 1.00
2011-08-16,2894423.652,VXX - 1.00
2011-08-17,3004093.602,VXX - 1.00
2011-08-18,3577659.4620000003,VXX - 1.00
2011-08-19,3779156.8620000007,VXX - 1.00
2011-08-22,3899522.3820000007,VXX - 1.00
2011-08-23,3690989.7720000003,VXX - 1.00
2011-08-24,3618964.5720000006,VXX - 1.00
2011-08-25,3725154.882,VXX - 1.00
2011-08-26,3641895.512,VXX - 1.00
2011-08-29,3426503.732,VXX - 1.00
2011-08-30,3517961.031999999,VXX - 1.00
2011-08-31,3447779.1119999993,VXX - 1.00
2011-09-01,3506774.4119999995,VXX - 1.00
2011-09-02,3707400.651999999,VXX - 1.00
2011-09-06,3819957.131999999,VXX - 1.00
2011-09-07,3622286.4519999977,VXX - 1.00
2011-09-08,3720727.311999998,VXX - 1.00
2011-09-09,4042539.7119999984,VXX - 1.00
2011-09-12,4077904.4919999987,VXX - 1.00
2011-09-13,4071905.791999998,VXX - 1.00
2011-09-14,3928362.271999998,VXX - 1.00
2011-09-15,3738923.1119999974,VXX - 1.00
2011-09-16,3652958.5319999973,None - 0.00
2011-09-19,3652958.5319999973,None - 0.00
2011-09-20,3652958.5319999973,VXX - 1.00
2011-09-21,3958501.4319999963,VXX - 1.00
2011-09-22,4260868.191999997,VXX - 1.00
2011-09-23,4323104.721999997,VXX - 1.00
2011-09-26,4152194.7219999973,VXX - 1.00
2011-09-27,4073269.8819999974,VXX - 1.00
2011-09-28,4345481.811999997,VXX - 1.00
2011-09-29,4258572.291999998,VXX - 1.00
2011-09-30,4613382.861999998,VXX - 1.00
2011-10-03,4934324.391999997,VXX - 1.00
2011-10-04,4546176.981999997,VXX - 1.00
2011-10-05,4311849.151999997,VXX - 1.00
2011-10-06,4260857.511999998,None - 0.00
2011-10-07,4260857.511999998,None - 0.00
2011-10-10,4260857.511999998,None - 0.00
2011-10-11,4260857.511999998,XIV - 0.45
2011-10-12,4378804.467999998,XIV - 0.45
2011-10-13,4393139.315999998,XIV - 0.45
2011-10-14,4513071.506999997,XIV - 0.45
2011-10-17,4261413.219999998,XIV - 0.45
2011-10-18,4373766.440999998,XIV - 0.45
2011-10-19,4194799.875999998,XIV - 0.45
2011-10-20,4181776.571999998,XIV - 0.45
2011-10-21,4313875.011999998,XIV - 0.45
2011-10-24,4420444.147999998,XIV - 0.45
2011-10-25,4261487.0299999975,XIV - 0.80
2011-10-26,4439328.565999998,XIV - 0.45
2011-10-27,4703508.362999998,XIV - 0.45
2011-10-28,4708299.274999998,XIV - 1.00
2011-10-31,4121996.1649999972,XIV - 1.00
2011-11-01,3623603.5009999974,XIV - 0.45
2011-11-02,3675371.033999997,XIV - 0.45
2011-11-03,3749027.8619999974,XIV - 0.45
2011-11-04,3718844.3549999977,XIV - 0.45
2011-11-07,3728041.139999998,XIV - 0.80
2011-11-08,3887810.329999998,XIV - 0.45
2011-11-09,3542008.425999998,XIV - 1.00
2011-11-10,3763683.3059999975,XIV - 0.45
2011-11-11,3837992.969999998,XIV - 0.45
2011-11-14,3806259.549999998,XIV - 1.00
2011-11-15,3812522.949999998,XIV - 0.80
2011-11-16,3620888.7299999986,XIV - 0.80
2011-11-17,3524763.7779999985,XIV - 0.45
2011-11-18,3587860.7199999983,XIV - 0.45
2011-11-21,3558490.578999998,XIV - 0.80
2011-11-22,3611755.692999999,XIV - 0.80
2011-11-23,3499726.2369999983,XIV - 0.80
2011-11-25,3433343.7969999993,XIV - 0.80
2011-11-28,3615365.8889999986,XIV - 0.80
2011-11-29,3668334.8489999985,XIV - 0.80
2011-11-30,3917359.388999999,XIV - 1.00
2011-12-01,3992918.942999999,XIV - 1.00
2011-12-02,4015908.2279999997,XIV - 1.00
2011-12-05,4029509.9280000003,XIV - 1.00
2011-12-06,3991794.9780000006,XIV - 1.00
2011-12-07,3912621.5460000006,XIV - 1.00
2011-12-08,3715561.851,XIV - 1.00
2011-12-09,4030283.655,XIV - 0.80
2011-12-12,3974593.7800000003,XIV - 1.00
2011-12-13,4011932.0840000007,XIV - 1.00
2011-12-14,3990905.3839999996,XIV - 1.00
2011-12-15,4140755.9199999995,XIV - 1.00
2011-12-16,4151883.729999999,XIV - 1.00
2011-12-19,4223861.3379999995,XIV - 1.00
2011-12-20,4490338.263,XIV - 1.00
2011-12-21,4833627.465,XIV - 1.00
2011-12-22,4721935.0600000005,XIV - 1.00
2011-12-23,4615051.528,XIV - 1.00
2011-12-27,4657950.262999999,XIV - 1.00
2011-12-28,4447627.143000001,XIV - 1.00
2011-12-29,4561487.175,XIV - 1.00
2011-12-30,4441189.660000001,XIV - 1.00
2012-01-03,4715628.37,XIV - 1.00
2012-01-04,4818098.097999999,XIV - 1.00
2012-01-05,4899894.295,XIV - 1.00
2012-01-06,5016053.713,XIV - 1.00
2012-01-09,5064419.599000002,XIV - 1.00
2012-01-10,5170129.099000002,XIV - 1.00
2012-01-11,5055377.452000003,XIV - 1.00
2012-01-12,5152545.227000002,XIV - 1.00
2012-01-13,5077008.544000002,XIV - 1.00
2012-01-17,5107972.3900000015,XIV - 1.00
2012-01-18,5266487.053000002,XIV - 1.00
2012-01-19,5411165.917000002,XIV - 1.00
2012-01-20,5572000.489000001,XIV - 1.00
2012-01-23,5704006.592999999,XIV - 1.00
2012-01-24,5737529.8999999985,XIV - 1.00
2012-01-25,5904142.876999999,XIV - 1.00
2012-01-26,5910407.202,XIV - 1.00
2012-01-27,6016404.521999999,XIV - 1.00
2012-01-30,5881712.874,XIV - 1.00
2012-01-31,5827770.761999998,XIV - 1.00
2012-02-01,6061764.482,XIV - 1.00
2012-02-02,6261926.119999998,XIV - 1.00
2012-02-03,6556213.866999998,XIV - 1.00
2012-02-06,6610860.663999998,XIV - 1.00
2012-02-07,6533365.313999997,XIV - 1.00
2012-02-08,6320813.633999999,XIV - 1.00
2012-02-09,6042505.952999998,XIV - 1.00
2012-02-10,5593697.486999999,XIV - 1.00
2012-02-13,6006982.150999998,XIV - 0.55
2012-02-14,5924456.850999998,XIV - 1.00
2012-02-15,5454567.1039999975,XIV - 1.00
2012-02-16,5772466.318999997,XIV - 0.55
2012-02-17,5796222.228999998,XIV - 1.00
2012-02-21,5797255.284999997,XIV - 1.00
2012-02-22,5979133.750999996,XIV - 1.00
2012-02-23,6372109.597999996,XIV - 1.00
2012-02-24,6086582.743999996,XIV - 1.00
2012-02-27,5998541.116999995,XIV - 1.00
2012-02-28,6167293.681999995,XIV - 1.00
2012-02-29,6145277.925999996,XIV - 1.00
2012-03-01,6379505.405999996,XIV - 1.00
2012-03-02,6270378.620999996,XIV - 1.00
2012-03-05,6314731.110999996,XIV - 1.00
2012-03-06,5747438.954999994,XIV - 1.00
2012-03-07,6119805.389999992,XIV - 0.55
2012-03-08,6237962.948999992,XIV - 1.00
2012-03-09,6394016.591999992,XIV - 1.00
2012-03-12,6715826.019999991,XIV - 1.00
2012-03-13,6957582.469999991,XIV - 1.00
2012-03-14,6604293.193999991,XIV - 1.00
2012-03-15,6734987.575999992,XIV - 1.00
2012-03-16,6816330.431999992,XIV - 1.00
2012-03-19,7298177.855999993,XIV - 1.00
2012-03-20,7609447.517999993,XIV - 1.00
2012-03-21,8004151.982999993,XIV - 1.00
2012-03-22,7892931.912999991,XIV - 1.00
2012-03-23,8460835.262999993,XIV - 1.00
2012-03-26,9166463.427999992,XIV - 1.00
2012-03-27,8117582.552999994,XIV - 1.00
2012-03-28,8085208.072999992,XIV - 1.00
2012-03-29,8276820.220999992,XIV - 1.00
2012-03-30,8452667.752999993,XIV - 1.00
2012-04-02,8422456.24699999,XIV - 1.00
2012-04-03,8264617.00699999,XIV - 1.00
2012-04-04,7973428.761999989,XIV - 1.00
2012-04-05,7754867.844999988,XIV - 1.00
2012-04-09,7341226.868999988,XIV - 0.55
2012-04-10,7081558.153999989,XIV - 0.55
2012-04-11,7147324.790999988,XIV - 0.55
2012-04-12,7569796.334999988,XIV - 0.55
2012-04-13,7212324.5999999875,XIV - 1.00
2012-04-16,7319183.930999986,XIV - 0.55
2012-04-17,7584424.226999986,XIV - 0.55
2012-04-18,7460418.998999986,XIV - 0.55
2012-04-19,7488745.252999986,XIV - 0.55
2012-04-20,7624797.064999985,XIV - 0.55
2012-04-23,7445373.190999985,XIV - 1.00
2012-04-24,7738034.450999985,XIV - 0.55
2012-04-25,7978454.600999987,XIV - 1.00
2012-04-26,8199501.912999987,XIV - 1.00
2012-04-27,8206512.447999987,XIV - 1.00
2012-04-30,8042460.433999986,XIV - 1.00
2012-05-01,8228209.798999987,XIV - 0.55
2012-05-02,8233376.778999985,XIV - 1.00
2012-05-03,7946438.258999987,XIV - 1.00
2012-05-04,7538729.798999988,XIV - 1.00
2012-05-07,7759828.9919999875,XIV - 0.55
2012-05-08,7725564.711999988,XIV - 0.55
2012-05-09,7546798.079999987,XIV - 0.55
2012-05-10,7743717.746999987,XIV - 0.55
2012-05-11,7590446.396999988,XIV - 0.55
2012-05-14,7311334.796999987,XIV - 0.20
2012-05-15,7258042.823999987,None - 0.00
2012-05-16,7258042.823999987,None - 0.00
2012-05-17,7258042.823999987,None - 0.00
2012-05-18,7258042.823999987,None - 0.00
2012-05-21,7258042.823999987,None - 0.00
2012-05-22,7258042.823999987,XIV - 0.55
2012-05-23,7281660.527999986,None - 0.00
2012-05-24,7281660.527999986,XIV - 0.20
2012-05-25,7267544.7359999865,XIV - 1.00
2012-05-29,7689785.771999987,None - 0.00
2012-05-30,7689785.771999987,None - 0.00
2012-05-31,7689785.771999987,None - 0.00
2012-06-01,7689785.771999987,None - 0.00
2012-06-04,7689785.771999987,None - 0.00
2012-06-05,7689785.771999987,None - 0.00
2012-06-06,7689785.771999987,None - 0.00
2012-06-07,7689785.771999987,None - 0.00
2012-06-08,7689785.771999987,None - 0.00
2012-06-11,7689785.771999987,XIV - 1.00
2012-06-12,7958939.488999989,None - 0.00
2012-06-13,7958939.488999989,None - 0.00
2012-06-14,7958939.488999989,None - 0.00
2012-06-15,7958939.488999989,None - 0.00
2012-06-18,7958939.488999989,XIV - 0.20
2012-06-19,7953832.036999988,XIV - 1.00
2012-06-20,8475450.267999988,XIV - 1.00
2012-06-21,7308788.847999986,XIV - 1.00
2012-06-22,7751533.715999988,XIV - 0.20
2012-06-25,7712575.2019999875,XIV - 1.00
2012-06-26,7937328.697999989,XIV - 0.65
2012-06-27,7949022.047999988,XIV - 1.00
2012-06-28,8072938.379999989,XIV - 0.65
2012-06-29,8460492.75599999,XIV - 0.65
2012-07-02,8821696.22799999,XIV - 1.00
2012-07-03,9025910.279999992,XIV - 1.00
2012-07-05,8602482.489999993,XIV - 1.00
2012-07-06,8778211.305999994,XIV - 1.00
2012-07-09,8779475.848999994,XIV - 1.00
2012-07-10,8450177.280999996,XIV - 1.00
2012-07-11,8777266.900999993,XIV - 1.00
2012-07-12,8707374.841999995,XIV - 1.00
2012-07-13,9225465.403999995,XIV - 1.00
2012-07-16,9255198.925999993,XIV - 1.00
2012-07-17,9610998.285999995,XIV - 1.00
2012-07-18,9560098.242999995,XIV - 1.00
2012-07-19,9787969.614999998,XIV - 1.00
2012-07-20,9292310.094999999,XIV - 1.00
2012-07-23,8523966.570999997,XIV - 1.00
2012-07-24,8111788.944999997,XIV - 0.65
2012-07-25,8289100.869999996,None - 0.00
2012-07-26,8289100.869999996,XIV - 0.45
2012-07-27,8377891.683999996,XIV - 1.00
2012-07-30,8028947.763999997,XIV - 1.00
2012-07-31,7871081.054999996,XIV - 1.00
2012-08-01,7961572.000999996,XIV - 1.00
2012-08-02,8291632.042999994,XIV - 1.00
2012-08-03,8881177.642999995,XIV - 1.00
2012-08-06,9061689.706999993,XIV - 1.00
2012-08-07,8690297.506999994,XIV - 1.00
2012-08-08,9065695.212999994,XIV - 1.00
2012-08-09,9190025.253999993,XIV - 1.00
2012-08-10,9258417.209999993,XIV - 1.00
2012-08-13,9450892.209999993,XIV - 1.00
2012-08-14,9073560.793999994,XIV - 1.00
2012-08-15,9095042.801999994,XIV - 1.00
2012-08-16,9221246.456999995,XIV - 1.00
2012-08-17,9511218.074999996,XIV - 1.00
2012-08-20,9508583.712999996,XIV - 1.00
2012-08-21,9254588.205999995,XIV - 1.00
2012-08-22,9132809.437999994,XIV - 1.00
2012-08-23,8990100.005999995,XIV - 1.00
2012-08-24,9317239.101999994,XIV - 1.00
2012-08-27,9206220.074999996,XIV - 1.00
2012-08-28,9116567.702999998,XIV - 1.00
2012-08-29,9001762.282999998,XIV - 1.00
2012-08-30,8820679.072999999,XIV - 0.55
2012-08-31,9000700.722999997,XIV - 0.55
2012-09-04,9089564.937999997,XIV - 0.55
2012-09-05,9204875.807999998,XIV - 0.55
2012-09-06,9706605.035999998,XIV - 0.55
2012-09-07,1.0009726417999998E7,XIV - 1.00
2012-09-10,9317409.649999999,XIV - 1.00
2012-09-11,9368033.347999996,XIV - 1.00
2012-09-12,9765579.435999997,XIV - 1.00
2012-09-13,1.0380441390999999E7,XIV - 1.00
2012-09-14,9814804.351,XIV - 1.00
2012-09-17,1.0114772765999999E7,XIV - 1.00
2012-09-18,1.0477543820999999E7,XIV - 1.00
2012-09-19,1.0605618420999996E7,XIV - 1.00
2012-09-20,1.0378174322999997E7,XIV - 1.00
2012-09-21,1.0584479367999997E7,XIV - 1.00
2012-09-24,1.0694560836999997E7,XIV - 1.00
2012-09-25,9938941.436999993,XIV - 1.00
2012-09-26,9607205.768999994,XIV - 1.00
2012-09-27,1.0401735662999991E7,XIV - 0.55
2012-09-28,1.0299888798999991E7,XIV - 1.00
2012-10-01,1.003888399899999E7,XIV - 1.00
2012-10-02,1.023772627899999E7,XIV - 0.55
2012-10-03,1.0293449877999991E7,XIV - 1.00
2012-10-04,1.058444154199999E7,XIV - 1.00
2012-10-05,1.065245361199999E7,XIV - 1.00
2012-10-08,1.0558144285999991E7,XIV - 1.00
2012-10-09,1.0127551231999993E7,XIV - 0.55
2012-10-10,1.0100769703999994E7,XIV - 0.55
2012-10-11,1.0282544947999995E7,None - 0.00
2012-10-12,1.0282544947999995E7,XIV - 0.55
2012-10-15,1.0552690971999995E7,XIV - 0.55
2012-10-16,1.0683901321999995E7,XIV - 0.55
2012-10-17,1.0788325164999995E7,XIV - 0.55
2012-10-18,1.0701717430999994E7,XIV - 0.55
2012-10-19,1.0390774343999993E7,XIV - 0.55
2012-10-22,1.0476843716999993E7,None - 0.00
2012-10-23,1.0476843716999993E7,None - 0.00
2012-10-24,1.0476843716999993E7,None - 0.00
2012-10-25,1.0476843716999993E7,None - 0.00
2012-10-26,1.0476843716999993E7,None - 0.00
2012-10-31,1.0476843716999993E7,None - 0.00
2012-11-01,1.0476843716999993E7,None - 0.00
2012-11-02,1.0476843716999993E7,XIV - 0.55
2012-11-05,1.0382917870999992E7,None - 0.00
2012-11-06,1.0382917870999992E7,None - 0.00
2012-11-07,1.0382917870999992E7,None - 0.00
2012-11-08,1.0382917870999992E7,None - 0.00
2012-11-09,1.0382917870999992E7,None - 0.00
2012-11-12,1.0382917870999992E7,None - 0.00
2012-11-13,1.0382917870999992E7,None - 0.00
2012-11-14,1.0382917870999992E7,None - 0.00
2012-11-15,1.0382917870999992E7,None - 0.00
2012-11-16,1.0382917870999992E7,None - 0.00
2012-11-19,1.0382917870999992E7,None - 0.00
2012-11-20,1.0382917870999992E7,XIV - 0.55
2012-11-21,1.0365907534999993E7,XIV - 0.55
2012-11-23,1.0487190620999992E7,None - 0.00
2012-11-26,1.0487190620999992E7,None - 0.00
2012-11-27,1.0487190620999992E7,None - 0.00
2012-11-28,1.0487190620999992E7,None - 0.00
2012-11-29,1.0487190620999992E7,XIV - 0.20
2012-11-30,1.0453552093999991E7,XIV - 1.00
2012-12-03,9974015.295999995,None - 0.00
2012-12-04,9974015.295999995,None - 0.00
2012-12-05,9974015.295999995,None - 0.00
2012-12-06,9974015.295999995,None - 0.00
2012-12-07,9974015.295999995,None - 0.00
2012-12-10,9974015.295999995,None - 0.00
2012-12-11,9974015.295999995,None - 0.00
2012-12-12,9974015.295999995,None - 0.00
2012-12-13,9974015.295999995,None - 0.00
2012-12-14,9974015.295999995,None - 0.00
2012-12-17,9974015.295999995,None - 0.00
2012-12-18,9974015.295999995,None - 0.00
2012-12-19,9974015.295999995,None - 0.00
2012-12-20,9974015.295999995,None - 0.00
2012-12-21,9974015.295999995,None - 0.00
2012-12-24,9974015.295999995,None - 0.00
2012-12-26,9974015.295999995,None - 0.00
2012-12-27,9974015.295999995,None - 0.00
2012-12-28,9974015.295999995,None - 0.00
2012-12-31,9974015.295999995,None - 0.00
2013-01-02,9974015.295999995,None - 0.00
2013-01-03,9974015.295999995,XIV - 0.45
2013-01-04,1.0084244246999994E7,None - 0.00
2013-01-07,1.0084244246999994E7,XIV - 0.45
2013-01-08,1.0094121396999992E7,XIV - 0.45
2013-01-09,1.0100306386999995E7,XIV - 0.45
2013-01-10,1.0197803765999995E7,XIV - 0.45
2013-01-11,1.0224283395999994E7,XIV - 0.45
2013-01-14,1.0238902083999995E7,XIV - 0.45
2013-01-15,1.0278035251999997E7,XIV - 0.45
2013-01-16,1.0365153187999997E7,XIV - 0.45
2013-01-17,1.0310314312999997E7,XIV - 0.45
2013-01-18,1.0605351382999998E7,XIV - 0.45
2013-01-22,1.0809775294999998E7,XIV - 0.45
2013-01-23,1.0927721959999997E7,XIV - 0.80
2013-01-24,1.0804129584999997E7,XIV - 0.45
2013-01-25,1.0763797412999995E7,XIV - 0.45
2013-01-28,1.0632859101999996E7,XIV - 0.45
2013-01-29,1.0788777870999996E7,None - 0.00
2013-01-30,1.0788777870999996E7,XIV - 0.45
2013-01-31,1.0835113492999997E7,None - 0.00
2013-02-01,1.0835113492999997E7,XIV - 0.45
2013-02-04,1.0611930301999997E7,XIV - 0.45
2013-02-05,1.0762362167999998E7,None - 0.00
2013-02-06,1.0762362167999998E7,None - 0.00
2013-02-07,1.0762362167999998E7,XIV - 0.45
2013-02-08,1.0857552523999996E7,XIV - 0.45
2013-02-11,1.0897491037999997E7,XIV - 0.45
2013-02-12,1.0953129127999997E7,XIV - 0.45
2013-02-13,1.0969818367999997E7,XIV - 0.45
2013-02-14,1.1034797993999999E7,XIV - 0.45
2013-02-15,1.1053084724E7,XIV - 0.45
2013-02-19,1.1259096784000002E7,XIV - 1.00
2013-02-20,1.0126595124E7,XIV - 1.00
2013-02-21,1.0056047556E7,None - 0.00
2013-02-22,1.0056047556E7,None - 0.00
2013-02-25,1.0056047556E7,XIV - 0.45
2013-02-26,1.0172090772E7,None - 0.00
2013-02-27,1.0172090772E7,None - 0.00
2013-02-28,1.0172090772E7,None - 0.00
2013-03-01,1.0172090772E7,None - 0.00
2013-03-04,1.0172090772E7,None - 0.00
2013-03-05,1.0172090772E7,XIV - 0.45
2013-03-06,1.0153031017E7,XIV - 0.45
2013-03-07,1.0265317609000001E7,XIV - 0.45
2013-03-08,1.0338028835E7,XIV - 0.45
2013-03-11,1.0555972285000002E7,XIV - 0.45
2013-03-12,1.0447904196000002E7,XIV - 0.45
2013-03-13,1.0494320443000002E7,XIV - 0.45
2013-03-14,1.0544071925E7,XIV - 0.80
2013-03-15,1.0493860285E7,XIV - 1.00
2013-03-18,9964466.039,XIV - 1.00
2013-03-19,9933277.284000002,None - 0.00
2013-03-20,9933277.284000002,None - 0.00
2013-03-21,9933277.284000002,XIV - 0.80
2013-03-22,1.0011897796E7,XIV - 0.45
2013-03-25,1.0084343364E7,XIV - 0.80
2013-03-26,1.0257633344999999E7,XIV - 0.80
2013-03-27,1.0160049647999998E7,XIV - 1.00
2013-03-28,1.0276270347E7,XIV - 1.00
2013-04-01,1.0150238749000002E7,XIV - 1.00
2013-04-02,1.0527268589000003E7,XIV - 0.80
2013-04-03,1.0128540311000004E7,XIV - 1.00
2013-04-04,1.0326155411000006E7,None - 0.00
2013-04-05,1.0326155411000006E7,XIV - 0.80
2013-04-08,1.0607136221000005E7,XIV - 1.00
2013-04-09,1.0643501861000005E7,XIV - 1.00
2013-04-10,1.1029593641000004E7,XIV - 1.00
2013-04-11,1.1021341766000006E7,XIV - 1.00
2013-04-12,1.1295881906000007E7,XIV - 1.00
2013-04-15,9165891.083000008,XIV - 1.00
2013-04-16,1.0227945293000009E7,None - 0.00
2013-04-17,1.0227945293000009E7,XIV - 0.35
2013-04-18,1.0066652517000008E7,None - 0.00
2013-04-19,1.0066652517000008E7,None - 0.00
2013-04-22,1.0066652517000008E7,XIV - 0.80
2013-04-23,1.045058988500001E7,XIV - 0.80
2013-04-24,1.0405589758000009E7,XIV - 1.00
2013-04-25,1.030987876600001E7,XIV - 1.00
2013-04-26,1.0291772814000012E7,XIV - 0.80
2013-04-29,1.0319207936000012E7,XIV - 0.80
2013-04-30,1.045411435800001E7,XIV - 0.80
2013-05-01,1.0095978958000012E7,XIV - 1.00
2013-05-02,1.0441977958000014E7,None - 0.00
2013-05-03,1.0441977958000014E7,XIV - 1.00
2013-05-06,1.0669800198000014E7,XIV - 1.00
2013-05-07,1.0706703060000014E7,XIV - 1.00
2013-05-08,1.0575710745000014E7,XIV - 1.00
2013-05-09,1.0411248069000013E7,XIV - 1.00
2013-05-10,1.0606691149000011E7,XIV - 1.00
2013-05-13,1.064867542900001E7,XIV - 1.00
2013-05-14,1.0693851759000013E7,XIV - 1.00
2013-05-15,1.061490903900001E7,XIV - 1.00
2013-05-16,1.0468369428000012E7,XIV - 1.00
2013-05-17,1.0682947770000009E7,XIV - 1.00
2013-05-20,1.0677337550000008E7,XIV - 1.00
2013-05-21,1.0468198473000007E7,XIV - 1.00
2013-05-22,1.0535896383000009E7,XIV - 0.55
2013-05-23,1.0462345521000009E7,XIV - 0.55
2013-05-24,1.046437149900001E7,XIV - 0.55
2013-05-28,1.0565685153000008E7,XIV - 0.55
2013-05-29,1.050250434100001E7,None - 0.00
2013-05-30,1.050250434100001E7,None - 0.00
2013-05-31,1.050250434100001E7,None - 0.00
2013-06-03,1.050250434100001E7,None - 0.00
2013-06-04,1.050250434100001E7,None - 0.00
2013-06-05,1.050250434100001E7,None - 0.00
2013-06-06,1.050250434100001E7,None - 0.00
2013-06-07,1.050250434100001E7,None - 0.00
2013-06-10,1.050250434100001E7,None - 0.00
2013-06-11,1.050250434100001E7,None - 0.00
2013-06-12,1.050250434100001E7,None - 0.00
2013-06-13,1.050250434100001E7,None - 0.00
2013-06-14,1.050250434100001E7,None - 0.00
2013-06-17,1.050250434100001E7,None - 0.00
2013-06-18,1.050250434100001E7,None - 0.00
2013-06-19,1.050250434100001E7,None - 0.00
2013-06-20,1.050250434100001E7,None - 0.00
2013-06-21,1.050250434100001E7,None - 0.00
2013-06-24,1.050250434100001E7,None - 0.00
2013-06-25,1.050250434100001E7,None - 0.00
2013-06-26,1.050250434100001E7,None - 0.00
2013-06-27,1.050250434100001E7,None - 0.00
2013-06-28,1.050250434100001E7,None - 0.00
2013-07-01,1.050250434100001E7,None - 0.00
2013-07-02,1.050250434100001E7,None - 0.00
2013-07-03,1.050250434100001E7,None - 0.00
2013-07-05,1.050250434100001E7,None - 0.00
2013-07-08,1.050250434100001E7,XIV - 0.45
2013-07-09,1.054538766900001E7,XIV - 0.65
2013-07-10,1.066543344400001E7,XIV - 1.00
2013-07-11,1.087077401200001E7,XIV - 1.00
2013-07-12,1.076898697000001E7,XIV - 1.00
2013-07-15,1.1079762154000014E7,XIV - 1.00
2013-07-16,1.0774656106000016E7,XIV - 1.00
2013-07-17,1.1170150815000016E7,XIV - 0.45
2013-07-18,1.1216861992000017E7,XIV - 1.00
2013-07-19,1.1602007388000017E7,XIV - 1.00
2013-07-22,1.1763220620000018E7,XIV - 1.00
2013-07-23,1.1802718488000017E7,XIV - 1.00
2013-07-24,1.1700317926000016E7,XIV - 1.00
2013-07-25,1.1930702844000015E7,XIV - 1.00
2013-07-26,1.1970929961000018E7,XIV - 1.00
2013-07-29,1.1835929131000018E7,XIV - 1.00
2013-07-30,1.2081843107000016E7,XIV - 1.00
2013-07-31,1.2374438857000016E7,XIV - 1.00
2013-08-01,1.2645544879000017E7,XIV - 1.00
2013-08-02,1.302100313100002E7,XIV - 1.00
2013-08-05,1.3160339636000022E7,XIV - 1.00
2013-08-06,1.280515351100002E7,XIV - 1.00
2013-08-07,1.2646406939000022E7,XIV - 1.00
2013-08-08,1.2852987182000022E7,XIV - 1.00
2013-08-09,1.255733747800002E7,XIV - 1.00
2013-08-12,1.272690290200002E7,XIV - 1.00
2013-08-13,1.284742437400002E7,XIV - 1.00
2013-08-14,1.262884231700002E7,XIV - 1.00
2013-08-15,1.2079707035000023E7,XIV - 1.00
2013-08-16,1.2160199509000022E7,None - 0.00
2013-08-19,1.2160199509000022E7,None - 0.00
2013-08-20,1.2160199509000022E7,None - 0.00
2013-08-21,1.2160199509000022E7,None - 0.00
2013-08-22,1.2160199509000022E7,None - 0.00
2013-08-23,1.2160199509000022E7,None - 0.00
2013-08-26,1.2160199509000022E7,XIV - 0.45
2013-08-27,1.1714143743000023E7,None - 0.00
2013-08-28,1.1714143743000023E7,None - 0.00
2013-08-29,1.1714143743000023E7,None - 0.00
2013-08-30,1.1714143743000023E7,None - 0.00
2013-09-03,1.1714143743000023E7,None - 0.00
2013-09-04,1.1714143743000023E7,None - 0.00
2013-09-05,1.1714143743000023E7,None - 0.00
2013-09-06,1.1714143743000023E7,None - 0.00
2013-09-09,1.1714143743000023E7,None - 0.00
2013-09-10,1.1714143743000023E7,None - 0.00
2013-09-11,1.1714143743000023E7,None - 0.00
2013-09-12,1.1714143743000023E7,None - 0.00
2013-09-13,1.1714143743000023E7,None - 0.00
2013-09-16,1.1714143743000023E7,None - 0.00
2013-09-17,1.1714143743000023E7,None - 0.00
2013-09-18,1.1714143743000023E7,None - 0.00
2013-09-19,1.1714143743000023E7,None - 0.00
2013-09-20,1.1714143743000023E7,XIV - 1.00
2013-09-23,1.1457665633000024E7,XIV - 1.00
2013-09-24,1.1656368659000022E7,None - 0.00
2013-09-25,1.1656368659000022E7,None - 0.00
2013-09-26,1.1656368659000022E7,None - 0.00
2013-09-27,1.1656368659000022E7,None - 0.00
2013-09-30,1.1656368659000022E7,None - 0.00
2013-10-01,1.1656368659000022E7,None - 0.00
2013-10-02,1.1656368659000022E7,None - 0.00
2013-10-03,1.1656368659000022E7,None - 0.00
2013-10-04,1.1656368659000022E7,None - 0.00
2013-10-07,1.1656368659000022E7,None - 0.00
2013-10-08,1.1656368659000022E7,None - 0.00
2013-10-09,1.1656368659000022E7,None - 0.00
2013-10-10,1.1656368659000022E7,None - 0.00
2013-10-11,1.1656368659000022E7,None - 0.00
2013-10-14,1.1656368659000022E7,None - 0.00
2013-10-15,1.1656368659000022E7,None - 0.00
2013-10-16,1.1656368659000022E7,None - 0.00
2013-10-17,1.1656368659000022E7,XIV - 0.45
2013-10-18,1.1731579613000022E7,XIV - 1.00
2013-10-21,1.1531150830000022E7,XIV - 1.00
2013-10-22,1.1525714280000024E7,XIV - 0.80
2013-10-23,1.147610005800002E7,XIV - 1.00
2013-10-24,1.1641029483000023E7,XIV - 1.00
2013-10-25,1.1602387587000024E7,XIV - 1.00
2013-10-28,1.1575955538000023E7,XIV - 1.00
2013-10-29,1.1626789958000021E7,XIV - 1.00
2013-10-30,1.1564683442000022E7,XIV - 1.00
2013-10-31,1.1603378106000021E7,XIV - 1.00
2013-11-01,1.1588783786000019E7,XIV - 1.00
2013-11-04,1.197091553600002E7,XIV - 1.00
2013-11-05,1.190869337600002E7,XIV - 1.00
2013-11-06,1.212633830800002E7,XIV - 1.00
2013-11-07,1.172260492900002E7,XIV - 1.00
2013-11-08,1.217407304300002E7,XIV - 1.00
2013-11-11,1.2306787255000021E7,XIV - 1.00
2013-11-12,1.2264910915000021E7,XIV - 1.00
2013-11-13,1.2382185552000018E7,XIV - 1.00
2013-11-14,1.2446939472000016E7,XIV - 1.00
2013-11-15,1.2644874454000017E7,XIV - 1.00
2013-11-18,1.2659151418000016E7,XIV - 1.00
2013-11-19,1.2480116718000015E7,XIV - 1.00
2013-11-20,1.2778785196000015E7,XIV - 1.00
2013-11-21,1.3181248180000016E7,XIV - 1.00
2013-11-22,1.3293589024000017E7,XIV - 1.00
2013-11-25,1.3273688148000019E7,XIV - 1.00
2013-11-26,1.3207057548000019E7,XIV - 1.00
2013-11-27,1.3114564306000018E7,XIV - 1.00
2013-11-29,1.3037166349000018E7,XIV - 1.00
2013-12-02,1.2816282847000016E7,XIV - 1.00
2013-12-03,1.2531079811000014E7,XIV - 1.00
2013-12-04,1.2750011762000013E7,XIV - 1.00
2013-12-05,1.2580950063000014E7,XIV - 1.00
2013-12-06,1.3030996028000012E7,XIV - 0.35
2013-12-09,1.3093057793000013E7,XIV - 1.00
2013-12-10,1.2973837565000014E7,XIV - 1.00
2013-12-11,1.2393479293000013E7,XIV - 0.55
2013-12-12,1.2327298173000012E7,None - 0.00
2013-12-13,1.2327298173000012E7,None - 0.00
2013-12-16,1.2327298173000012E7,None - 0.00
2013-12-17,1.2327298173000012E7,None - 0.00
2013-12-18,1.2327298173000012E7,None - 0.00
2013-12-19,1.2327298173000012E7,XIV - 1.00
2013-12-20,1.2338513062000012E7,XIV - 1.00
2013-12-23,1.2789101935000012E7,XIV - 1.00
2013-12-24,1.3223591766000012E7,XIV - 1.00
2013-12-26,1.3244640451000012E7,XIV - 1.00
2013-12-27,1.2994834246000014E7,XIV - 1.00
2013-12-30,1.2811399117000012E7,XIV - 1.00
2013-12-31,1.2813710849000014E7,XIV - 1.00
2014-01-02,1.2574471856000016E7,XIV - 0.55
2014-01-03,1.2645209076000016E7,XIV - 0.20
2014-01-06,1.2671288248000016E7,XIV - 0.55
2014-01-07,1.2804456298000015E7,XIV - 0.55
2014-01-08,1.2794233186000016E7,XIV - 0.55
2014-01-09,1.2773331686000016E7,XIV - 0.55
2014-01-10,1.2919965326000016E7,XIV - 1.00
2014-01-13,1.2613613177000016E7,XIV - 1.00
2014-01-14,1.3057078577000018E7,None - 0.00
2014-01-15,1.3057078577000018E7,XIV - 0.55
2014-01-16,1.297022955600002E7,XIV - 0.55
2014-01-17,1.299294570000002E7,XIV - 0.55
2014-01-21,1.306913105600002E7,XIV - 0.55
2014-01-22,1.319557439600002E7,XIV - 0.55
2014-01-23,1.302004478400002E7,XIV - 0.55
2014-01-24,1.206427853100002E7,None - 0.00
2014-01-27,1.206427853100002E7,None - 0.00
2014-01-28,1.206427853100002E7,None - 0.00
2014-01-29,1.206427853100002E7,None - 0.00
2014-01-30,1.206427853100002E7,None - 0.00
2014-01-31,1.206427853100002E7,None - 0.00
2014-02-03,1.206427853100002E7,None - 0.00
2014-02-04,1.206427853100002E7,None - 0.00
2014-02-05,1.206427853100002E7,None - 0.00
2014-02-06,1.206427853100002E7,None - 0.00
2014-02-07,1.206427853100002E7,None - 0.00
2014-02-10,1.206427853100002E7,None - 0.00
2014-02-11,1.206427853100002E7,None - 0.00
2014-02-12,1.206427853100002E7,None - 0.00
2014-02-13,1.206427853100002E7,None - 0.00
2014-02-14,1.206427853100002E7,None - 0.00
2014-02-18,1.206427853100002E7,None - 0.00
2014-02-19,1.206427853100002E7,None - 0.00
2014-02-20,1.206427853100002E7,None - 0.00
2014-02-21,1.206427853100002E7,None - 0.00
2014-02-24,1.206427853100002E7,None - 0.00
2014-02-25,1.206427853100002E7,None - 0.00
2014-02-26,1.206427853100002E7,None - 0.00
2014-02-27,1.206427853100002E7,None - 0.00
2014-02-28,1.206427853100002E7,None - 0.00
2014-03-03,1.206427853100002E7,None - 0.00
2014-03-04,1.206427853100002E7,None - 0.00
2014-03-05,1.206427853100002E7,None - 0.00
2014-03-06,1.206427853100002E7,None - 0.00
2014-03-07,1.206427853100002E7,None - 0.00
2014-03-10,1.206427853100002E7,None - 0.00
2014-03-11,1.206427853100002E7,None - 0.00
2014-03-12,1.206427853100002E7,None - 0.00
2014-03-13,1.206427853100002E7,None - 0.00
2014-03-14,1.206427853100002E7,None - 0.00
2014-03-17,1.206427853100002E7,None - 0.00
2014-03-18,1.206427853100002E7,None - 0.00
2014-03-19,1.206427853100002E7,None - 0.00
2014-03-20,1.206427853100002E7,None - 0.00
2014-03-21,1.206427853100002E7,None - 0.00
2014-03-24,1.206427853100002E7,None - 0.00
2014-03-25,1.206427853100002E7,None - 0.00
2014-03-26,1.206427853100002E7,XIV - 0.65
2014-03-27,1.220016400400002E7,XIV - 0.45
2014-03-28,1.2251357209000021E7,XIV - 0.45
2014-03-31,1.2399082083000023E7,XIV - 1.00
2014-04-01,1.282240851400002E7,XIV - 1.00
2014-04-02,1.2738254914000021E7,XIV - 1.00
2014-04-03,1.2863754082000017E7,XIV - 1.00
2014-04-04,1.2551182637000017E7,XIV - 1.00
2014-04-07,1.224014016500002E7,XIV - 1.00
2014-04-08,1.2454196981000017E7,XIV - 0.45
2014-04-09,1.2591698856000017E7,XIV - 0.45
2014-04-10,1.2258041700000018E7,XIV - 1.00
2014-04-11,1.189214510400002E7,XIV - 0.45
2014-04-14,1.1912738985000022E7,None - 0.00
2014-04-15,1.1912738985000022E7,None - 0.00
2014-04-16,1.1912738985000022E7,XIV - 0.45
2014-04-17,1.2012290280000022E7,XIV - 1.00
2014-04-21,1.2155618951000022E7,XIV - 1.00
2014-04-22,1.227743357900002E7,XIV - 1.00
2014-04-23,1.218477372500002E7,XIV - 1.00
2014-04-24,1.2083638545000019E7,XIV - 1.00
2014-04-25,1.199823060600002E7,XIV - 1.00
2014-04-28,1.227855018100002E7,XIV - 1.00
2014-04-29,1.2436641829000022E7,XIV - 1.00
2014-04-30,1.2422353867000021E7,XIV - 1.00
2014-05-01,1.2470483787000023E7,XIV - 1.00
2014-05-02,1.243472213000002E7,XIV - 1.00
2014-05-05,1.2655968525000017E7,XIV - 1.00
2014-05-06,1.2510235573000018E7,XIV - 1.00
2014-05-07,1.2793166471000018E7,XIV - 1.00
2014-05-08,1.2777377005000018E7,XIV - 1.00
2014-05-09,1.3030440001000019E7,XIV - 1.00
2014-05-12,1.341772382500002E7,XIV - 1.00
2014-05-13,1.338426945500002E7,XIV - 1.00
2014-05-14,1.350554797400002E7,XIV - 1.00
2014-05-15,1.3319330756000018E7,XIV - 1.00
2014-05-16,1.356693075300002E7,XIV - 1.00
2014-05-19,1.3840754529000016E7,XIV - 1.00
2014-05-20,1.3793450349000018E7,XIV - 1.00
2014-05-21,1.4078465079000019E7,XIV - 1.00
2014-05-22,1.4123382023000019E7,XIV - 1.00
2014-05-23,1.4262385931000018E7,XIV - 1.00
2014-05-27,1.4707024367000023E7,XIV - 1.00
2014-05-28,1.4686587041000018E7,XIV - 1.00
2014-05-29,1.4819328233000018E7,XIV - 1.00
2014-05-30,1.478803266800002E7,XIV - 1.00
2014-06-02,1.4876054588000016E7,XIV - 1.00
2014-06-03,1.4812646408000017E7,XIV - 1.00
2014-06-04,1.4965700228000013E7,XIV - 1.00
2014-06-05,1.5526579361000016E7,XIV - 1.00
2014-06-06,1.6334785251000019E7,XIV - 1.00
2014-06-09,1.612125029100002E7,XIV - 1.00
2014-06-10,1.6346231313000018E7,XIV - 1.00
2014-06-11,1.5963010925000016E7,XIV - 1.00
2014-06-12,1.5176223671000015E7,XIV - 1.00
2014-06-13,1.5534465067000017E7,XIV - 1.00
2014-06-16,1.5522292167000014E7,XIV - 1.00
2014-06-17,1.593624718900001E7,XIV - 1.00
2014-06-18,1.681655986900001E7,XIV - 1.00
2014-06-19,1.6686718291000009E7,XIV - 1.00
2014-06-20,1.6559299573000008E7,XIV - 1.00
2014-06-23,1.6918222921000008E7,XIV - 1.00
2014-06-24,1.6330236475000009E7,XIV - 1.00
2014-06-25,1.684727347500001E7,XIV - 1.00
2014-06-26,1.675769484600001E7,XIV - 1.00
2014-06-27,1.688542477100001E7,XIV - 1.00
2014-06-30,1.711744009000001E7,XIV - 1.00
2014-07-01,1.7549327312000014E7,XIV - 1.00
2014-07-02,1.7757152618000012E7,XIV - 1.00
2014-07-03,1.7929537136000015E7,XIV - 1.00
2014-07-07,1.751774341600001E7,XIV - 1.00
2014-07-08,1.7360208136000007E7,XIV - 1.00
2014-07-09,1.7656896574E7,XIV - 0.55
2014-07-10,1.723726807E7,XIV - 1.00
2014-07-11,1.7473377580000006E7,XIV - 0.55
2014-07-14,1.7811753748000003E7,XIV - 0.55
2014-07-15,1.7625647812E7,XIV - 0.55
2014-07-16,1.7847549777999997E7,XIV - 0.55
2014-07-17,1.7094781137999997E7,XIV - 1.00
2014-07-18,1.7943469445999995E7,None - 0.00
2014-07-21,1.7943469445999995E7,XIV - 0.55
2014-07-22,1.821699768299999E7,None - 0.00
2014-07-23,1.821699768299999E7,None - 0.00
2014-07-24,1.821699768299999E7,XIV - 0.55
2014-07-25,1.800572264199999E7,XIV - 0.55
2014-07-28,1.811308442099999E7,XIV - 0.35
2014-07-29,1.807529621599999E7,XIV - 0.55
2014-07-30,1.8004082212999992E7,XIV - 0.35
2014-07-31,1.7348583012999993E7,None - 0.00
2014-08-01,1.7348583012999993E7,None - 0.00
2014-08-04,1.7348583012999993E7,None - 0.00
2014-08-05,1.7348583012999993E7,None - 0.00
2014-08-06,1.7348583012999993E7,None - 0.00
2014-08-07,1.7348583012999993E7,None - 0.00
2014-08-08,1.7348583012999993E7,None - 0.00
2014-08-11,1.7348583012999993E7,None - 0.00
2014-08-12,1.7348583012999993E7,None - 0.00
2014-08-13,1.7348583012999993E7,None - 0.00
2014-08-14,1.7348583012999993E7,XIV - 0.55
2014-08-15,1.732337989299999E7,XIV - 1.00
2014-08-18,1.796392913199999E7,XIV - 1.00
2014-08-19,1.7856555683999997E7,XIV - 1.00
2014-08-20,1.7857194787999995E7,XIV - 1.00
2014-08-21,1.7985343961999994E7,XIV - 1.00
2014-08-22,1.7853873562999994E7,XIV - 1.00
2014-08-25,1.8039497252999995E7,XIV - 1.00
2014-08-26,1.7881434941999994E7,XIV - 1.00
2014-08-27,1.7752737328999996E7,XIV - 1.00
2014-08-28,1.7709137884999994E7,XIV - 1.00
2014-08-29,1.7502431719999995E7,XIV - 1.00
2014-09-02,1.7489533856E7,XIV - 1.00
2014-09-03,1.7739750464000005E7,XIV - 0.55
2014-09-04,1.7740965468000006E7,XIV - 1.00
2014-09-05,1.8108377412E7,XIV - 0.55
2014-09-08,1.8045846748999998E7,XIV - 1.00
2014-09-09,1.7578068976999998E7,XIV - 1.00
2014-09-10,1.7672720284999996E7,None - 0.00
2014-09-11,1.7672720284999996E7,XIV - 0.55
2014-09-12,1.7449485595E7,XIV - 0.20
2014-09-15,1.7357029687E7,None - 0.00
2014-09-16,1.7357029687E7,None - 0.00
2014-09-17,1.7357029687E7,None - 0.00
2014-09-18,1.7357029687E7,XIV - 0.20
2014-09-19,1.7331867847E7,XIV - 1.00
2014-09-22,1.6463583781E7,XIV - 1.00
2014-09-23,1.5928819525000002E7,XIV - 0.20
2014-09-24,1.6073718125000002E7,None - 0.00
2014-09-25,1.6073718125000002E7,None - 0.00
2014-09-26,1.6073718125000002E7,None - 0.00
2014-09-29,1.6073718125000002E7,None - 0.00
2014-09-30,1.6073718125000002E7,None - 0.00
2014-10-01,1.6073718125000002E7,None - 0.00
2014-10-02,1.6073718125000002E7,None - 0.00
2014-10-03,1.6073718125000002E7,None - 0.00
2014-10-06,1.6073718125000002E7,XIV - 0.45
2014-10-07,1.5556295511000004E7,None - 0.00
2014-10-08,1.5556295511000004E7,None - 0.00
2014-10-09,1.5556295511000004E7,None - 0.00
2014-10-10,1.5556295511000004E7,None - 0.00
2014-10-13,1.5556295511000004E7,None - 0.00
2014-10-14,1.5556295511000004E7,None - 0.00
2014-10-15,1.5556295511000004E7,None - 0.00
2014-10-16,1.5556295511000004E7,None - 0.00
2014-10-17,1.5556295511000004E7,None - 0.00
2014-10-20,1.5556295511000004E7,None - 0.00
2014-10-21,1.5556295511000004E7,None - 0.00
2014-10-22,1.5556295511000004E7,None - 0.00
2014-10-23,1.5556295511000004E7,None - 0.00
2014-10-24,1.5556295511000004E7,None - 0.00
2014-10-27,1.5556295511000004E7,None - 0.00
2014-10-28,1.5556295511000004E7,None - 0.00
2014-10-29,1.5556295511000004E7,XIV - 1.00
2014-10-30,1.5656211441000003E7,XIV - 0.65
2014-10-31,1.5852522598000003E7,XIV - 0.45
2014-11-03,1.5777325833E7,XIV - 0.45
2014-11-04,1.5801685365000002E7,XIV - 0.45
2014-11-05,1.5999497105000004E7,XIV - 0.45
2014-11-06,1.6194739697000004E7,XIV - 1.00
2014-11-07,1.6206370757000003E7,XIV - 1.00
2014-11-10,1.6878480012000002E7,XIV - 1.00
2014-11-11,1.6923849742E7,XIV - 1.00
2014-11-12,1.6539071908999994E7,XIV - 1.00
2014-11-13,1.6169748332999993E7,XIV - 1.00
2014-11-14,1.644575980699999E7,XIV - 1.00
2014-11-17,1.6398342732999993E7,XIV - 1.00
2014-11-18,1.6468416324999992E7,XIV - 1.00
2014-11-19,1.6255950579999993E7,XIV - 1.00
2014-11-20,1.6611352182999993E7,XIV - 1.00
2014-11-21,1.6806181158999994E7,XIV - 1.00
2014-11-24,1.7213972192999993E7,XIV - 1.00
2014-11-25,1.731822562799999E7,XIV - 1.00
2014-11-26,1.757990275199999E7,XIV - 1.00
2014-11-28,1.693243912599999E7,XIV - 1.00
2014-12-01,1.6127321329999994E7,XIV - 1.00
2014-12-02,1.7372609018999994E7,XIV - 0.45
2014-12-03,1.734916645299999E7,XIV - 1.00
2014-12-04,1.7636046370999984E7,XIV - 1.00
2014-12-05,1.7884831732999984E7,XIV - 1.00
2014-12-08,1.677969156999998E7,XIV - 1.00
2014-12-09,1.6709646614999982E7,XIV - 0.80
2014-12-10,1.5159387025999982E7,XIV - 0.45
2014-12-11,1.4598976097999983E7,None - 0.00
2014-12-12,1.4598976097999983E7,None - 0.00
2014-12-15,1.4598976097999983E7,None - 0.00
2014-12-16,1.4598976097999983E7,None - 0.00
2014-12-17,1.4598976097999983E7,None - 0.00
2014-12-18,1.4598976097999983E7,None - 0.00
2014-12-19,1.4598976097999983E7,None - 0.00
2014-12-22,1.4598976097999983E7,None - 0.00
2014-12-23,1.4598976097999983E7,XIV - 0.45
2014-12-24,1.4487007057999983E7,None - 0.00
2014-12-26,1.4487007057999983E7,XIV - 1.00
2014-12-29,1.4277959557999983E7,XIV - 1.00
2014-12-30,1.3990544269999985E7,XIV - 0.45
2014-12-31,1.3452315786999982E7,None - 0.00
2015-01-02,1.3452315786999982E7,None - 0.00
2015-01-05,1.3452315786999982E7,None - 0.00
2015-01-06,1.3452315786999982E7,None - 0.00
2015-01-07,1.3452315786999982E7,None - 0.00
2015-01-08,1.3452315786999982E7,None - 0.00
2015-01-09,1.3452315786999982E7,None - 0.00
2015-01-12,1.3452315786999982E7,None - 0.00
2015-01-13,1.3452315786999982E7,None - 0.00
2015-01-14,1.3452315786999982E7,None - 0.00
2015-01-15,1.3452315786999982E7,None - 0.00
2015-01-16,1.3452315786999982E7,None - 0.00
2015-01-20,1.3452315786999982E7,None - 0.00
2015-01-21,1.3452315786999982E7,None - 0.00
2015-01-22,1.3452315786999982E7,None - 0.00
2015-01-23,1.3452315786999982E7,None - 0.00
2015-01-26,1.3452315786999982E7,None - 0.00
2015-01-27,1.3452315786999982E7,None - 0.00
2015-01-28,1.3452315786999982E7,None - 0.00
2015-01-29,1.3452315786999982E7,None - 0.00
2015-01-30,1.3452315786999982E7,None - 0.00
2015-02-02,1.3452315786999982E7,None - 0.00
2015-02-03,1.3452315786999982E7,None - 0.00
2015-02-04,1.3452315786999982E7,None - 0.00
2015-02-05,1.3452315786999982E7,None - 0.00
2015-02-06,1.3452315786999982E7,None - 0.00
2015-02-09,1.3452315786999982E7,None - 0.00
2015-02-10,1.3452315786999982E7,None - 0.00
2015-02-11,1.3452315786999982E7,None - 0.00
2015-02-12,1.3452315786999982E7,None - 0.00
2015-02-13,1.3452315786999982E7,XIV - 0.80
2015-02-17,1.3406371056999983E7,XIV - 0.45
2015-02-18,1.3529324331999984E7,XIV - 0.45
2015-02-19,1.3610868872999983E7,None - 0.00
2015-02-20,1.3610868872999983E7,XIV - 1.00
2015-02-23,1.3529648159999982E7,XIV - 1.00
2015-02-24,1.4193315119999982E7,XIV - 1.00
2015-02-25,1.392681997199998E7,XIV - 1.00
2015-02-26,1.4208531825999983E7,XIV - 1.00
2015-02-27,1.4350901294999983E7,XIV - 1.00
2015-03-02,1.4750805044999983E7,XIV - 1.00
2015-03-03,1.4381081396999983E7,XIV - 1.00
2015-03-04,1.4403969121999983E7,XIV - 1.00
2015-03-05,1.4680026545999987E7,XIV - 1.00
2015-03-06,1.3983767279999986E7,XIV - 1.00
2015-03-09,1.4204407179999987E7,XIV - 0.45
2015-03-10,1.3871900004999988E7,XIV - 0.45
2015-03-11,1.3806938852999989E7,XIV - 0.45
2015-03-12,1.419589850099999E7,XIV - 0.45
2015-03-13,1.4024603102999989E7,XIV - 0.80
2015-03-16,1.426903162799999E7,XIV - 0.45
2015-03-17,1.431370484399999E7,XIV - 0.80
2015-03-18,1.486868066799999E7,XIV - 0.80
2015-03-19,1.486210543999999E7,XIV - 1.00
2015-03-20,1.514580570799999E7,XIV - 1.00
2015-03-23,1.5224212672999991E7,XIV - 1.00
2015-03-24,1.5381478024999991E7,XIV - 1.00
2015-03-25,1.4774426024999993E7,XIV - 1.00
2015-03-26,1.4899330859999992E7,XIV - 1.00
2015-03-27,1.5071862339999996E7,XIV - 1.00
2015-03-30,1.5435851663999997E7,XIV - 1.00
2015-03-31,1.4994459415999997E7,XIV - 1.00
2015-04-01,1.5168616811999997E7,XIV - 1.00
2015-04-02,1.5424770991999999E7,XIV - 1.00
2015-04-06,1.5744457651999999E7,XIV - 1.00
2015-04-07,1.5776397251999995E7,XIV - 1.00
2015-04-08,1.6133496701999994E7,XIV - 1.00
2015-04-09,1.6717667678999996E7,XIV - 1.00
2015-04-10,1.7485132418999996E7,XIV - 1.00
2015-04-13,1.6712692499000002E7,XIV - 1.00
2015-04-14,1.7197401731E7,XIV - 1.00
2015-04-15,1.7524972497000005E7,XIV - 1.00
2015-04-16,1.7747222181000005E7,XIV - 1.00
2015-04-17,1.7126085151000008E7,XIV - 1.00
2015-04-20,1.7639017279000007E7,XIV - 1.00
2015-04-21,1.7696553975000005E7,XIV - 1.00
2015-04-22,1.7924952215000004E7,XIV - 1.00
2015-04-23,1.814554071300001E7,XIV - 1.00
2015-04-24,1.823392666100001E7,XIV - 1.00
2015-04-27,1.7708574661000013E7,XIV - 1.00
2015-04-28,1.8383048613000013E7,XIV - 1.00
2015-04-29,1.7703871634000007E7,XIV - 1.00
2015-04-30,1.734135930900001E7,XIV - 1.00
2015-05-01,1.827038587300001E7,XIV - 1.00
2015-05-04,1.827104302300001E7,XIV - 1.00
2015-05-05,1.7511541201000005E7,XIV - 1.00
2015-05-06,1.7212315186000004E7,XIV - 1.00
2015-05-07,1.744205646600001E7,XIV - 1.00
2015-05-08,1.8195622554000013E7,XIV - 0.55
2015-05-11,1.790022440800001E7,XIV - 1.00
2015-05-12,1.8191978808000013E7,XIV - 1.00
2015-05-13,1.8445000958000008E7,XIV - 0.55
2015-05-14,1.8671050622000005E7,XIV - 0.55
2015-05-15,1.8733356866000004E7,XIV - 1.00
2015-05-18,1.9382262578E7,XIV - 1.00
2015-05-19,1.9514556909000006E7,XIV - 1.00
2015-05-20,1.9515311817000005E7,XIV - 1.00
2015-05-21,2.0221458553000007E7,XIV - 1.00
2015-05-22,2.0070162967E7,XIV - 1.00
2015-05-26,1.9441487155E7,XIV - 1.00
2015-05-27,1.9925648583000004E7,XIV - 1.00
2015-05-28,1.996012739E7,XIV - 1.00
2015-05-29,1.9781058098000005E7,XIV - 1.00
2015-06-01,1.9846944174E7,XIV - 1.00
2015-06-02,1.9482658059E7,XIV - 1.00
2015-06-03,2.0024266963E7,XIV - 1.00
2015-06-04,1.9367682314000003E7,XIV - 1.00
2015-06-05,1.957249841E7,XIV - 0.55
2015-06-08,1.9313382472999997E7,XIV - 0.55
2015-06-09,1.9500830922999997E7,XIV - 0.55
2015-06-10,1.9984805707999997E7,XIV - 0.55
2015-06-11,2.0209882027999997E7,XIV - 0.55
2015-06-12,1.9971929659999996E7,XIV - 0.55
2015-06-15,1.9458202254999995E7,XIV - 0.55
2015-06-16,1.9713563126999993E7,XIV - 0.35
2015-06-17,1.9724803727999993E7,XIV - 0.55
2015-06-18,2.0165652128999993E7,XIV - 0.55
2015-06-19,1.9840661972999994E7,XIV - 0.55
2015-06-22,2.0454304337999992E7,XIV - 0.55
2015-06-23,2.077772516199999E7,XIV - 1.00
2015-06-24,2.0102771763999995E7,XIV - 1.00
2015-06-25,2.0052509156E7,XIV - 0.55
2015-06-26,2.0136433126999997E7,XIV - 0.55
2015-06-29,1.8241918339999996E7,XIV - 0.55
2015-06-30,1.8270871207999997E7,None - 0.00
2015-07-01,1.8270871207999997E7,None - 0.00
2015-07-02,1.8270871207999997E7,None - 0.00
2015-07-06,1.8270871207999997E7,None - 0.00
2015-07-07,1.8270871207999997E7,None - 0.00
2015-07-08,1.8270871207999997E7,None - 0.00
2015-07-09,1.8270871207999997E7,None - 0.00
2015-07-10,1.8270871207999997E7,None - 0.00
2015-07-13,1.8270871207999997E7,None - 0.00
2015-07-14,1.8270871207999997E7,None - 0.00
2015-07-15,1.8270871207999997E7,XIV - 0.55
2015-07-16,1.8867120487999998E7,None - 0.00
2015-07-17,1.8867120487999998E7,XIV - 1.00
2015-07-20,1.9152020312000003E7,XIV - 1.00
2015-07-21,1.9161455864E7,XIV - 0.55
2015-07-22,1.9198630349999998E7,XIV - 1.00
2015-07-23,1.9065671117999997E7,XIV - 1.00
2015-07-24,1.8276895823E7,XIV - 1.00
2015-07-27,1.7283654726999994E7,XIV - 0.55
2015-07-28,1.8051688950999994E7,None - 0.00
2015-07-29,1.8051688950999994E7,XIV - 0.20
2015-07-30,1.8081863070999995E7,XIV - 1.00
2015-07-31,1.8041219934999995E7,XIV - 1.00
2015-08-03,1.8212050303E7,XIV - 1.00
2015-08-04,1.7981235277E7,XIV - 1.00
2015-08-05,1.8137010463000003E7,XIV - 1.00
2015-08-06,1.7656928783000004E7,XIV - 1.00
2015-08-07,1.7890456100000005E7,XIV - 0.20
2015-08-10,1.8004528002000008E7,XIV - 0.20
2015-08-11,1.7833385177000005E7,XIV - 1.00
2015-08-12,1.8051137027000006E7,None - 0.00
2015-08-13,1.8051137027000006E7,None - 0.00
2015-08-14,1.8051137027000006E7,None - 0.00
2015-08-17,1.8051137027000006E7,XIV - 0.65
2015-08-18,1.7922614409E7,XIV - 1.00
2015-08-19,1.7280485204000004E7,XIV - 0.65
2015-08-20,1.6173155780000003E7,None - 0.00
2015-08-21,1.6173155780000003E7,None - 0.00
2015-08-24,1.6173155780000003E7,VXX - 1.00
2015-08-25,1.6272933710000006E7,VXX - 1.00
2015-08-26,1.5328071440000009E7,VXX - 1.00
2015-08-27,1.5544854020000007E7,VXX - 1.00
2015-08-28,1.5729809600000007E7,VXX - 1.00
2015-08-31,1.6938838120000005E7,VXX - 1.00
2015-09-01,1.8857760020000007E7,VXX - 1.00
2015-09-02,1.698511939E7,VXX - 1.00
2015-09-03,1.689140381E7,VXX - 1.00
2015-09-04,1.8308113770000003E7,VXX - 1.00
2015-09-08,1.6559896349999998E7,VXX - 1.00
2015-09-09,1.7096671459999997E7,VXX - 1.00
2015-09-10,1.6475418559999999E7,VXX - 1.00
2015-09-11,1.612251326E7,None - 0.00
2015-09-14,1.612251326E7,None - 0.00
2015-09-15,1.612251326E7,None - 0.00
2015-09-16,1.612251326E7,VXX - 1.00
2015-09-17,1.7320386860000003E7,None - 0.00
2015-09-18,1.7320386860000003E7,None - 0.00
2015-09-21,1.7320386860000003E7,None - 0.00
2015-09-22,1.7320386860000003E7,None - 0.00
2015-09-23,1.7320386860000003E7,VXX - 1.00
2015-09-24,1.78858181E7,VXX - 1.00
2015-09-25,1.826573722E7,VXX - 1.00
2015-09-28,1.9511868259999994E7,VXX - 1.00
2015-09-29,1.9390021759999994E7,VXX - 1.00
2015-09-30,1.8796410039999995E7,VXX - 1.00
2015-10-01,1.8177888959999997E7,VXX - 1.00
2015-10-02,1.730950157999999E7,None - 0.00
2015-10-05,1.730950157999999E7,None - 0.00
2015-10-06,1.730950157999999E7,XIV - 0.45
2015-10-07,1.761292589899999E7,None - 0.00
2015-10-08,1.761292589899999E7,XIV - 0.45
2015-10-09,1.769022954499999E7,XIV - 0.45
2015-10-12,1.8236325238999993E7,XIV - 0.45
2015-10-13,1.7517102299999993E7,XIV - 0.45
2015-10-14,1.749649927499999E7,XIV - 0.45
2015-10-15,1.8157395419999994E7,XIV - 0.45
2015-10-16,1.8225974150999993E7,XIV - 0.45
2015-10-19,1.8752376455999993E7,XIV - 1.00
2015-10-20,1.7512466752999995E7,XIV - 1.00
2015-10-21,1.6291215076999992E7,XIV - 1.00
2015-10-22,1.821928290299999E7,XIV - 1.00
2015-10-23,1.7595090179999992E7,XIV - 1.00
2015-10-26,1.7260235879999995E7,XIV - 1.00
2015-10-27,1.7692765515999988E7,XIV - 1.00
2015-10-28,1.818130928599999E7,XIV - 1.00
2015-10-29,1.7976217115999993E7,XIV - 1.00
2015-10-30,1.752691551599999E7,XIV - 1.00
2015-11-02,1.8277647011999995E7,XIV - 1.00
2015-11-03,1.7974667851999994E7,XIV - 1.00
2015-11-04,1.7381786731999997E7,XIV - 1.00
2015-11-05,1.8032498881999996E7,XIV - 1.00
2015-11-06,1.8412014810000002E7,XIV - 1.00
2015-11-09,1.714496798E7,XIV - 1.00
2015-11-10,1.775959183399999E7,XIV - 0.80
2015-11-11,1.7360526574999996E7,XIV - 1.00
2015-11-12,1.5923730863000002E7,XIV - 1.00
2015-11-13,1.4876440751000002E7,XIV - 0.45
2015-11-16,1.5550660451000001E7,XIV - 0.45
2015-11-17,1.5294147497E7,XIV - 0.80
2015-11-18,1.5785131172999999E7,XIV - 0.45
2015-11-19,1.5625402765E7,XIV - 0.45
2015-11-20,1.5904083924999999E7,XIV - 0.80
2015-11-23,1.6196971438E7,XIV - 1.00
2015-11-24,1.5805416975999998E7,XIV - 1.00
2015-11-25,1.6359498462E7,XIV - 1.00
2015-11-27,1.6024554163999999E7,XIV - 1.00
2015-11-30,1.6222991385E7,XIV - 1.00
2015-12-01,1.693642521E7,XIV - 1.00
2015-12-02,1.6373619405999996E7,XIV - 1.00
2015-12-03,1.5203524505999997E7,XIV - 1.00
2015-12-04,1.6500889738E7,XIV - 0.80
2015-12-07,1.6317536077999998E7,XIV - 1.00
2015-12-08,1.5429004868E7,XIV - 1.00
2015-12-09,1.4726995348000001E7,None - 0.00
2015-12-10,1.4726995348000001E7,None - 0.00
2015-12-11,1.4726995348000001E7,XIV - 0.35
2015-12-14,1.5066490112E7,None - 0.00
2015-12-15,1.5066490112E7,None - 0.00
2015-12-16,1.5066490112E7,None - 0.00
2015-12-17,1.5066490112E7,XIV - 1.00
2015-12-18,1.4188783205999998E7,XIV - 0.80
2015-12-21,1.5046495887000002E7,XIV - 1.00
2015-12-22,1.5806773632000001E7,None - 0.00
2015-12-23,1.5806773632000001E7,XIV - 0.55
2015-12-24,1.5653099808E7,XIV - 1.00
2015-12-28,1.6016663973E7,XIV - 0.55
2015-12-29,1.6169248137E7,XIV - 0.35
2015-12-30,1.5915087495E7,XIV - 0.55
2015-12-31,1.5849381494999997E7,None - 0.00
2016-01-04,1.5849381494999997E7,None - 0.00
2016-01-05,1.5849381494999997E7,None - 0.00
2016-01-06,1.5849381494999997E7,None - 0.00
2016-01-07,1.5849381494999997E7,None - 0.00
2016-01-08,1.5849381494999997E7,VXX - 1.00
2016-01-11,1.4998298294999998E7,VXX - 1.00
2016-01-12,1.4324638144999994E7,None - 0.00
2016-01-13,1.4324638144999994E7,None - 0.00
2016-01-14,1.4324638144999994E7,None - 0.00
2016-01-15,1.4324638144999994E7,None - 0.00
2016-01-19,1.4324638144999994E7,VXX - 1.00
2016-01-20,1.4740209664999994E7,VXX - 1.00
2016-01-21,1.4944744904999996E7,VXX - 1.00
2016-01-22,1.3577656584999995E7,None - 0.00
2016-01-25,1.3577656584999995E7,None - 0.00
2016-01-26,1.3577656584999995E7,None - 0.00
2016-01-27,1.3577656584999995E7,XIV - 0.55
2016-01-28,1.3730113032999996E7,None - 0.00
2016-01-29,1.3730113032999996E7,None - 0.00
2016-02-01,1.3730113032999996E7,None - 0.00
2016-02-02,1.3730113032999996E7,None - 0.00
2016-02-03,1.3730113032999996E7,None - 0.00
2016-02-04,1.3730113032999996E7,None - 0.00
2016-02-05,1.3730113032999996E7,None - 0.00
2016-02-08,1.3730113032999996E7,None - 0.00
2016-02-09,1.3730113032999996E7,None - 0.00
2016-02-10,1.3730113032999996E7,VXX - 1.00
2016-02-11,1.4794374232999997E7,None - 0.00
2016-02-12,1.4794374232999997E7,None - 0.00
2016-02-16,1.4794374232999997E7,XIV - 0.35
2016-02-17,1.4988224035999998E7,XIV - 1.00
2016-02-18,1.5077834051999995E7,XIV - 1.00
2016-02-19,1.5341736068999996E7,XIV - 1.00
2016-02-22,1.6233885352999998E7,XIV - 1.00
2016-02-23,1.5397874046999995E7,XIV - 1.00
2016-02-24,1.5672374744999995E7,XIV - 1.00
2016-02-25,1.6294191918999996E7,XIV - 1.00
2016-02-26,1.5862569606999993E7,XIV - 1.00
2016-02-29,1.5630849406999992E7,XIV - 1.00
2016-03-01,1.7130900166999992E7,XIV - 1.00
2016-03-02,1.7217454380999994E7,XIV - 1.00
2016-03-03,1.7941583597E7,XIV - 1.00
2016-03-04,1.7437746196999993E7,XIV - 1.00
2016-03-07,1.7661404793E7,XIV - 1.00
2016-03-08,1.6842537241E7,XIV - 1.00
2016-03-09,1.7292611649000004E7,XIV - 1.00
2016-03-10,1.7452016050000004E7,XIV - 1.00
2016-03-11,1.8241058740000002E7,XIV - 1.00
2016-03-14,1.8496488940000005E7,XIV - 1.00
2016-03-15,1.8292445080000002E7,XIV - 1.00
2016-03-16,1.9052675395000003E7,XIV - 1.00
2016-03-17,1.956225030700001E7,XIV - 1.00
2016-03-18,1.960864093900001E7,XIV - 1.00
2016-03-21,2.0392279647000007E7,XIV - 1.00
2016-03-22,2.0541106583000008E7,XIV - 1.00
2016-03-23,1.948557390300001E7,XIV - 1.00
2016-03-24,1.9809165171000008E7,XIV - 1.00
2016-03-28,2.0099799372000005E7,XIV - 1.00
2016-03-29,2.1248705796000008E7,XIV - 1.00
2016-03-30,2.1589292535000004E7,XIV - 1.00
2016-03-31,2.1454361695000004E7,XIV - 1.00
2016-04-01,2.2064267356999997E7,XIV - 1.00
2016-04-04,2.1425855198E7,XIV - 1.00
2016-04-05,2.0386967178E7,XIV - 1.00
2016-04-06,2.1602647778E7,XIV - 1.00
2016-04-07,1.9646797637000002E7,XIV - 1.00
2016-04-08,2.0113208489E7,XIV - 1.00
2016-04-11,1.9593975208999995E7,XIV - 1.00
2016-04-12,2.049288146599999E7,XIV - 1.00
2016-04-13,2.1484905421E7,XIV - 1.00
2016-04-14,2.1724839209999997E7,XIV - 1.00
2016-04-15,2.1936572356999993E7,XIV - 1.00
2016-04-18,2.303819491999999E7,XIV - 1.00
2016-04-19,2.307651654199999E7,XIV - 1.00
2016-04-20,2.2795868096999988E7,XIV - 1.00
2016-04-21,2.230528496399999E7,XIV - 1.00
2016-04-22,2.3070618743999988E7,XIV - 1.00
2016-04-25,2.2982824371999986E7,XIV - 1.00
2016-04-26,2.3357392899999987E7,XIV - 1.00
2016-04-27,2.3976516169999987E7,XIV - 1.00
2016-04-28,2.2561901394999992E7,XIV - 1.00
2016-04-29,2.1998561985E7,XIV - 1.00
2016-05-02,2.3217994465E7,XIV - 1.00
2016-05-03,2.2112602592999995E7,XIV - 1.00
2016-05-04,2.1862822952999998E7,XIV - 1.00
2016-05-05,2.1949980564E7,XIV - 1.00
2016-05-06,2.2981583663999997E7,XIV - 1.00
2016-05-09,2.3351598671999995E7,XIV - 1.00
2016-05-10,2.4584462172000002E7,XIV - 1.00
2016-05-11,2.3223362796000004E7,XIV - 1.00
2016-05-12,2.3853743948000003E7,XIV - 1.00
2016-05-13,2.3014493428000003E7,XIV - 1.00
2016-05-16,2.3860429231000002E7,XIV - 1.00
2016-05-17,2.3097254521E7,XIV - 1.00
2016-05-18,2.3002721656999998E7,XIV - 1.00
2016-05-19,2.3129442080999997E7,XIV - 1.00
2016-05-20,2.3917857618999995E7,XIV - 1.00
2016-05-23,2.360692243499999E7,XIV - 1.00
2016-05-24,2.4981630452999994E7,XIV - 1.00
2016-05-25,2.5385210348999996E7,XIV - 1.00
2016-05-26,2.5845195498999994E7,XIV - 1.00
2016-05-27,2.640881427499999E7,XIV - 1.00
2016-05-31,2.6602352520999994E7,XIV - 1.00
2016-06-01,2.656682095299999E7,XIV - 1.00
2016-06-02,2.7209596278999984E7,XIV - 1.00
2016-06-03,2.733153913099999E7,XIV - 1.00
2016-06-06,2.7750731062999986E7,XIV - 1.00
2016-06-07,2.7606087072999988E7,XIV - 1.00
2016-06-08,2.7486895552999992E7,XIV - 1.00
2016-06-09,2.6915077964999985E7,XIV - 1.00
2016-06-10,2.4723000265999988E7,XIV - 1.00
2016-06-13,2.0828130569999985E7,XIV - 0.55
2016-06-14,2.102791836599998E7,None - 0.00
2016-06-15,2.102791836599998E7,None - 0.00
2016-06-16,2.102791836599998E7,None - 0.00
2016-06-17,2.102791836599998E7,None - 0.00
2016-06-20,2.102791836599998E7,None - 0.00
2016-06-21,2.102791836599998E7,None - 0.00
2016-06-22,2.102791836599998E7,None - 0.00
2016-06-23,2.102791836599998E7,None - 0.00
2016-06-24,2.102791836599998E7,None - 0.00
2016-06-27,2.102791836599998E7,None - 0.00
2016-06-28,2.102791836599998E7,None - 0.00
2016-06-29,2.102791836599998E7,None - 0.00
2016-06-30,2.102791836599998E7,XIV - 0.55
2016-07-01,2.111819470599998E7,XIV - 0.55
2016-07-05,2.1077103825999983E7,XIV - 1.00
2016-07-06,2.1743094684999984E7,XIV - 0.55
2016-07-07,2.1873279032999985E7,XIV - 1.00
2016-07-08,2.312407893299998E7,XIV - 1.00
2016-07-11,2.3238439349999975E7,XIV - 1.00
2016-07-12,2.389485765099998E7,XIV - 1.00
2016-07-13,2.392856555199998E7,XIV - 1.00
2016-07-14,2.4091529064999983E7,XIV - 1.00
2016-07-15,2.387107859899998E7,XIV - 1.00
2016-07-18,2.4771960814999983E7,XIV - 1.00
2016-07-19,2.4907944582999986E7,XIV - 1.00
2016-07-20,2.5223465862999987E7,XIV - 1.00
2016-07-21,2.4648072070999987E7,XIV - 1.00
2016-07-22,2.530770463799998E7,XIV - 1.00
2016-07-25,2.536717642799998E7,XIV - 1.00
2016-07-26,2.5593101187999982E7,XIV - 1.00
2016-07-27,2.616608822799998E7,XIV - 1.00
2016-07-28,2.681454674799998E7,XIV - 1.00
2016-07-29,2.7749027214999974E7,XIV - 1.00
2016-08-01,2.8122082806999978E7,XIV - 1.00
2016-08-02,2.714423859699998E7,XIV - 1.00
2016-08-03,2.780535530699998E7,XIV - 1.00
2016-08-04,2.8536776570999987E7,XIV - 1.00
2016-08-05,2.9586962504999988E7,XIV - 1.00
2016-08-08,3.015200830499998E7,XIV - 1.00
2016-08-09,2.9874646304999977E7,XIV - 1.00
2016-08-10,2.971860247299998E7,XIV - 1.00
2016-08-11,2.998882713399997E7,XIV - 1.00
2016-08-12,3.0261629533999972E7,XIV - 1.00
2016-08-15,3.055744434999997E7,XIV - 1.00
2016-08-16,2.9515714349999968E7,XIV - 1.00
2016-08-17,3.0470537528999966E7,XIV - 1.00
2016-08-18,3.096633886499997E7,XIV - 1.00
2016-08-19,3.075953555999997E7,XIV - 1.00
2016-08-22,3.0646929380999964E7,XIV - 1.00
2016-08-23,3.070408032099997E7,XIV - 1.00
2016-08-24,2.9873966112999972E7,XIV - 1.00
2016-08-25,3.018157495299997E7,XIV - 1.00
2016-08-26,2.9919736857999977E7,XIV - 1.00
2016-08-29,3.0625140457999974E7,XIV - 1.00
2016-08-30,3.085291866799997E7,XIV - 1.00
2016-08-31,3.083158939299997E7,XIV - 1.00
2016-09-01,3.0875040678999968E7,XIV - 1.00
2016-09-02,3.1831972038999964E7,XIV - 1.00
2016-09-06,3.2923195638999965E7,XIV - 1.00
2016-09-07,3.319501473699996E7,XIV - 1.00
2016-09-08,3.2861193657999963E7,XIV - 1.00
2016-09-09,2.7721098882999964E7,XIV - 1.00
2016-09-12,2.9319303082999963E7,None - 0.00
2016-09-13,2.9319303082999963E7,None - 0.00
2016-09-14,2.9319303082999963E7,None - 0.00
2016-09-15,2.9319303082999963E7,None - 0.00
2016-09-16,2.9319303082999963E7,None - 0.00
2016-09-19,2.9319303082999963E7,None - 0.00
2016-09-20,2.9319303082999963E7,None - 0.00
2016-09-21,2.9319303082999963E7,None - 0.00
2016-09-22,2.9319303082999963E7,XIV - 0.55
2016-09-23,2.9066439495999966E7,XIV - 1.00
2016-09-26,2.7892576367999963E7,XIV - 1.00
2016-09-27,2.9072632475999966E7,None - 0.00
2016-09-28,2.9072632475999966E7,XIV - 0.20
2016-09-29,2.8857002210999966E7,XIV - 0.55
2016-09-30,2.8978215484999966E7,XIV - 0.55
2016-10-03,2.9224475458999965E7,XIV - 0.55
2016-10-04,2.9373770922999963E7,XIV - 0.20
2016-10-05,2.9403229988999963E7,None - 0.00
2016-10-06,2.9403229988999963E7,XIV - 0.55
2016-10-07,2.9138359652999964E7,XIV - 0.55
2016-10-10,2.962108378799997E7,XIV - 0.20
2016-10-11,2.932085953499997E7,XIV - 0.55
2016-10-12,2.9018595119999968E7,None - 0.00
2016-10-13,2.9018595119999968E7,None - 0.00
2016-10-14,2.9018595119999968E7,None - 0.00
2016-10-17,2.9018595119999968E7,None - 0.00
2016-10-18,2.9018595119999968E7,None - 0.00
2016-10-19,2.9018595119999968E7,None - 0.00
2016-10-20,2.9018595119999968E7,XIV - 0.55
2016-10-21,2.9213370635999966E7,XIV - 1.00
2016-10-24,3.0358720183999963E7,XIV - 1.00
2016-10-25,2.9821045710999962E7,XIV - 1.00
2016-10-26,2.912762074899997E7,XIV - 1.00
2016-10-27,2.8336806732999966E7,XIV - 1.00
2016-10-28,2.758193193699996E7,None - 0.00
2016-10-31,2.758193193699996E7,None - 0.00
2016-11-01,2.758193193699996E7,None - 0.00
2016-11-02,2.758193193699996E7,None - 0.00
2016-11-03,2.758193193699996E7,None - 0.00
2016-11-04,2.758193193699996E7,None - 0.00
2016-11-07,2.758193193699996E7,None - 0.00
2016-11-08,2.758193193699996E7,None - 0.00
2016-11-09,2.758193193699996E7,None - 0.00
2016-11-10,2.758193193699996E7,None - 0.00
2016-11-11,2.758193193699996E7,None - 0.00
2016-11-14,2.758193193699996E7,XIV - 1.00
2016-11-15,2.883622836699996E7,XIV - 1.00
2016-11-16,2.827658028399996E7,XIV - 1.00
2016-11-17,2.9252653983999964E7,XIV - 1.00
2016-11-18,2.9342332323999967E7,XIV - 1.00
2016-11-21,3.0278746713999964E7,XIV - 1.00
2016-11-22,3.0366408157999966E7,XIV - 1.00
2016-11-23,3.032877328799997E7,XIV - 1.00
2016-11-25,3.057761787999997E7,XIV - 1.00
2016-11-28,3.037479529599997E7,XIV - 1.00
2016-11-29,3.061474374199997E7,XIV - 1.00
2016-11-30,3.025069981699997E7,XIV - 1.00
2016-12-01,2.9343405566999964E7,XIV - 1.00
2016-12-02,2.9212762716999967E7,XIV - 1.00
2016-12-05,3.1650951132999968E7,XIV - 1.00
2016-12-06,3.2399281487999965E7,XIV - 1.00
2016-12-07,3.2077960227999963E7,XIV - 1.00
2016-12-08,3.1926527977999967E7,XIV - 1.00
2016-12-09,3.2647738194999967E7,XIV - 1.00
2016-12-12,3.1833993402999967E7,XIV - 1.00
2016-12-13,3.2075263818999965E7,XIV - 1.00
2016-12-14,3.2247473466999963E7,XIV - 1.00
2016-12-15,3.2840811002999965E7,XIV - 1.00
2016-12-16,3.312448974899997E7,XIV - 1.00
2016-12-19,3.425707662399997E7,XIV - 1.00
2016-12-20,3.488240120299997E7,XIV - 1.00
2016-12-21,3.536856654499997E7,XIV - 1.00
2016-12-22,3.474285183199997E7,XIV - 1.00
2016-12-23,3.473143142399997E7,XIV - 1.00
2016-12-27,3.541335004799997E7,XIV - 1.00
2016-12-28,3.394710864799997E7,XIV - 1.00
2016-12-29,3.3531997255999967E7,XIV - 1.00
2016-12-30,3.2955092736999966E7,XIV - 0.65
2017-01-03,3.4598982261999965E7,XIV - 0.65
2017-01-04,3.5515876710999966E7,XIV - 1.00
2017-01-05,3.589224567099997E7,XIV - 1.00
2017-01-06,3.627351476899996E7,XIV - 1.00
2017-01-09,3.646499088499996E7,XIV - 1.00
2017-01-10,3.659565735899996E7,XIV - 1.00
2017-01-11,3.7307023559999965E7,XIV - 1.00
2017-01-12,3.711992857199997E7,XIV - 1.00
2017-01-13,3.745092086999997E7,XIV - 1.00
2017-01-17,3.757488715399997E7,XIV - 1.00
2017-01-18,3.757664481499997E7,XIV - 1.00
2017-01-19,3.7458870472999975E7,XIV - 1.00
2017-01-20,3.8482487068999976E7,XIV - 1.00
2017-01-23,3.916346143999997E7,XIV - 1.00
2017-01-24,4.0733457276999965E7,XIV - 1.00
2017-01-25,4.1570907260999955E7,XIV - 1.00
2017-01-26,4.172861478199995E7,XIV - 1.00
2017-01-27,4.204862128699996E7,XIV - 1.00
2017-01-30,4.1117902272999965E7,XIV - 1.00
2017-01-31,4.103332127299998E7,XIV - 1.00
2017-02-01,4.1924074672999986E7,XIV - 1.00
2017-02-02,4.123115436799998E7,XIV - 1.00
2017-02-03,4.2233378782999985E7,XIV - 0.55
2017-02-06,4.2180534061999984E7,XIV - 1.00
2017-02-07,4.208256638999998E7,XIV - 1.00
2017-02-08,4.208478255699999E7,XIV - 0.55
2017-02-09,4.2679664804999985E7,XIV - 0.55
2017-02-10,4.320003721499998E7,XIV - 1.00
2017-02-13,4.417486141499997E7,XIV - 1.00
2017-02-14,4.669003947699997E7,XIV - 1.00
2017-02-15,4.453112810699997E7,XIV - 1.00
2017-02-16,4.418367394699998E7,XIV - 0.55
2017-02-17,4.390563466699999E7,XIV - 0.55
2017-02-21,4.3790130631999984E7,XIV - 0.55
