2011-10-04,100000.0,0.00,VXX - 1.00
2011-10-05,95367.3216,-4.633,VXX - 1.00
2011-10-06,93790.3616,-1.654,GLD - 1.00
2011-10-07,93033.17466399999,-0.807,GLD - 1.00
2011-10-10,95397.201022,2.541,None - 0.00
2011-10-11,95397.201022,0.00,XIV - 0.45
2011-10-12,98356.433522,3.102,XIV - 0.45
2011-10-13,98007.20352200001,-0.355,XIV - 0.45
2011-10-14,100913.87352200001,2.966,XIV - 0.45
2011-10-17,95970.79477200001,-4.898,XIV - 0.45
2011-10-18,97452.78977200002,1.544,XIV - 0.45
2011-10-19,94560.75227200001,-2.968,XIV - 0.45
2011-10-20,94200.36227200001,-0.381,XIV - 0.45
2011-10-21,96267.16727200002,2.194,XIV - 0.45
2011-10-24,99028.56977200002,2.868,XIV - 0.45
2011-10-25,96035.61977200002,-3.022,XIV - 0.80
2011-10-26,98588.28477200001,2.658,XIV - 0.45
2011-10-27,104353.01352200001,5.847,XIV - 0.45
2011-10-28,105116.69477200002,0.732,XIV - 1.00
2011-10-31,93892.51727200001,-10.678,XIV - 1.00
2011-11-01,80049.29227200002,-14.744,XIV - 0.45
2011-11-02,81231.81227200001,1.477,XIV - 0.45
2011-11-03,82997.49977200001,2.174,XIV - 0.45
2011-11-04,82271.22477200002,-0.875,XIV - 0.45
2011-11-07,82510.85477200002,0.291,XIV - 0.80
2011-11-08,85646.72352200001,3.801,XIV - 0.45
2011-11-09,78330.75227200001,-8.542,XIV - 1.00
2011-11-10,83088.632272,6.074,XIV - 0.45
2011-11-11,84684.71977200001,1.921,XIV - 0.45
2011-11-14,83748.98977200002,-1.105,XIV - 1.00
2011-11-15,84603.93352200002,1.021,XIV - 0.80
2011-11-16,81412.45852200002,-3.772,XIV - 0.80
2011-11-17,78310.74852200001,-3.81,XIV - 0.45
2011-11-18,79427.868522,1.427,XIV - 0.45
2011-11-21,79076.19102200001,-0.443,XIV - 0.80
2011-11-22,80348.996022,1.61,XIV - 0.80
2011-11-23,77462.729772,-3.592,XIV - 0.80
2011-11-25,76645.40352200001,-1.055,XIV - 0.80
2011-11-28,79367.243522,3.551,XIV - 0.80
2011-11-29,80547.461022,1.487,XIV - 0.80
2011-11-30,86410.66102199999,7.279,XIV - 1.00
2011-12-01,88154.52727199998,2.018,XIV - 1.00
2011-12-02,88548.22477199999,0.447,XIV - 1.00
2011-12-05,88660.702272,0.127,XIV - 1.00
2011-12-06,89016.88102199999,0.402,XIV - 1.00
2011-12-07,86298.674772,-3.054,XIV - 1.00
2011-12-08,82398.41477199999,-4.519,XIV - 1.00
2011-12-09,87989.267272,6.785,XIV - 0.80
2011-12-12,87479.309772,-0.58,XIV - 1.00
2011-12-13,87667.08477199999,0.215,XIV - 1.00
2011-12-14,87704.639772,0.043,XIV - 1.00
2011-12-15,90934.36977199999,3.683,XIV - 1.00
2011-12-16,91666.39977199999,0.805,XIV - 1.00
2011-12-19,92323.30602199999,0.717,XIV - 1.00
2011-12-20,97991.09102199998,6.139,XIV - 1.00
2011-12-21,104593.29102199999,6.738,XIV - 1.00
2011-12-22,104105.95352199998,-0.466,XIV - 1.00
2011-12-23,101706.593522,-2.305,XIV - 1.00
2011-12-27,102325.343522,0.608,XIV - 1.00
2011-12-28,97994.382272,-4.233,XIV - 1.00
2011-12-29,100451.61477200002,2.508,XIV - 1.00
2011-12-30,99045.17727200002,-1.40,XIV - 1.00
2012-01-03,103940.23227200002,4.942,XIV - 1.00
2012-01-04,105852.34977200002,1.84,XIV - 1.00
2012-01-05,108326.35977200003,2.337,XIV - 1.00
2012-01-06,110069.06352200003,1.609,XIV - 1.00
2012-01-09,111567.86352200003,1.362,XIV - 1.00
2012-01-10,113703.36852200002,1.914,XIV - 1.00
2012-01-11,111793.03602200001,-1.68,XIV - 1.00
2012-01-12,113329.10102200002,1.374,XIV - 1.00
2012-01-13,110482.14102200003,-2.512,XIV - 1.00
2012-01-17,111400.15602200001,0.831,XIV - 1.00
2012-01-18,115352.97727200002,3.548,XIV - 1.00
2012-01-19,118480.26102200002,2.711,XIV - 1.00
2012-01-20,121999.85602200004,2.971,XIV - 1.00
2012-01-23,125013.17227200003,2.47,XIV - 1.00
2012-01-24,124395.70102200002,-0.494,XIV - 1.00
2012-01-25,129953.31352200001,4.468,XIV - 1.00
2012-01-26,129429.573522,-0.403,XIV - 1.00
2012-01-27,132646.833522,2.486,XIV - 1.00
2012-01-30,128495.15602200001,-3.13,XIV - 1.00
2012-01-31,128719.63102200002,0.175,XIV - 1.00
2012-02-01,131955.812272,2.514,XIV - 1.00
2012-02-02,135901.776022,2.99,XIV - 1.00
2012-02-03,143118.528522,5.31,XIV - 1.00
2012-02-06,144519.997272,0.979,XIV - 1.00
2012-02-07,143473.63727200002,-0.724,XIV - 1.00
2012-02-08,140409.09227200004,-2.136,XIV - 1.00
2012-02-09,133344.27227200003,-5.032,XIV - 1.00
2012-02-10,121432.37227200001,-8.933,XIV - 1.00
2012-02-13,131652.809772,8.417,XIV - 0.55
2012-02-14,129235.24727200001,-1.836,XIV - 1.00
2012-02-15,121748.75477200001,-5.793,XIV - 1.00
2012-02-16,126140.93102200002,3.608,XIV - 0.55
2012-02-17,127165.39852200003,0.812,XIV - 1.00
2012-02-21,127259.79852200003,0.074,XIV - 1.00
2012-02-22,130544.91852200002,2.581,XIV - 1.00
2012-02-23,139095.29352200002,6.55,XIV - 1.00
2012-02-24,133832.656022,-3.783,XIV - 1.00
2012-02-27,132775.93602200004,-0.79,XIV - 1.00
2012-02-28,134115.88352200002,1.009,XIV - 1.00
2012-02-29,136191.583522,1.548,XIV - 1.00
2012-03-01,138814.166022,1.926,XIV - 1.00
2012-03-02,137889.842272,-0.666,XIV - 1.00
2012-03-05,138153.95227200002,0.192,XIV - 1.00
2012-03-06,127419.76727200003,-7.77,XIV - 1.00
2012-03-07,133536.88727200002,4.801,XIV - 0.55
2012-03-08,136308.01352200002,2.075,XIV - 1.00
2012-03-09,139017.22602200005,1.988,XIV - 1.00
2012-03-12,145250.86602200006,4.484,XIV - 1.00
2012-03-13,152038.33602200003,4.673,XIV - 1.00
2012-03-14,146829.64977200003,-3.426,XIV - 1.00
2012-03-15,148739.52727200004,1.301,XIV - 1.00
2012-03-16,149147.40727200004,0.274,XIV - 1.00
2012-03-19,158213.46727200004,6.079,XIV - 1.00
2012-03-20,165272.92102200005,4.462,XIV - 1.00
2012-03-21,173162.97352200004,4.774,XIV - 1.00
2012-03-22,170830.39852200006,-1.347,XIV - 1.00
2012-03-23,182642.96852200004,6.915,XIV - 1.00
2012-03-26,199831.79102200005,9.411,XIV - 1.00
2012-03-27,180384.25602200002,-9.732,XIV - 1.00
2012-03-28,178126.341022,-1.252,XIV - 1.00
2012-03-29,179199.921022,0.603,XIV - 1.00
2012-03-30,183419.916022,2.355,XIV - 1.00
2012-04-02,183567.946022,0.081,XIV - 1.00
2012-04-03,180348.293522,-1.754,XIV - 1.00
2012-04-04,176147.09102199998,-2.329,XIV - 1.00
2012-04-05,172167.17227199997,-2.259,XIV - 1.00
2012-04-09,161798.072272,-6.023,XIV - 0.55
2012-04-10,154644.69227200001,-4.421,XIV - 0.55
2012-04-11,156743.492272,1.357,XIV - 0.55
2012-04-12,164259.44477200002,4.795,XIV - 0.55
2012-04-13,158726.69977200002,-3.368,XIV - 1.00
2012-04-16,161184.83727200003,1.549,XIV - 0.55
2012-04-17,165967.687272,2.967,XIV - 0.55
2012-04-18,164353.241022,-0.973,XIV - 0.55
2012-04-19,163687.803522,-0.405,XIV - 0.55
2012-04-20,166594.921022,1.776,XIV - 0.55
2012-04-23,163648.546022,-1.769,XIV - 1.00
2012-04-24,167274.40602199998,2.216,XIV - 0.55
2012-04-25,172968.141022,3.404,XIV - 1.00
2012-04-26,178750.971022,3.343,XIV - 1.00
2012-04-27,179150.903522,0.224,XIV - 1.00
2012-04-30,175169.75727200002,-2.222,XIV - 1.00
2012-05-01,180315.404772,2.938,XIV - 0.55
2012-05-02,179595.58477200003,-0.399,XIV - 1.00
2012-05-03,175820.16352200002,-2.102,XIV - 1.00
2012-05-04,168030.616022,-4.43,XIV - 1.00
2012-05-07,170366.776022,1.39,XIV - 0.55
2012-05-08,169583.948522,-0.459,XIV - 0.55
2012-05-09,165916.648522,-2.163,XIV - 0.55
2012-05-10,168811.37852199998,1.745,XIV - 0.55
2012-05-11,167333.85852199997,-0.875,XIV - 0.55
2012-05-14,161950.89852199994,-3.217,XIV - 0.20
2012-05-15,160394.88852199994,-0.961,GLD - 1.00
2012-05-16,160098.09064199994,-0.185,GLD - 1.00
2012-05-17,163638.48640199995,2.211,GLD - 1.00
2012-05-18,165493.48640199995,1.134,GLD - 1.00
2012-05-21,165599.47686199995,0.064,None - 0.00
2012-05-22,165599.47686199995,0.00,XIV - 0.55
2012-05-23,167334.42686199996,1.048,None - 0.00
2012-05-24,167334.42686199996,0.00,XIV - 0.20
2012-05-25,167753.62436199997,0.251,XIV - 1.00
2012-05-29,175317.56186199991,4.509,GLD - 1.00
2012-05-30,176340.1718619999,0.583,GLD - 1.00
2012-05-31,176006.9515209999,-0.189,GLD - 1.00
2012-06-01,182763.07726599992,3.839,GLD - 1.00
2012-06-04,182556.44530199992,-0.113,GLD - 1.00
2012-06-05,182349.7961179999,-0.113,GLD - 1.00
2012-06-06,182430.16530199992,0.044,GLD - 1.00
2012-06-07,179319.07726599992,-1.705,GLD - 1.00
2012-06-08,179583.34266999993,0.147,None - 0.00
2012-06-11,179583.34266999993,0.00,XIV - 1.00
2012-06-12,181841.25266999993,1.257,GLD - 1.00
2012-06-13,182600.23886999994,0.417,GLD - 1.00
2012-06-14,183324.74461999995,0.397,GLD - 1.00
2012-06-15,183428.24001999997,0.056,None - 0.00
2012-06-18,183428.24001999997,0.00,XIV - 0.20
2012-06-19,184076.39001999996,0.353,XIV - 1.00
2012-06-20,191647.79876999996,4.113,XIV - 1.00
2012-06-21,168814.19877,-11.914,XIV - 1.00
2012-06-22,186505.47877,10.48,XIV - 0.20
2012-06-25,183782.12251999998,-1.46,XIV - 1.00
2012-06-26,189692.50251999995,3.216,XIV - 0.65
2012-06-27,188565.61251999997,-0.594,XIV - 1.00
2012-06-28,194470.58751999994,3.132,XIV - 0.65
2012-06-29,202933.04001999996,4.352,XIV - 0.65
2012-07-02,211189.63001999998,4.069,XIV - 1.00
2012-07-03,215392.51002,1.99,XIV - 1.00
2012-07-05,207535.34626999998,-3.648,XIV - 1.00
2012-07-06,208958.44001999995,0.686,XIV - 1.00
2012-07-09,211038.22751999996,0.995,XIV - 1.00
2012-07-10,205237.37751999998,-2.749,XIV - 1.00
2012-07-11,211280.74251999994,2.945,XIV - 1.00
2012-07-12,209266.86251999994,-0.953,XIV - 1.00
2012-07-13,221395.30751999997,5.796,XIV - 1.00
2012-07-16,223845.86752,1.107,XIV - 1.00
2012-07-17,231787.40002,3.548,XIV - 1.00
2012-07-18,229316.09002,-1.066,XIV - 1.00
2012-07-19,234478.00002,2.251,XIV - 1.00
2012-07-20,222122.86252,-5.269,XIV - 1.00
2012-07-23,206784.98252,-6.905,XIV - 1.00
2012-07-24,199011.81377,-3.759,XIV - 0.65
2012-07-25,200279.06252000004,0.637,None - 0.00
2012-07-26,200279.06252000004,0.00,XIV - 0.45
2012-07-27,202448.43252000003,1.083,XIV - 1.00
2012-07-30,198270.52252000003,-2.064,XIV - 1.00
2012-07-31,192452.34127000003,-2.934,XIV - 1.00
2012-08-01,196572.34127000003,2.141,XIV - 1.00
2012-08-02,200931.52377000006,2.218,XIV - 1.00
2012-08-03,214845.43377000003,6.925,XIV - 1.00
2012-08-06,219700.27002000005,2.26,XIV - 1.00
2012-08-07,213328.64377000005,-2.90,XIV - 1.00
2012-08-08,221940.02377000006,4.037,XIV - 1.00
2012-08-09,222818.81377000007,0.396,XIV - 1.00
2012-08-10,226753.15002000006,1.766,XIV - 1.00
2012-08-13,232883.17252000005,2.703,XIV - 1.00
2012-08-14,220965.56002000006,-5.117,XIV - 1.00
2012-08-15,221005.5075200001,0.018,XIV - 1.00
2012-08-16,225379.7587700001,1.979,XIV - 1.00
2012-08-17,231310.8487700001,2.632,XIV - 1.00
2012-08-20,231490.52252000012,0.078,XIV - 1.00
2012-08-21,225281.7962700001,-2.682,XIV - 1.00
2012-08-22,223644.2562700001,-0.727,XIV - 1.00
2012-08-23,219030.8975200001,-2.063,XIV - 1.00
2012-08-24,227660.0975200001,3.94,XIV - 1.00
2012-08-27,226382.17752000008,-0.561,XIV - 1.00
2012-08-28,222168.77127000008,-1.861,XIV - 1.00
2012-08-29,221090.25627000007,-0.485,XIV - 1.00
2012-08-30,216576.18877000004,-2.042,XIV - 0.55
2012-08-31,220103.17627000005,1.629,XIV - 0.55
2012-09-04,221339.22127000004,0.562,XIV - 0.55
2012-09-05,224360.77127000003,1.365,XIV - 0.55
2012-09-06,237283.65502,5.76,XIV - 0.55
2012-09-07,244570.91752000002,3.071,XIV - 1.00
2012-09-10,230792.06127000003,-5.634,XIV - 1.00
2012-09-11,231824.75877000004,0.447,XIV - 1.00
2012-09-12,237839.35377000005,2.594,XIV - 1.00
2012-09-13,254936.37377000003,7.188,XIV - 1.00
2012-09-14,246284.57377000005,-3.394,XIV - 1.00
2012-09-17,247533.91950500006,0.507,XIV - 1.00
2012-09-18,253961.16553700005,2.597,XIV - 1.00
2012-09-19,254395.58001700003,0.171,XIV - 1.00
2012-09-20,256893.39449700006,0.982,XIV - 1.00
2012-09-21,258431.75928900007,0.599,XIV - 1.00
2012-09-24,261870.31324500006,1.331,XIV - 1.00
2012-09-25,242490.55376900008,-7.401,XIV - 1.00
2012-09-26,232892.9162690001,-3.958,XIV - 1.00
2012-09-27,254072.27376900005,9.094,XIV - 0.55
2012-09-28,249880.70048400003,-1.65,XIV - 1.00
2012-10-01,247530.78048400005,-0.94,XIV - 1.00
2012-10-02,252433.2342340001,1.981,XIV - 0.55
2012-10-03,252938.0467340001,0.20,XIV - 1.00
2012-10-04,258931.1099100001,2.369,XIV - 1.00
2012-10-05,262302.4792260001,1.302,XIV - 1.00
2012-10-08,259407.9045700001,-1.104,XIV - 1.00
2012-10-09,248231.1795700001,-4.309,XIV - 0.55
2012-10-10,249763.52957000013,0.617,XIV - 0.55
2012-10-11,251067.4375940001,0.522,None - 0.00
2012-10-12,251067.4375940001,0.00,XIV - 0.55
2012-10-15,255731.2175940001,1.858,XIV - 0.55
2012-10-16,258839.81759400014,1.216,XIV - 0.55
2012-10-17,260721.65759400013,0.727,XIV - 0.55
2012-10-18,260916.49980000017,0.075,XIV - 0.55
2012-10-19,251978.6300890002,-3.426,XIV - 0.55
2012-10-22,253744.7820610002,0.701,GLD - 1.00
2012-10-23,250521.91857000018,-1.27,GLD - 1.00
2012-10-24,249667.5005620002,-0.341,GLD - 1.00
2012-10-25,251406.3450590002,0.696,GLD - 1.00
2012-10-26,251271.41857000018,-0.054,GLD - 1.00
2012-10-31,252620.5320610002,0.537,GLD - 1.00
2012-11-01,251481.2995560002,-0.451,None - 0.00
2012-11-02,251481.2995560002,0.00,XIV - 0.55
2012-11-05,248840.34705600017,-1.05,GLD - 1.00
2012-11-06,253472.98761900017,1.862,GLD - 1.00
2012-11-07,253759.51063500016,0.113,GLD - 1.00
2012-11-08,256021.51063500016,0.891,GLD - 1.00
2012-11-09,255765.15365100015,-0.10,GLD - 1.00
2012-11-12,255207.17857100014,-0.218,GLD - 1.00
2012-11-13,254679.39214300018,-0.207,GLD - 1.00
2012-11-14,254739.70158700013,0.024,GLD - 1.00
2012-11-15,253156.29706300018,-0.622,GLD - 1.00
2012-11-16,252839.63063500018,-0.125,GLD - 1.00
2012-11-19,255840.53555500013,1.187,None - 0.00
2012-11-20,255840.53555500013,0.00,XIV - 0.55
2012-11-21,254919.76788200013,-0.36,XIV - 0.55
2012-11-23,260980.36788200014,2.377,GLD - 1.00
2012-11-26,260706.21569800013,-0.105,GLD - 1.00
2012-11-27,259609.67702000012,-0.421,GLD - 1.00
2012-11-28,256319.99092800013,-1.267,None - 0.00
2012-11-29,256319.99092800013,0.00,XIV - 0.20
2012-11-30,255328.67330200013,-0.387,XIV - 1.00
2012-12-03,250624.9266460001,-1.842,GLD - 1.00
2012-12-04,248071.88619500006,-1.019,GLD - 1.00
2012-12-05,247623.98171600004,-0.181,GLD - 1.00
2012-12-06,248191.32918100007,0.229,GLD - 1.00
2012-12-07,249176.71515300006,0.397,GLD - 1.00
2012-12-10,250132.23366000009,0.383,GLD - 1.00
2012-12-11,249908.27022300006,-0.09,GLD - 1.00
2012-12-12,250087.44515300007,0.072,GLD - 1.00
2012-12-13,247997.23171600004,-0.836,GLD - 1.00
2012-12-14,247638.9266460001,-0.144,GLD - 1.00
2012-12-17,248101.75216700006,0.187,GLD - 1.00
2012-12-18,244578.27216700008,-1.42,GLD - 1.00
2012-12-19,243996.00216700006,-0.238,GLD - 1.00
2012-12-20,241069.71320900007,-1.199,GLD - 1.00
2012-12-21,241966.12217300007,0.372,GLD - 1.00
2012-12-24,242399.37171500004,0.179,GLD - 1.00
2012-12-26,242638.41769100007,0.099,GLD - 1.00
2012-12-27,243206.14516100005,0.234,GLD - 1.00
2012-12-28,242279.84872700006,-0.381,GLD - 1.00
2012-12-31,244490.98516100005,0.913,GLD - 1.00
2013-01-02,246207.92620300004,0.702,None - 0.00
2013-01-03,246207.92620300004,0.00,XIV - 0.45
2013-01-04,248436.06620300005,0.905,None - 0.00
2013-01-07,248436.06620300005,0.00,XIV - 0.45
2013-01-08,249702.13524500007,0.51,XIV - 0.45
2013-01-09,249539.30774500006,-0.065,XIV - 0.45
2013-01-10,252309.25117000006,1.11,XIV - 0.45
2013-01-11,252645.33282500005,0.133,XIV - 0.45
2013-01-14,254600.398661,0.774,XIV - 0.45
2013-01-15,254557.02959900003,-0.017,XIV - 0.45
2013-01-16,257101.11538100004,0.999,XIV - 0.45
2013-01-17,256287.29788100003,-0.317,XIV - 0.45
2013-01-18,263454.79788100003,2.797,XIV - 0.45
2013-01-22,267031.967881,1.358,XIV - 0.45
2013-01-23,270127.67492600007,1.159,XIV - 0.80
2013-01-24,268860.71948800003,-0.469,XIV - 0.45
2013-01-25,267945.269488,-0.34,XIV - 0.45
2013-01-28,264592.314896,-1.251,XIV - 0.45
2013-01-29,268315.177396,1.407,None - 0.00
2013-01-30,268315.177396,0.00,XIV - 0.45
2013-01-31,267767.585868,-0.204,None - 0.00
2013-02-01,267767.585868,0.00,XIV - 0.45
2013-02-04,259997.41786700004,-2.902,XIV - 0.45
2013-02-05,265025.73786700005,1.934,GLD - 1.00
2013-02-06,265722.32490700006,0.263,None - 0.00
2013-02-07,265722.32490700006,0.00,XIV - 0.45
2013-02-08,267998.2349070001,0.856,XIV - 0.45
2013-02-11,269673.5999070001,0.625,XIV - 0.45
2013-02-12,271240.76785800006,0.581,XIV - 0.45
2013-02-13,270807.80785800004,-0.16,XIV - 0.45
2013-02-14,272502.49535800004,0.626,XIV - 0.45
2013-02-15,273444.16497700004,0.346,XIV - 0.45
2013-02-19,278547.65461900004,1.866,XIV - 1.00
2013-02-20,251683.762903,-9.644,XIV - 1.00
2013-02-21,249381.888748,-0.915,GLD - 1.00
2013-02-22,249947.84845000002,0.227,None - 0.00
2013-02-25,249947.84845000002,0.00,XIV - 0.45
2013-02-26,251839.38027199998,0.757,GLD - 1.00
2013-02-27,249207.63984199998,-1.045,GLD - 1.00
2013-02-28,246701.90866999998,-1.005,GLD - 1.00
2013-03-01,245808.15186199997,-0.362,GLD - 1.00
2013-03-04,245584.71345799998,-0.091,None - 0.00
2013-03-05,245584.71345799998,0.00,XIV - 0.45
2013-03-06,244899.158458,-0.279,XIV - 0.45
2013-03-07,247209.59845799996,0.943,XIV - 0.45
2013-03-08,248659.66582499997,0.587,XIV - 0.45
2013-03-11,253297.02582499996,1.865,XIV - 0.45
2013-03-12,251304.22582499997,-0.787,XIV - 0.45
2013-03-13,251933.22582499997,0.25,XIV - 0.45
2013-03-14,254039.95084099995,0.836,XIV - 0.80
2013-03-15,254216.49084099996,0.069,XIV - 1.00
2013-03-18,241198.73084099995,-5.121,XIV - 1.00
2013-03-19,240150.12084099997,-0.435,GLD - 1.00
2013-03-20,239068.7801799999,-0.45,None - 0.00
2013-03-21,239068.7801799999,0.00,XIV - 0.80
2013-03-22,239690.7576799999,0.26,XIV - 0.45
2013-03-25,240679.26767999993,0.412,XIV - 0.80
2013-03-26,246201.8037089999,2.295,XIV - 0.80
2013-03-27,244675.5837089999,-0.62,XIV - 1.00
2013-03-28,244197.80809199993,-0.195,XIV - 1.00
2013-04-01,244463.23309199995,0.109,XIV - 1.00
2013-04-02,252107.46247499992,3.127,XIV - 0.80
2013-04-03,244783.98346599992,-2.905,XIV - 1.00
2013-04-04,248902.32846599992,1.682,None - 0.00
2013-04-05,248902.32846599992,0.00,XIV - 0.80
2013-04-08,253884.5284659999,2.002,XIV - 1.00
2013-04-09,257383.2109659999,1.378,XIV - 1.00
2013-04-10,263765.0977849999,2.48,XIV - 1.00
2013-04-11,265206.6384629999,0.547,XIV - 1.00
2013-04-12,269878.2634629999,1.762,XIV - 1.00
2013-04-15,238917.86346299993,-11.472,XIV - 1.00
2013-04-16,249474.22777299993,4.418,None - 0.00
2013-04-17,249474.22777299993,0.00,XIV - 0.35
2013-04-18,245039.06857899993,-1.778,GLD - 1.00
2013-04-19,247152.08496699992,0.862,None - 0.00
2013-04-22,247152.08496699992,0.00,XIV - 0.80
2013-04-23,256636.90996699993,3.838,XIV - 0.80
2013-04-24,256501.1090209999,-0.053,XIV - 1.00
2013-04-25,253473.00902099992,-1.181,XIV - 1.00
2013-04-26,253274.86887899993,-0.078,XIV - 0.80
2013-04-29,254361.7179359999,0.429,XIV - 0.80
2013-04-30,256419.91948299992,0.809,XIV - 0.80
2013-05-01,247528.31545599995,-3.468,XIV - 1.00
2013-05-02,256357.11545599994,3.567,None - 0.00
2013-05-03,256357.11545599994,0.00,XIV - 1.00
2013-05-06,260593.7243069999,1.653,XIV - 1.00
2013-05-07,262628.06295399996,0.781,XIV - 1.00
2013-05-08,261206.93680799997,-0.541,XIV - 1.00
2013-05-09,256274.37816099994,-1.888,XIV - 1.00
2013-05-10,258643.5629589999,0.924,XIV - 1.00
2013-05-13,260594.45181099986,0.754,XIV - 1.00
2013-05-14,262545.16566399985,0.749,XIV - 1.00
2013-05-15,260761.80566399987,-0.679,XIV - 1.00
2013-05-16,257975.05566399987,-1.069,XIV - 1.00
2013-05-17,264747.4656639999,2.625,XIV - 1.00
2013-05-20,261180.7568099999,-1.347,XIV - 1.00
2013-05-21,259313.6343099999,-0.715,XIV - 1.00
2013-05-22,256359.4254579999,-1.139,XIV - 0.55
2013-05-23,255041.0454579999,-0.514,XIV - 0.55
2013-05-24,255179.59429999988,0.054,XIV - 0.55
2013-05-28,259042.48429999987,1.514,XIV - 0.55
2013-05-29,256944.89037999985,-0.81,GLD - 1.00
2013-05-30,260471.70094999985,1.373,GLD - 1.00
2013-05-31,255228.62283599985,-2.013,GLD - 1.00
2013-06-03,260113.35717799986,1.914,GLD - 1.00
2013-06-04,257699.27906399986,-0.928,GLD - 1.00
2013-06-05,258246.23415199984,0.212,GLD - 1.00
2013-06-06,260151.08472199985,0.738,GLD - 1.00
2013-06-07,254021.58472199985,-2.356,GLD - 1.00
2013-06-10,255266.35037999984,0.49,GLD - 1.00
2013-06-11,253965.00660799985,-0.51,GLD - 1.00
2013-06-12,255851.00660799985,0.743,GLD - 1.00
2013-06-13,254889.15603799984,-0.376,GLD - 1.00
2013-06-14,256190.47340599983,0.511,GLD - 1.00
2013-06-17,254945.73415199984,-0.486,GLD - 1.00
2013-06-18,251852.69603799988,-1.213,GLD - 1.00
2013-06-19,248946.6990549999,-1.154,GLD - 1.00
2013-06-20,235756.57282899987,-5.298,GLD - 1.00
2013-06-21,238494.1822689999,1.161,GLD - 1.00
2013-06-24,236379.6166049999,-0.887,GLD - 1.00
2013-06-25,235511.13849299986,-0.367,GLD - 1.00
2013-06-26,225712.4147169999,-4.161,GLD - 1.00
2013-06-27,221292.1603839999,-1.958,GLD - 1.00
2013-06-28,227280.28849499987,2.706,GLD - 1.00
2013-07-01,231096.0609389999,1.679,GLD - 1.00
2013-07-02,229057.03226699992,-0.882,GLD - 1.00
2013-07-03,230359.7428269999,0.569,GLD - 1.00
2013-07-05,225356.53905099988,-2.172,None - 0.00
2013-07-08,225356.53905099988,0.00,XIV - 0.45
2013-07-09,227520.57358299987,0.96,XIV - 0.65
2013-07-10,228863.08564299988,0.59,XIV - 1.00
2013-07-11,235337.1906429999,2.829,XIV - 1.00
2013-07-12,233006.24548099987,-0.99,XIV - 1.00
2013-07-15,237867.03556099988,2.086,XIV - 1.00
2013-07-16,231445.12064299991,-2.70,XIV - 1.00
2013-07-17,239034.70548499993,3.279,XIV - 0.45
2013-07-18,240797.58155899995,0.737,XIV - 1.00
2013-07-19,245883.57155899995,2.112,XIV - 1.00
2013-07-22,251607.22638499996,2.328,XIV - 1.00
2013-07-23,252712.43620899992,0.439,XIV - 1.00
2013-07-24,249814.65120899995,-1.147,XIV - 1.00
2013-07-25,255537.11156099997,2.291,XIV - 1.00
2013-07-26,256101.88638299995,0.221,XIV - 1.00
2013-07-29,253204.39638299993,-1.131,XIV - 1.00
2013-07-30,257526.51638299992,1.707,XIV - 1.00
2013-07-31,263345.4490619999,2.26,XIV - 1.00
2013-08-01,271740.7136999999,3.188,XIV - 1.00
2013-08-02,278759.1536999999,2.583,XIV - 1.00
2013-08-05,281899.6336999999,1.127,XIV - 1.00
2013-08-06,273657.5438879999,-2.924,XIV - 1.00
2013-08-07,270222.2938879999,-1.255,XIV - 1.00
2013-08-08,274320.89138799993,1.517,XIV - 1.00
2013-08-09,270812.01907299994,-1.279,XIV - 1.00
2013-08-12,271916.45120699995,0.408,XIV - 1.00
2013-08-13,275008.4715749999,1.137,XIV - 1.00
2013-08-14,271892.2188899999,-1.133,XIV - 1.00
2013-08-15,258223.43888999987,-5.027,XIV - 1.00
2013-08-16,262888.4237109999,1.807,GLD - 1.00
2013-08-19,261769.4999699999,-0.426,GLD - 1.00
2013-08-20,262633.22389599984,0.33,GLD - 1.00
2013-08-21,261887.30352599986,-0.284,GLD - 1.00
2013-08-22,263339.9058589999,0.555,GLD - 1.00
2013-08-23,267442.5680069998,1.558,None - 0.00
2013-08-26,267442.5680069998,0.00,XIV - 0.45
2013-08-27,257696.6480069998,-3.644,GLD - 1.00
2013-08-28,257622.0610619998,-0.029,GLD - 1.00
2013-08-29,256055.43868199977,-0.608,GLD - 1.00
2013-08-30,253724.18868199977,-0.91,GLD - 1.00
2013-09-03,257081.1942769998,1.323,GLD - 1.00
2013-09-04,253798.8054669998,-1.277,GLD - 1.00
2013-09-05,249210.8924119998,-1.808,GLD - 1.00
2013-09-06,252849.5868139998,1.46,GLD - 1.00
2013-09-09,252402.0054639998,-0.177,GLD - 1.00
2013-09-10,248352.78732999985,-1.604,GLD - 1.00
2013-09-11,248278.13240199984,-0.03,GLD - 1.00
2013-09-12,240758.15426799987,-3.029,GLD - 1.00
2013-09-13,241038.05799999984,0.116,GLD - 1.00
2013-09-16,238481.63240199984,-1.061,GLD - 1.00
2013-09-17,238574.98800299986,0.039,GLD - 1.00
2013-09-18,248862.14866799986,4.312,GLD - 1.00
2013-09-19,248376.99799799986,-0.195,None - 0.00
2013-09-20,248376.99799799986,0.00,XIV - 1.00
2013-09-23,245922.22923099983,-0.988,XIV - 1.00
2013-09-24,246119.51799899986,0.08,GLD - 1.00
2013-09-25,248275.5370109999,0.876,GLD - 1.00
2013-09-26,246367.55227499988,-0.768,GLD - 1.00
2013-09-27,248618.99227499985,0.914,GLD - 1.00
2013-09-30,247111.65701099986,-0.606,GLD - 1.00
2013-10-01,240261.94273499987,-2.772,GLD - 1.00
2013-10-02,244977.17655299985,1.963,GLD - 1.00
2013-10-03,245206.14036899986,0.093,GLD - 1.00
2013-10-04,243965.93846099987,-0.506,GLD - 1.00
2013-10-07,246083.81846099987,0.868,GLD - 1.00
2013-10-08,245625.90418499985,-0.186,GLD - 1.00
2013-10-09,243164.58227699983,-1.002,GLD - 1.00
2013-10-10,239653.85464499987,-1.444,GLD - 1.00
2013-10-11,236465.82655399985,-1.33,GLD - 1.00
2013-10-14,236904.90418999986,0.186,GLD - 1.00
2013-10-15,238623.00609899985,0.725,GLD - 1.00
2013-10-16,238260.29228099986,-0.152,None - 0.00
2013-10-17,238260.29228099986,0.00,XIV - 0.45
2013-10-18,238745.19601099985,0.204,XIV - 1.00
2013-10-21,237484.17351099983,-0.528,XIV - 1.00
2013-10-22,237091.39601099986,-0.165,XIV - 0.80
2013-10-23,235768.40262599985,-0.558,XIV - 1.00
2013-10-24,238998.37434399987,1.37,XIV - 1.00
2013-10-25,239950.57434399985,0.398,XIV - 1.00
2013-10-28,238170.37434399984,-0.742,XIV - 1.00
2013-10-29,240240.62434399984,0.869,XIV - 1.00
2013-10-30,237135.62434399984,-1.292,XIV - 1.00
2013-10-31,238377.76606299984,0.524,XIV - 1.00
2013-11-01,239826.95762499984,0.608,XIV - 1.00
2013-11-04,245726.44934499986,2.46,XIV - 1.00
2013-11-05,246595.63934499986,0.354,XIV - 1.00
2013-11-06,250362.12934499985,1.527,XIV - 1.00
2013-11-07,241691.96356799983,-3.463,XIV - 1.00
2013-11-08,251338.17184799982,3.991,XIV - 1.00
2013-11-11,252517.5018479998,0.469,XIV - 1.00
2013-11-12,253034.7518479998,0.205,XIV - 1.00
2013-11-13,253903.72357199984,0.343,XIV - 1.00
2013-11-14,256841.72012399984,1.157,XIV - 1.00
2013-11-15,260213.77434899984,1.313,XIV - 1.00
2013-11-18,259841.44434899982,-0.143,XIV - 1.00
2013-11-19,256738.69434899982,-1.194,XIV - 1.00
2013-11-20,261827.81934899982,1.982,XIV - 1.00
2013-11-21,270741.98512199987,3.405,XIV - 1.00
2013-11-22,274401.43531199987,1.352,XIV - 1.00
2013-11-25,273285.1368499999,-0.407,XIV - 1.00
2013-11-26,271755.36358099984,-0.56,XIV - 1.00
2013-11-27,271610.65512099984,-0.053,XIV - 1.00
2013-11-29,268385.35512099985,-1.187,XIV - 1.00
2013-12-02,266379.6210789999,-0.747,XIV - 1.00
2013-12-03,259534.54935099985,-2.57,XIV - 1.00
2013-12-04,262327.01607699983,1.076,XIV - 1.00
2013-12-05,260320.81357699985,-0.765,XIV - 1.00
2013-12-06,269339.47357699985,3.464,XIV - 0.35
2013-12-09,270019.56647099985,0.253,XIV - 1.00
2013-12-10,268702.44647099986,-0.488,XIV - 1.00
2013-12-11,256210.38647099986,-4.649,XIV - 0.55
2013-12-12,255610.16147099985,-0.234,GLD - 1.00
2013-12-13,257941.66291499985,0.912,GLD - 1.00
2013-12-16,258604.76360999985,0.257,GLD - 1.00
2013-12-17,256380.20360999985,-0.86,GLD - 1.00
2013-12-18,254155.64147099984,-0.868,None - 0.00
2013-12-19,254155.64147099984,0.00,XIV - 1.00
2013-12-20,252839.82599099985,-0.518,XIV - 1.00
2013-12-23,261916.1562319998,3.59,XIV - 1.00
2013-12-24,266907.1662319999,1.906,XIV - 1.00
2013-12-26,271549.3584949999,1.739,XIV - 1.00
2013-12-27,267623.8459949999,-1.446,XIV - 1.00
2013-12-30,263523.7737309999,-1.532,XIV - 1.00
2013-12-31,263678.5414689999,0.059,XIV - 1.00
2014-01-02,258436.0309929999,-1.988,XIV - 0.55
2014-01-03,259287.23524899993,0.329,XIV - 0.20
2014-01-06,259900.5762059999,0.237,XIV - 0.55
2014-01-07,263211.2346139999,1.274,XIV - 0.55
2014-01-08,262971.9646309999,-0.091,XIV - 0.55
2014-01-09,262597.2046309999,-0.143,XIV - 0.55
2014-01-10,265953.24963099987,1.278,XIV - 1.00
2014-01-13,256820.79713299987,-3.434,XIV - 1.00
2014-01-14,266949.83212699986,3.944,None - 0.00
2014-01-15,266949.83212699986,0.00,XIV - 0.55
2014-01-16,266194.6512649999,-0.283,XIV - 0.55
2014-01-17,265945.76711699984,-0.093,XIV - 0.55
2014-01-21,267585.41211699985,0.617,XIV - 0.55
2014-01-22,269825.9371169999,0.837,XIV - 0.55
2014-01-23,265847.0053209999,-1.475,XIV - 0.55
2014-01-24,252761.90116699986,-4.922,GLD - 1.00
2014-01-27,250040.71707499985,-1.077,GLD - 1.00
2014-01-28,250020.25298299984,-0.008,GLD - 1.00
2014-01-29,253130.18116699986,1.244,GLD - 1.00
2014-01-30,247605.97298299987,-2.182,GLD - 1.00
2014-01-31,248260.69093699986,0.264,GLD - 1.00
2014-02-03,250777.27912099982,1.014,GLD - 1.00
2014-02-04,250102.09502899984,-0.269,GLD - 1.00
2014-02-05,250715.90116699986,0.245,GLD - 1.00
2014-02-06,250613.59502899984,-0.041,GLD - 1.00
2014-02-07,252516.37502899987,0.759,GLD - 1.00
2014-02-10,254050.87502899987,0.608,GLD - 1.00
2014-02-11,256997.12116699986,1.16,GLD - 1.00
2014-02-12,257140.26912199988,0.056,GLD - 1.00
2014-02-13,259307.96503199986,0.843,GLD - 1.00
2014-02-14,262702.6732119999,1.309,GLD - 1.00
2014-02-18,263213.9232119999,0.195,GLD - 1.00
2014-02-19,260903.0629869999,-0.878,GLD - 1.00
2014-02-20,263622.9150319999,1.042,GLD - 1.00
2014-02-21,263582.02321199985,-0.016,GLD - 1.00
2014-02-24,266465.47934699984,1.094,GLD - 1.00
2014-02-25,266915.38343699987,0.169,GLD - 1.00
2014-02-26,264665.8711669999,-0.843,GLD - 1.00
2014-02-27,264849.91298699984,0.07,GLD - 1.00
2014-02-28,263663.8252569999,-0.448,GLD - 1.00
2014-03-03,269123.9548069999,2.071,GLD - 1.00
2014-03-04,265833.11480699986,-1.223,GLD - 1.00
2014-03-05,266262.5770769998,0.162,GLD - 1.00
2014-03-06,268880.1750319998,0.983,GLD - 1.00
2014-03-07,266672.6509439999,-0.821,GLD - 1.00
2014-03-10,266754.46934899985,0.031,GLD - 1.00
2014-03-11,268247.3111689999,0.56,GLD - 1.00
2014-03-12,272132.79889899987,1.448,GLD - 1.00
2014-03-13,273052.62342699984,0.338,GLD - 1.00
2014-03-14,274871.7813829999,0.666,GLD - 1.00
2014-03-17,271887.5270749998,-1.086,GLD - 1.00
2014-03-18,269802.63889899984,-0.767,GLD - 1.00
2014-03-19,264631.3209429999,-1.917,GLD - 1.00
2014-03-20,264160.9811679999,-0.178,GLD - 1.00
2014-03-21,265408.4311679999,0.472,GLD - 1.00
2014-03-24,260725.37912299993,-1.764,GLD - 1.00
2014-03-25,261195.7373029999,0.18,None - 0.00
2014-03-26,261195.7373029999,0.00,XIV - 0.65
2014-03-27,263340.73730299994,0.821,XIV - 0.45
2014-03-28,264523.3412449999,0.449,XIV - 0.45
2014-03-31,268168.9451649999,1.378,XIV - 1.00
2014-04-01,277165.33659699984,3.355,XIV - 1.00
2014-04-02,275238.2030319999,-0.695,XIV - 1.00
2014-04-03,275623.6815979999,0.14,XIV - 1.00
2014-04-04,269842.3065979999,-2.098,XIV - 1.00
2014-04-07,263931.0765979999,-2.191,XIV - 1.00
2014-04-08,268686.87159799994,1.802,XIV - 0.45
2014-04-09,271539.57159799995,1.062,XIV - 0.45
2014-04-10,264291.042793,-2.669,XIV - 1.00
2014-04-11,256104.191549,-3.098,XIV - 0.45
2014-04-14,257050.02760800003,0.369,GLD - 1.00
2014-04-15,252353.62760800004,-1.827,None - 0.00
2014-04-16,252353.62760800004,0.00,XIV - 0.45
2014-04-17,253972.39128700003,0.641,XIV - 1.00
2014-04-21,258799.02317500004,1.90,XIV - 1.00
2014-04-22,259488.36506500005,0.266,XIV - 1.00
2014-04-23,258150.22317500005,-0.516,XIV - 1.00
2014-04-24,255149.51506500004,-1.162,XIV - 1.00
2014-04-25,253324.55628700004,-0.715,XIV - 1.00
2014-04-28,258759.58006300006,2.145,XIV - 1.00
2014-04-29,263382.28006300004,1.786,XIV - 1.00
2014-04-30,263017.39128100005,-0.139,XIV - 1.00
2014-05-01,263301.1981720001,0.108,XIV - 1.00
2014-05-02,264760.8262810001,0.554,XIV - 1.00
2014-05-05,267395.9343890001,0.995,XIV - 1.00
2014-05-06,265044.8962820001,-0.879,XIV - 1.00
2014-05-07,270558.3362820001,2.08,XIV - 1.00
2014-05-08,269788.25817600015,-0.285,XIV - 1.00
2014-05-09,275706.36006900016,2.194,XIV - 1.00
2014-05-12,283568.2181740002,2.852,XIV - 1.00
2014-05-13,282919.9700710002,-0.229,XIV - 1.00
2014-05-14,284500.04696800024,0.558,XIV - 1.00
2014-05-15,281137.74127400026,-1.182,XIV - 1.00
2014-05-16,287903.7381710002,2.407,XIV - 1.00
2014-05-19,291346.6631710002,1.196,XIV - 1.00
2014-05-20,293857.6712710002,0.862,XIV - 1.00
2014-05-21,298110.1550710002,1.447,XIV - 1.00
2014-05-22,298393.61197200016,0.095,XIV - 1.00
2014-05-23,300661.07626600016,0.76,XIV - 1.00
2014-05-27,309852.29007000016,3.057,XIV - 1.00
2014-05-28,310702.26507000014,0.274,XIV - 1.00
2014-05-29,311795.1062600001,0.352,XIV - 1.00
2014-05-30,312321.27316500014,0.169,XIV - 1.00
2014-06-02,314466.4400700001,0.687,XIV - 1.00
2014-06-03,313090.4762580001,-0.438,XIV - 1.00
2014-06-04,316368.94316300016,1.047,XIV - 1.00
2014-06-05,327336.30506900017,3.467,XIV - 1.00
2014-06-06,343558.76816000015,4.956,XIV - 1.00
2014-06-09,339070.4831600002,-1.306,XIV - 1.00
2014-06-10,345015.1712480002,1.753,XIV - 1.00
2014-06-11,337453.81007400015,-2.192,XIV - 1.00
2014-06-12,321033.1481630002,-4.866,XIV - 1.00
2014-06-13,326576.86934900016,1.727,XIV - 1.00
2014-06-16,327102.76816700015,0.161,XIV - 1.00
2014-06-17,337701.99434900016,3.24,XIV - 1.00
2014-06-18,355983.11817100015,5.413,XIV - 1.00
2014-06-19,354568.42625500006,-0.397,XIV - 1.00
2014-06-20,349677.0012550001,-1.38,XIV - 1.00
2014-06-23,358167.30125500006,2.428,XIV - 1.00
2014-06-24,345152.0531710001,-3.634,XIV - 1.00
2014-06-25,358050.8262580001,3.737,XIV - 1.00
2014-06-26,353887.57434200007,-1.163,XIV - 1.00
2014-06-27,356838.5831720001,0.834,XIV - 1.00
2014-06-30,360395.5270040001,0.997,XIV - 1.00
2014-07-01,369449.6312560001,2.512,XIV - 1.00
2014-07-02,373086.5393380001,0.984,XIV - 1.00
2014-07-03,378298.75201400014,1.397,XIV - 1.00
2014-07-07,370218.75201400014,-2.136,XIV - 1.00
2014-07-08,364440.83701400016,-1.561,XIV - 1.00
2014-07-09,371594.30818000017,1.963,XIV - 0.55
2014-07-10,364350.5837360002,-1.949,XIV - 1.00
2014-07-11,368788.31195400015,1.218,XIV - 0.55
2014-07-14,374098.1369540001,1.44,XIV - 0.55
2014-07-15,370324.3580220001,-1.009,XIV - 0.55
2014-07-16,375391.3580220001,1.368,XIV - 0.55
2014-07-17,356083.27247600013,-5.143,XIV - 1.00
2014-07-18,381535.27247600013,7.148,None - 0.00
2014-07-21,381535.27247600013,0.00,XIV - 0.55
2014-07-22,385640.0572490001,1.076,GLD - 1.00
2014-07-23,385275.7524290001,-0.094,None - 0.00
2014-07-24,385275.7524290001,0.00,XIV - 0.55
2014-07-25,378953.19716500014,-1.641,XIV - 0.55
2014-07-28,379889.7821650001,0.247,XIV - 0.35
2014-07-29,380225.2821650001,0.088,XIV - 0.55
2014-07-30,376780.07738000003,-0.906,XIV - 0.35
2014-07-31,365627.903516,-2.96,GLD - 1.00
2014-08-01,368531.56765000004,0.794,GLD - 1.00
2014-08-04,367387.700583,-0.31,GLD - 1.00
2014-08-05,367035.755248,-0.096,GLD - 1.00
2014-08-06,372315.14058300003,1.438,GLD - 1.00
2014-08-07,373810.976449,0.402,GLD - 1.00
2014-08-08,373840.302313,0.008,GLD - 1.00
2014-08-11,373165.933517,-0.18,GLD - 1.00
2014-08-12,373253.890585,0.024,GLD - 1.00
2014-08-13,373869.607653,0.165,None - 0.00
2014-08-14,373869.607653,0.00,XIV - 0.55
2014-08-15,373918.687835,0.013,XIV - 1.00
2014-08-18,388332.58068500005,3.855,XIV - 1.00
2014-08-19,391722.94960700005,0.873,XIV - 1.00
2014-08-20,388779.001765,-0.752,XIV - 1.00
2014-08-21,387842.305686,-0.241,XIV - 1.00
2014-08-22,389403.64676400006,0.403,XIV - 1.00
2014-08-25,393105.87068500003,0.951,XIV - 1.00
2014-08-26,389448.6706850001,-0.93,XIV - 1.00
2014-08-27,387129.22852700006,-0.596,XIV - 1.00
2014-08-28,380705.379605,-1.659,XIV - 1.00
2014-08-29,383203.80175900005,0.656,XIV - 1.00
2014-09-02,380660.755682,-0.664,XIV - 1.00
2014-09-03,385077.62283600005,1.16,XIV - 0.55
2014-09-04,384685.0726500001,-0.102,XIV - 1.00
2014-09-05,392364.88158000004,1.996,XIV - 0.55
2014-09-08,391947.51685,-0.106,XIV - 1.00
2014-09-09,381313.694722,-2.713,XIV - 1.00
2014-09-10,383950.71760000003,0.692,None - 0.00
2014-09-11,383950.71760000003,0.00,XIV - 0.55
2014-09-12,379391.85760000005,-1.187,XIV - 0.20
2014-09-15,377465.85760000005,-0.508,GLD - 1.00
2014-09-16,378064.17704700003,0.159,GLD - 1.00
2014-09-17,374001.9638980001,-1.074,None - 0.00
2014-09-18,374001.9638980001,0.00,XIV - 0.20
2014-09-19,373959.51220000006,-0.011,XIV - 1.00
2014-09-22,361129.05069700006,-3.431,XIV - 1.00
2014-09-23,347869.04219700006,-3.672,XIV - 0.20
2014-09-24,350011.0387970001,0.616,GLD - 1.00
2014-09-25,351017.42695700005,0.288,GLD - 1.00
2014-09-26,350040.623997,-0.278,GLD - 1.00
2014-09-29,349951.82695700007,-0.025,GLD - 1.00
2014-09-30,347524.626957,-0.694,GLD - 1.00
2014-10-01,349182.22103700007,0.477,GLD - 1.00
2014-10-02,349093.42399700003,-0.025,GLD - 1.00
2014-10-03,342788.632877,-1.806,None - 0.00
2014-10-06,342788.632877,0.00,XIV - 0.45
2014-10-07,332029.083914,-3.139,GLD - 1.00
2014-10-08,335163.72391400003,0.944,GLD - 1.00
2014-10-09,335643.79826600006,0.143,GLD - 1.00
2014-10-10,335502.589794,-0.042,GLD - 1.00
2014-10-13,338128.91261800006,0.783,GLD - 1.00
2014-10-14,338326.589794,0.058,GLD - 1.00
2014-10-15,339456.19544200005,0.334,None - 0.00
2014-10-16,339456.19544200005,0.00,GLD - 1.00
2014-10-17,338808.04698800005,-0.191,GLD - 1.00
2014-10-20,341090.6410780001,0.674,GLD - 1.00
2014-10-21,341710.58417000005,0.182,GLD - 1.00
2014-10-22,339794.3413520001,-0.561,GLD - 1.00
2014-10-23,337483.58417000005,-0.68,GLD - 1.00
2014-10-24,337004.35698900005,-0.142,GLD - 1.00
2014-10-27,336186.84698900004,-0.243,GLD - 1.00
2014-10-28,336299.60698900005,0.034,None - 0.00
2014-10-29,336299.60698900005,0.00,XIV - 1.00
2014-10-30,334718.48698900006,-0.47,XIV - 0.65
2014-10-31,340370.733412,1.689,XIV - 0.45
2014-11-03,337859.313412,-0.738,XIV - 0.45
2014-11-04,338926.602306,0.316,XIV - 0.45
2014-11-05,340920.08901600004,0.588,XIV - 0.45
2014-11-06,344702.36901600007,1.109,XIV - 1.00
2014-11-07,349619.81794200005,1.427,XIV - 1.00
2014-11-10,362538.75794200005,3.695,XIV - 1.00
2014-11-11,363020.59830500005,0.133,XIV - 1.00
2014-11-12,358394.8383050001,-1.274,XIV - 1.00
2014-11-13,354057.73830500006,-1.21,XIV - 1.00
2014-11-14,352997.3286650001,-0.30,XIV - 1.00
2014-11-17,353479.3190250001,0.137,XIV - 1.00
2014-11-18,360034.52866500005,1.854,XIV - 1.00
2014-11-19,351119.3786650001,-2.476,XIV - 1.00
2014-11-20,354782.96830600005,1.043,XIV - 1.00
2014-11-21,361868.33938600007,1.997,XIV - 1.00
2014-11-24,369337.80866200005,2.064,XIV - 1.00
2014-11-25,372276.78866200004,0.796,XIV - 1.00
2014-11-26,378057.76939200005,1.553,XIV - 1.00
2014-11-28,367943.1290250001,-2.675,XIV - 1.00
2014-12-01,352429.16902500007,-4.216,XIV - 1.00
2014-12-02,370841.55938500003,5.224,XIV - 0.45
2014-12-03,373399.80372100003,0.69,XIV - 1.00
2014-12-04,372922.103721,-0.128,XIV - 1.00
2014-12-05,378941.13327500003,1.614,XIV - 1.00
2014-12-08,364038.443722,-3.933,XIV - 1.00
2014-12-09,359546.68239299994,-1.234,XIV - 0.80
2014-12-10,330338.931809,-8.123,XIV - 0.45
2014-12-11,320916.5250179999,-2.852,GLD - 1.00
2014-12-12,320160.8104159999,-0.235,GLD - 1.00
2014-12-15,312009.8169209999,-2.546,GLD - 1.00
2014-12-16,313521.8115209999,0.485,GLD - 1.00
2014-12-17,311685.81152099994,-0.586,GLD - 1.00
2014-12-18,314061.82502099994,0.762,GLD - 1.00
2014-12-19,313035.81152099994,-0.327,GLD - 1.00
2014-12-22,307041.82772099995,-1.915,None - 0.00
2014-12-23,307041.82772099995,0.00,XIV - 0.45
2014-12-24,308062.07471899997,0.332,None - 0.00
2014-12-26,308062.07471899997,0.00,XIV - 1.00
2014-12-29,308553.829719,0.16,XIV - 1.00
2014-12-30,300954.81183900003,-2.463,XIV - 0.45
2014-12-31,289949.17586300004,-3.657,GLD - 1.00
2015-01-02,291212.67586300004,0.436,GLD - 1.00
2015-01-05,295559.1183900001,1.493,GLD - 1.00
2015-01-06,298893.4383900001,1.128,GLD - 1.00
2015-01-07,297150.49081200006,-0.583,GLD - 1.00
2015-01-08,295912.75586400006,-0.417,GLD - 1.00
2015-01-09,299247.0758640001,1.127,GLD - 1.00
2015-01-12,302530.8657600001,1.097,GLD - 1.00
2015-01-13,301520.4809160001,-0.334,GLD - 1.00
2015-01-14,301040.53333800007,-0.159,GLD - 1.00
2015-01-15,308542.75586400006,2.492,None - 0.00
2015-01-16,308542.75586400006,0.00,GLD - 1.00
2015-01-20,312730.99586400006,1.357,GLD - 1.00
2015-01-21,312805.77081600006,0.024,GLD - 1.00
2015-01-22,315297.77081600006,0.797,GLD - 1.00
2015-01-23,312805.77081600006,-0.79,GLD - 1.00
2015-01-26,309715.6783560001,-0.988,GLD - 1.00
2015-01-27,313230.81832800014,1.135,GLD - 1.00
2015-01-28,310788.64836000017,-0.78,GLD - 1.00
2015-01-29,304159.93832800013,-2.133,GLD - 1.00
2015-01-30,310866.09586300014,2.205,GLD - 1.00
2015-02-02,308299.3383550002,-0.826,GLD - 1.00
2015-02-03,304883.94082000013,-1.108,GLD - 1.00
2015-02-04,306205.2283270001,0.433,GLD - 1.00
2015-02-05,306728.7558340002,0.171,GLD - 1.00
2015-02-06,298875.80084800016,-2.56,GLD - 1.00
2015-02-09,300197.0883550002,0.442,GLD - 1.00
2015-02-10,298451.9958340001,-0.581,GLD - 1.00
2015-02-11,294960.39334000007,-1.17,GLD - 1.00
2015-02-12,295633.76336400013,0.228,None - 0.00
2015-02-13,295633.76336400013,0.00,XIV - 0.80
2015-02-17,294903.8633640001,-0.247,XIV - 0.45
2015-02-18,295793.83880000014,0.302,XIV - 0.45
2015-02-19,299067.6788000001,1.107,None - 0.00
2015-02-20,299067.6788000001,0.00,XIV - 1.00
2015-02-23,297621.52880000015,-0.484,XIV - 1.00
2015-02-24,310154.84808200016,4.211,XIV - 1.00
2015-02-25,307745.59808200016,-0.777,XIV - 1.00
2015-02-26,311167.07844400016,1.112,XIV - 1.00
2015-02-27,313094.4880810001,0.619,XIV - 1.00
2015-03-02,323356.8184450001,3.278,XIV - 1.00
2015-03-03,316228.4177110001,-2.204,XIV - 1.00
2015-03-04,316999.19844100013,0.244,XIV - 1.00
2015-03-05,320805.02344100014,1.201,XIV - 1.00
2015-03-06,306594.87344100006,-4.43,XIV - 1.00
2015-03-09,310931.983079,1.415,XIV - 0.45
2015-03-10,306422.538743,-1.45,XIV - 0.45
2015-03-11,303021.44432600006,-1.11,XIV - 0.45
2015-03-12,311040.648806,2.646,XIV - 0.45
2015-03-13,307871.723147,-1.019,XIV - 0.80
2015-03-16,313656.29533,1.879,XIV - 0.45
2015-03-17,314334.570954,0.216,XIV - 0.80
2015-03-18,325274.76095399994,3.48,XIV - 0.80
2015-03-19,324774.8536449999,-0.154,XIV - 1.00
2015-03-20,330160.3928789999,1.658,XIV - 1.00
2015-03-23,336026.1144149999,1.777,XIV - 1.00
2015-03-24,337372.11287099984,0.401,XIV - 1.00
2015-03-25,322374.2536429999,-4.445,XIV - 1.00
2015-03-26,324971.1232609999,0.806,XIV - 1.00
2015-03-27,328962.18787799985,1.228,XIV - 1.00
2015-03-30,338626.2390299999,2.938,XIV - 1.00
2015-03-31,330455.19864299987,-2.413,XIV - 1.00
2015-04-01,330359.0194109999,-0.029,XIV - 1.00
2015-04-02,337186.4082589999,2.067,XIV - 1.00
2015-04-06,344637.23903099983,2.21,XIV - 1.00
2015-04-07,345262.03825499985,0.181,XIV - 1.00
2015-04-08,351605.9582549999,1.837,XIV - 1.00
2015-04-09,363234.04864499986,3.307,XIV - 1.00
2015-04-10,379950.2094309998,4.602,XIV - 1.00
2015-04-13,368282.60284299986,-3.071,XIV - 1.00
2015-04-14,372317.10363099986,1.095,XIV - 1.00
2015-04-15,380481.33442099986,2.193,XIV - 1.00
2015-04-16,387970.9232269999,1.968,XIV - 1.00
2015-04-17,374433.5132269999,-3.489,XIV - 1.00
2015-04-20,387350.87401899986,3.45,XIV - 1.00
2015-04-21,387014.83901899983,-0.087,XIV - 1.00
2015-04-22,391479.30401899986,1.154,XIV - 1.00
2015-04-23,395175.32321899984,0.944,XIV - 1.00
2015-04-24,399014.90402099985,0.972,XIV - 1.00
2015-04-27,387545.2940209999,-2.874,XIV - 1.00
2015-04-28,400746.6690209999,3.406,XIV - 1.00
2015-04-29,389852.9582169999,-2.718,XIV - 1.00
2015-04-30,379196.94861699996,-2.733,XIV - 1.00
2015-05-01,397346.6186169999,4.786,XIV - 1.00
2015-05-04,396914.6732159999,-0.109,XIV - 1.00
2015-05-05,383380.0928149999,-3.41,XIV - 1.00
2015-05-06,377042.7728149999,-1.653,XIV - 1.00
2015-05-07,379971.954399,0.777,XIV - 1.00
2015-05-08,399706.119399,5.194,XIV - 0.55
2015-05-11,393767.244399,-1.486,XIV - 1.00
2015-05-12,395468.458283,0.432,XIV - 1.00
2015-05-13,402370.358562,1.745,XIV - 0.55
2015-05-14,406833.428217,1.109,XIV - 0.55
2015-05-15,408581.448811,0.43,XIV - 1.00
2015-05-18,422255.739215,3.347,XIV - 1.00
2015-05-19,427723.739622,1.295,XIV - 1.00
2015-05-20,426572.718806,-0.269,XIV - 1.00
2015-05-21,438322.899622,2.755,XIV - 1.00
2015-05-22,437459.889622,-0.197,XIV - 1.00
2015-05-26,420629.430032,-3.847,XIV - 1.00
2015-05-27,436170.118811,3.695,XIV - 1.00
2015-05-28,432046.40922100004,-0.945,XIV - 1.00
2015-05-29,428737.50463,-0.766,XIV - 1.00
2015-06-01,433053.914222,1.007,XIV - 1.00
2015-06-02,426532.024631,-1.506,XIV - 1.00
2015-06-03,433534.184631,1.642,XIV - 1.00
2015-06-04,418811.99963100004,-3.396,XIV - 1.00
2015-06-05,425479.829631,1.592,XIV - 0.55
2015-06-08,420652.284355,-1.135,XIV - 0.55
2015-06-09,423422.32435500005,0.659,XIV - 0.55
2015-06-10,433329.579057,2.34,XIV - 0.55
2015-06-11,438813.474255,1.266,XIV - 0.55
2015-06-12,435392.06469,-0.78,XIV - 0.55
2015-06-15,424956.35897400003,-2.397,XIV - 0.55
2015-06-16,429159.534548,0.989,XIV - 0.35
2015-06-17,429526.60788500006,0.086,XIV - 0.55
2015-06-18,436333.4026490001,1.585,XIV - 0.55
2015-06-19,434214.52264900005,-0.486,XIV - 0.55
2015-06-22,444021.73264900007,2.259,XIV - 0.55
2015-06-23,450415.9627440001,1.44,XIV - 1.00
2015-06-24,441488.8352760001,-1.982,XIV - 1.00
2015-06-25,437596.6944340001,-0.882,XIV - 0.55
2015-06-26,438931.4994340001,0.305,XIV - 0.55
2015-06-29,399518.2294820001,-8.979,XIV - 0.55
2015-06-30,398477.77853000007,-0.26,GLD - 1.00
2015-07-01,397108.87853000005,-0.344,GLD - 1.00
2015-07-02,396336.6750200001,-0.194,GLD - 1.00
2015-07-06,397389.66098000004,0.266,GLD - 1.00
2015-07-07,392826.6750200001,-1.148,GLD - 1.00
2015-07-08,393985.28395400004,0.295,GLD - 1.00
2015-07-09,394933.27150900004,0.241,None - 0.00
2015-07-10,394933.27150900004,0.00,GLD - 1.00
2015-07-13,393180.27150900004,-0.444,GLD - 1.00
2015-07-14,392303.52150900004,-0.223,None - 0.00
2015-07-15,392303.52150900004,0.00,XIV - 0.55
2015-07-16,407148.22644900007,3.784,None - 0.00
2015-07-17,407148.22644900007,0.00,XIV - 1.00
2015-07-20,408619.90779200004,0.361,XIV - 1.00
2015-07-21,411692.77913600014,0.752,XIV - 0.55
2015-07-22,412692.37437600014,0.243,XIV - 1.00
2015-07-23,408071.0443760001,-1.12,XIV - 1.00
2015-07-24,394032.6693760001,-3.44,XIV - 1.00
2015-07-27,373594.3566600001,-5.187,XIV - 0.55
2015-07-28,388623.31666000007,4.023,None - 0.00
2015-07-29,388623.31666000007,0.00,XIV - 0.20
2015-07-30,389217.31666000007,0.153,XIV - 1.00
2015-07-31,389545.41205100005,0.084,XIV - 1.00
2015-08-03,395738.68525400007,1.59,XIV - 1.00
2015-08-04,393442.141658,-0.58,XIV - 1.00
2015-08-05,397009.987052,0.907,XIV - 1.00
2015-08-06,382615.501658,-3.626,XIV - 1.00
2015-08-07,386512.86024800007,1.019,XIV - 0.20
2015-08-10,389366.46352800005,0.738,XIV - 0.20
2015-08-11,385822.0353420001,-0.91,XIV - 1.00
2015-08-12,386359.92689200013,0.139,GLD - 1.00
2015-08-13,383201.3204410001,-0.818,GLD - 1.00
2015-08-14,383165.80979100015,-0.009,None - 0.00
2015-08-17,383165.80979100015,0.00,XIV - 0.65
2015-08-18,380252.6845890002,-0.76,XIV - 1.00
2015-08-19,372939.01458900014,-1.923,XIV - 0.65
2015-08-20,352875.01458900014,-5.38,GLD - 1.00
2015-08-21,355057.4687740001,0.618,None - 0.00
2015-08-24,355057.4687740001,0.00,VXX - 1.00
2015-08-25,386593.4687740001,8.882,VXX - 1.00
2015-08-26,351208.82877400017,-9.153,VXX - 1.00
2015-08-27,359704.82877400017,2.419,VXX - 1.00
2015-08-28,375976.82877400017,4.524,VXX - 1.00
2015-08-31,390520.82877400017,3.868,VXX - 1.00
2015-09-01,446762.2687740002,14.402,VXX - 1.00
2015-09-02,399491.5487740001,-10.581,VXX - 1.00
2015-09-03,397333.9487740001,-0.54,VXX - 1.00
2015-09-04,426101.9487740001,7.24,VXX - 1.00
2015-09-08,388991.2287740001,-8.709,VXX - 1.00
2015-09-09,397775.2287740001,2.258,VXX - 1.00
2015-09-10,388137.94877400005,-2.423,VXX - 1.00
2015-09-11,378921.94877400005,-2.374,GLD - 1.00
2015-09-14,379133.918175,0.056,GLD - 1.00
2015-09-15,378003.361708,-0.298,None - 0.00
2015-09-16,378003.361708,0.00,VXX - 1.00
2015-09-17,375972.00170799997,-0.537,GLD - 1.00
2015-09-18,378718.38454299996,0.73,None - 0.00
2015-09-21,378718.38454299996,0.00,GLD - 1.00
2015-09-22,376162.431451,-0.675,None - 0.00
2015-09-23,376162.431451,0.00,VXX - 1.00
2015-09-24,386166.91145099996,2.66,VXX - 1.00
2015-09-25,396327.71145099995,2.631,VXX - 1.00
2015-09-28,423683.71145099995,6.902,VXX - 1.00
2015-09-29,424464.51145099994,0.184,VXX - 1.00
2015-09-30,404788.3514509999,-4.636,VXX - 1.00
2015-10-01,400255.07145099994,-1.12,VXX - 1.00
2015-10-02,379777.15145099995,-5.116,GLD - 1.00
2015-10-05,379018.368002,-0.20,None - 0.00
2015-10-06,379018.368002,0.00,XIV - 0.45
2015-10-07,382840.968002,1.009,None - 0.00
2015-10-08,382840.968002,0.00,XIV - 0.45
2015-10-09,382840.968002,0.00,XIV - 0.45
2015-10-12,393425.667005,2.765,XIV - 0.45
2015-10-13,383562.261203,-2.507,XIV - 0.45
2015-10-14,379576.25719699997,-1.039,XIV - 0.45
2015-10-15,391784.99719699996,3.216,XIV - 0.45
2015-10-16,393129.8071969999,0.343,XIV - 0.45
2015-10-19,405763.5471969999,3.214,XIV - 1.00
2015-10-20,390007.9846519999,-3.883,XIV - 1.00
2015-10-21,363777.5547299999,-6.726,XIV - 1.00
2015-10-22,393643.2171999999,8.21,XIV - 1.00
2015-10-23,388472.32965999993,-1.314,XIV - 1.00
2015-10-26,376197.2471979999,-3.16,XIV - 1.00
2015-10-27,383489.8447319999,1.939,XIV - 1.00
2015-10-28,394707.46965999994,2.925,XIV - 1.00
2015-10-29,389349.6571999999,-1.357,XIV - 1.00
2015-10-30,383056.33473799995,-1.616,XIV - 1.00
2015-11-02,402562.50720199995,5.092,XIV - 1.00
2015-11-03,394838.55965999997,-1.919,XIV - 1.00
2015-11-04,382067.03474,-3.235,XIV - 1.00
2015-11-05,389607.77966799994,1.974,XIV - 1.00
2015-11-06,397645.74474399997,2.063,XIV - 1.00
2015-11-09,376153.994662,-5.405,XIV - 1.00
2015-11-10,386501.604662,2.751,XIV - 0.80
2015-11-11,379422.894692,-1.831,XIV - 1.00
2015-11-12,346607.40721699997,-8.649,XIV - 1.00
2015-11-13,322912.46468,-6.836,XIV - 0.45
2015-11-16,337589.46468,4.545,XIV - 0.45
2015-11-17,329128.56467999995,-2.506,XIV - 0.80
2015-11-18,347423.53451599996,5.559,XIV - 0.45
2015-11-19,342266.66951599997,-1.484,XIV - 0.45
2015-11-20,347327.179516,1.479,XIV - 0.80
2015-11-23,354658.974805,2.111,XIV - 1.00
2015-11-24,352847.874805,-0.511,XIV - 1.00
2015-11-25,357556.734805,1.335,XIV - 1.00
2015-11-27,354176.30687800003,-0.945,XIV - 1.00
2015-11-30,356228.86273000005,0.58,XIV - 1.00
2015-12-01,371199.40687600005,4.203,XIV - 1.00
2015-12-02,356717.79480800004,-3.901,XIV - 1.00
2015-12-03,330760.844808,-7.277,XIV - 1.00
2015-12-04,362237.059808,9.516,XIV - 0.80
2015-12-07,354172.639466,-2.226,XIV - 1.00
2015-12-08,343849.37732100004,-2.915,XIV - 1.00
2015-12-09,329453.985173,-4.187,GLD - 1.00
2015-12-10,329168.06788100005,-0.087,None - 0.00
2015-12-11,329168.06788100005,0.00,XIV - 0.35
2015-12-14,336444.38788100006,2.211,GLD - 1.00
2015-12-15,335560.93479300005,-0.263,GLD - 1.00
2015-12-16,339585.50460900005,1.199,None - 0.00
2015-12-17,339585.50460900005,0.00,XIV - 1.00
2015-12-18,313190.18460900005,-7.773,XIV - 0.80
2015-12-21,323967.034609,3.441,XIV - 1.00
2015-12-22,339732.1376380001,4.866,None - 0.00
2015-12-23,339732.1376380001,0.00,XIV - 0.55
2015-12-24,336334.7056330001,-1.00,XIV - 1.00
2015-12-28,339931.5984790001,1.069,XIV - 0.55
2015-12-29,343463.5984790001,1.039,XIV - 0.35
2015-12-30,339697.4290220001,-1.097,XIV - 0.55
2015-12-31,335191.03902200016,-1.327,GLD - 1.00
2016-01-04,339867.1390220002,1.395,GLD - 1.00
2016-01-05,340815.4422920002,0.279,GLD - 1.00
2016-01-06,345687.73575200024,1.43,GLD - 1.00
2016-01-07,350525.8688280002,1.40,None - 0.00
2016-01-08,350525.8688280002,0.00,VXX - 1.00
2016-01-11,339211.7888280002,-3.228,VXX - 1.00
2016-01-12,323707.3088280002,-4.571,GLD - 1.00
2016-01-13,325275.56497800024,0.484,None - 0.00
2016-01-14,325275.56497800024,0.00,GLD - 1.00
2016-01-15,328588.0806030002,1.018,None - 0.00
2016-01-19,328588.0806030002,0.00,VXX - 1.00
2016-01-20,337123.4566030002,2.598,VXX - 1.00
2016-01-21,335652.09660300013,-0.436,VXX - 1.00
2016-01-22,307769.05660300015,-8.307,GLD - 1.00
2016-01-25,310902.1424050001,1.018,GLD - 1.00
2016-01-26,314412.34950400016,1.129,None - 0.00
2016-01-27,314412.34950400016,0.00,XIV - 0.55
2016-01-28,320247.1506820002,1.856,GLD - 1.00
2016-01-29,321466.88878200017,0.381,GLD - 1.00
2016-02-01,324739.40663200023,1.018,GLD - 1.00
2016-02-02,324858.3858070002,0.037,GLD - 1.00
2016-02-03,328309.3977070002,1.062,GLD - 1.00
2016-02-04,332236.3977070002,1.196,GLD - 1.00
2016-02-05,337440.8977070002,1.567,GLD - 1.00
2016-02-08,341931.6436550002,1.331,GLD - 1.00
2016-02-09,341188.3936550002,-0.217,None - 0.00
2016-02-10,341188.3936550002,0.00,VXX - 1.00
2016-02-11,361763.1136550002,6.03,GLD - 1.00
2016-02-12,359657.5226790002,-0.582,None - 0.00
2016-02-16,359657.5226790002,0.00,XIV - 0.35
2016-02-17,364522.0049940002,1.353,XIV - 1.00
2016-02-18,365337.5046060002,0.224,XIV - 1.00
2016-02-19,375021.8046060002,2.651,XIV - 1.00
2016-02-22,396117.1746060002,5.625,XIV - 1.00
2016-02-23,376459.1596060002,-4.963,XIV - 1.00
2016-02-24,378599.24922400014,0.568,XIV - 1.00
2016-02-25,391643.1299860001,3.445,XIV - 1.00
2016-02-26,385938.3896120001,-1.457,XIV - 1.00
2016-02-29,379621.53998900007,-1.637,XIV - 1.00
2016-03-01,412331.41960900015,8.616,XIV - 1.00
2016-03-02,419153.3392450001,1.654,XIV - 1.00
2016-03-03,432388.02996700007,3.157,XIV - 1.00
2016-03-04,427197.73961300007,-1.20,XIV - 1.00
2016-03-07,425772.749613,-0.334,XIV - 1.00
2016-03-08,409282.76961300004,-3.873,XIV - 1.00
2016-03-09,414883.41961300006,1.368,XIV - 1.00
2016-03-10,422010.46961300005,1.718,XIV - 1.00
2016-03-11,443490.28997300006,5.09,XIV - 1.00
2016-03-14,450409.28997300006,1.56,XIV - 1.00
2016-03-15,444101.6996260001,-1.40,XIV - 1.00
2016-03-16,460075.64427700004,3.597,XIV - 1.00
2016-03-17,473399.67461900006,2.896,XIV - 1.00
2016-03-18,477060.15461900004,0.773,XIV - 1.00
2016-03-21,490277.90461900004,2.771,XIV - 1.00
2016-03-22,496579.87429000007,1.285,XIV - 1.00
2016-03-23,473000.574617,-4.748,XIV - 1.00
2016-03-24,475441.014617,0.516,XIV - 1.00
2016-03-28,482050.19428100006,1.39,XIV - 1.00
2016-03-29,509703.094614,5.737,XIV - 1.00
2016-03-30,522099.534936,2.432,XIV - 1.00
2016-03-31,518544.01930200006,-0.681,XIV - 1.00
2016-04-01,533477.7696200002,2.88,XIV - 1.00
2016-04-04,518852.4299330001,-2.742,XIV - 1.00
2016-04-05,489188.12961500016,-5.717,XIV - 1.00
2016-04-06,521311.10961500014,6.567,XIV - 1.00
2016-04-07,473360.6499330002,-9.198,XIV - 1.00
2016-04-08,485970.8095940002,2.664,XIV - 1.00
2016-04-11,478752.2395940002,-1.485,XIV - 1.00
2016-04-12,494310.04459400027,3.25,XIV - 1.00
2016-04-13,519010.9945940003,4.997,XIV - 1.00
2016-04-14,520738.2999150003,0.333,XIV - 1.00
2016-04-15,527545.4795950003,1.307,XIV - 1.00
2016-04-18,560255.8699120003,6.20,XIV - 1.00
2016-04-19,555382.6699120003,-0.87,XIV - 1.00
2016-04-20,552438.1346050003,-0.53,XIV - 1.00
2016-04-21,542284.1346050003,-1.838,XIV - 1.00
2016-04-22,555690.0546050002,2.472,XIV - 1.00
2016-04-25,548176.4442980002,-1.352,XIV - 1.00
2016-04-26,560362.4646080001,2.223,XIV - 1.00
2016-04-27,576403.4349130002,2.863,XIV - 1.00
2016-04-28,542603.9146130002,-5.864,XIV - 1.00
2016-04-29,524728.4949260002,-3.294,XIV - 1.00
2016-05-02,556935.6746060003,6.138,XIV - 1.00
2016-05-03,531652.2349140004,-4.54,XIV - 1.00
2016-05-04,524947.6249140004,-1.261,XIV - 1.00
2016-05-05,525862.0249140004,0.174,XIV - 1.00
2016-05-06,549433.2249140004,4.482,XIV - 1.00
2016-05-09,561619.7842920003,2.218,XIV - 1.00
2016-05-10,589032.9045980003,4.881,XIV - 1.00
2016-05-11,567721.0545980002,-3.618,XIV - 1.00
2016-05-12,574218.6545980002,1.145,XIV - 1.00
2016-05-13,553206.0845980003,-3.659,XIV - 1.00
2016-05-16,578796.6845980003,4.626,XIV - 1.00
2016-05-17,553724.9495980003,-4.332,XIV - 1.00
2016-05-18,556060.5995980003,0.422,XIV - 1.00
2016-05-19,553725.0645980001,-0.42,XIV - 1.00
2016-05-20,572816.4645980002,3.448,XIV - 1.00
2016-05-23,576572.5195980001,0.656,XIV - 1.00
2016-05-24,599107.7395980002,3.908,XIV - 1.00
2016-05-25,610370.9298920002,1.88,XIV - 1.00
2016-05-26,616559.6443100001,1.014,XIV - 1.00
2016-05-27,633804.4443100002,2.797,XIV - 1.00
2016-05-31,634311.5193100001,0.08,XIV - 1.00
2016-06-01,638570.9695930001,0.672,XIV - 1.00
2016-06-02,656114.0345930001,2.747,XIV - 1.00
2016-06-03,659256.7943170002,0.479,XIV - 1.00
2016-06-06,667468.2098670002,1.246,XIV - 1.00
2016-06-07,667062.7698670002,-0.061,XIV - 1.00
2016-06-08,662704.2898670001,-0.653,XIV - 1.00
2016-06-09,650235.7798670002,-1.881,XIV - 1.00
2016-06-10,592037.8995890002,-8.95,XIV - 1.00
2016-06-13,503944.57958900015,-14.88,XIV - 0.55
2016-06-14,509815.6434060001,1.165,GLD - 1.00
2016-06-15,513556.66573900013,0.734,GLD - 1.00
2016-06-16,508213.6534090001,-1.04,GLD - 1.00
2016-06-17,514667.92340900004,1.27,GLD - 1.00
2016-06-20,511626.53162900003,-0.591,GLD - 1.00
2016-06-21,501885.819299,-1.904,GLD - 1.00
2016-06-22,502132.50396500004,0.049,GLD - 1.00
2016-06-23,498884.80985400005,-0.647,GLD - 1.00
2016-06-24,523104.48574200005,4.855,None - 0.00
2016-06-27,523104.48574200005,0.00,GLD - 1.00
2016-06-28,517544.805742,-1.063,GLD - 1.00
2016-06-29,519670.54939,0.411,None - 0.00
2016-06-30,519670.54939,0.00,XIV - 0.55
2016-07-01,528610.162855,1.72,XIV - 0.55
2016-07-05,523036.914229,-1.054,XIV - 1.00
2016-07-06,537225.7942290001,2.713,XIV - 0.55
2016-07-07,541929.724229,0.876,XIV - 1.00
2016-07-08,577136.7035190001,6.497,XIV - 1.00
2016-07-11,577033.2185190001,-0.018,XIV - 1.00
2016-07-12,590279.298519,2.296,XIV - 1.00
2016-07-13,599901.5435189999,1.63,XIV - 1.00
2016-07-14,600315.323519,0.069,XIV - 1.00
2016-07-15,603211.7835189999,0.482,XIV - 1.00
2016-07-18,613452.3642069999,1.698,XIV - 1.00
2016-07-19,613969.4685219999,0.084,XIV - 1.00
2016-07-20,631551.7392069999,2.864,XIV - 1.00
2016-07-21,613560.9885279998,-2.849,XIV - 1.00
2016-07-22,627419.9385279998,2.259,XIV - 1.00
2016-07-25,631245.7178479998,0.61,XIV - 1.00
2016-07-26,637346.0228479997,0.966,XIV - 1.00
2016-07-27,651303.0392019997,2.19,XIV - 1.00
2016-07-28,663086.0585299998,1.809,XIV - 1.00
2016-07-29,685821.9791989997,3.429,XIV - 1.00
2016-08-01,696876.1285369999,1.612,XIV - 1.00
2016-08-02,670949.062878,-3.72,XIV - 1.00
2016-08-03,687999.358545,2.541,XIV - 1.00
2016-08-04,706594.2998669998,2.703,XIV - 1.00
2016-08-05,730555.2598669999,3.391,XIV - 1.00
2016-08-08,746558.1729199999,2.191,XIV - 1.00
2016-08-09,758532.31421,1.604,XIV - 1.00
2016-08-10,740574.582287,-2.367,XIV - 1.00
2016-08-11,744497.3842249999,0.53,XIV - 1.00
2016-08-12,751826.3385799999,0.984,XIV - 1.00
2016-08-15,763489.6129369999,1.551,XIV - 1.00
2016-08-16,737689.6129369999,-3.379,XIV - 1.00
2016-08-17,756271.933584,2.519,XIV - 1.00
2016-08-18,769482.8135839999,1.747,XIV - 1.00
2016-08-19,765561.4242230001,-0.51,XIV - 1.00
2016-08-22,763187.803583,-0.31,XIV - 1.00
2016-08-23,765251.844863,0.27,XIV - 1.00
2016-08-24,748017.3829430001,-2.252,XIV - 1.00
2016-08-25,747294.8079430001,-0.097,XIV - 1.00
2016-08-26,745023.8372980001,-0.304,XIV - 1.00
2016-08-29,760197.9329430001,2.037,XIV - 1.00
2016-08-30,765977.474866,0.76,XIV - 1.00
2016-08-31,761127.054226,-0.633,XIV - 1.00
2016-09-01,765358.4179440001,0.556,XIV - 1.00
2016-09-02,793016.0179440001,3.614,XIV - 1.00
2016-09-06,813545.8323110001,2.589,XIV - 1.00
2016-09-07,823756.259192,1.255,XIV - 1.00
2016-09-08,820868.7798170001,-0.351,XIV - 1.00
2016-09-09,690621.8429420003,-15.867,XIV - 1.00
2016-09-12,737428.0472770002,6.777,GLD - 1.00
2016-09-13,732583.7903450001,-0.657,GLD - 1.00
2016-09-14,735063.6003450002,0.339,GLD - 1.00
2016-09-15,730392.3476460001,-0.635,GLD - 1.00
2016-09-16,728604.5488110001,-0.245,GLD - 1.00
2016-09-19,730103.980345,0.206,GLD - 1.00
2016-09-20,730796.0318790001,0.095,GLD - 1.00
2016-09-21,741349.6130440001,1.444,None - 0.00
2016-09-22,741349.6130440001,0.00,XIV - 0.55
2016-09-23,737840.913044,-0.473,XIV - 1.00
2016-09-26,698919.6077510002,-5.275,XIV - 1.00
2016-09-27,735792.2480330002,5.276,None - 0.00
2016-09-28,735792.2480330002,0.00,XIV - 0.20
2016-09-29,726629.5863360001,-1.245,XIV - 0.55
2016-09-30,744654.7039380001,2.481,XIV - 0.55
2016-10-03,746371.4617860002,0.231,XIV - 0.55
2016-10-04,747476.9949510001,0.148,XIV - 0.20
2016-10-05,748801.9369210001,0.177,None - 0.00
2016-10-06,748801.9369210001,0.00,XIV - 0.55
2016-10-07,748258.0369210001,-0.073,XIV - 0.55
2016-10-10,756857.1978060002,1.149,XIV - 0.20
2016-10-11,748507.5938860003,-1.103,XIV - 0.55
2016-10-12,748112.3738860004,-0.053,GLD - 1.00
2016-10-13,749906.0300710003,0.24,GLD - 1.00
2016-10-14,745762.0924410003,-0.553,GLD - 1.00
2016-10-17,747741.2862560004,0.265,GLD - 1.00
2016-10-18,752318.1738860004,0.612,GLD - 1.00
2016-10-19,756585.1524380003,0.567,None - 0.00
2016-10-20,756585.1524380003,0.00,XIV - 0.55
2016-10-21,765356.9759120003,1.159,XIV - 1.00
2016-10-24,792105.5352950003,3.495,XIV - 1.00
2016-10-25,783676.9559190002,-1.064,XIV - 1.00
2016-10-26,764588.6215400003,-2.436,XIV - 1.00
2016-10-27,751505.1159230003,-1.711,XIV - 1.00
2016-10-28,719613.5009230002,-4.244,GLD - 1.00
2016-10-31,721722.7409230003,0.293,GLD - 1.00
2016-11-01,726351.3567820003,0.641,GLD - 1.00
2016-11-02,731683.0233460002,0.734,GLD - 1.00
2016-11-03,735549.3267780003,0.528,GLD - 1.00
2016-11-04,736076.5233460002,0.072,GLD - 1.00
2016-11-07,722954.6209200002,-1.783,GLD - 1.00
2016-11-08,719966.5133430002,-0.413,GLD - 1.00
2016-11-09,719497.7874840002,-0.065,GLD - 1.00
2016-11-10,708893.0092020002,-1.474,GLD - 1.00
2016-11-11,693363.9974820003,-2.191,None - 0.00
2016-11-14,693363.9974820003,0.00,XIV - 1.00
2016-11-15,722685.4974820003,4.229,XIV - 1.00
2016-11-16,718176.2474820003,-0.624,XIV - 1.00
2016-11-17,738649.3414060004,2.851,XIV - 1.00
2016-11-18,741895.2994390004,0.439,XIV - 1.00
2016-11-21,775344.6414070005,4.509,XIV - 1.00
2016-11-22,771199.1394310003,-0.535,XIV - 1.00
2016-11-23,769396.6574560003,-0.234,XIV - 1.00
2016-11-25,774624.1433780004,0.679,XIV - 1.00
2016-11-28,767684.5544280002,-0.896,XIV - 1.00
2016-11-29,772912.1124540003,0.681,XIV - 1.00
2016-11-30,770839.2014040004,-0.268,XIV - 1.00
2016-12-01,742268.0094300003,-3.707,XIV - 1.00
2016-12-02,742989.3474630002,0.097,XIV - 1.00
2016-12-05,790233.1694310002,6.359,XIV - 1.00
2016-12-06,815372.4644310003,3.181,XIV - 1.00
2016-12-07,813390.7044310003,-0.243,XIV - 1.00
2016-12-08,811048.6064150003,-0.288,XIV - 1.00
2016-12-09,819876.9544320002,1.089,XIV - 1.00
2016-12-12,813481.6474470003,-0.78,XIV - 1.00
2016-12-13,806545.4514150003,-0.853,XIV - 1.00
2016-12-14,807986.9094330004,0.179,XIV - 1.00
2016-12-15,819607.8924500003,1.438,XIV - 1.00
2016-12-16,829336.0104650004,1.187,XIV - 1.00
2016-12-19,858877.3124520004,3.562,XIV - 1.00
2016-12-20,875352.7484340004,1.918,XIV - 1.00
2016-12-21,889125.1154460004,1.573,XIV - 1.00
2016-12-22,873465.0614460004,-1.761,XIV - 1.00
2016-12-23,878145.8774520004,0.536,XIV - 1.00
2016-12-27,889307.0994500004,1.271,XIV - 1.00
2016-12-28,858887.1174500006,-3.421,XIV - 1.00
2016-12-29,845111.7804570006,-1.604,XIV - 1.00
2016-12-30,827732.1304570005,-2.056,XIV - 0.65
2017-01-03,865610.6986210004,4.576,XIV - 0.65
2017-01-04,894645.4500520005,3.354,XIV - 1.00
2017-01-05,897496.0073280005,0.319,XIV - 1.00
2017-01-06,909502.8273280005,1.338,XIV - 1.00
2017-01-09,911316.5973280004,0.199,XIV - 1.00
2017-01-10,917275.7996010004,0.654,XIV - 1.00
2017-01-11,937052.2396010004,2.156,XIV - 1.00
2017-01-12,937483.9050650004,0.046,XIV - 1.00
2017-01-13,934980.0277970004,-0.267,XIV - 1.00
2017-01-17,937570.4123350004,0.277,XIV - 1.00
2017-01-18,941887.4123350004,0.46,XIV - 1.00
2017-01-19,931268.1728010004,-1.127,XIV - 1.00
2017-01-20,967360.3828010004,3.876,XIV - 1.00
2017-01-23,975128.7500640004,0.803,XIV - 1.00
2017-01-24,1019923.6573260005,4.594,XIV - 1.00
2017-01-25,1044941.9745800005,2.453,XIV - 1.00
2017-01-26,1039594.4573300004,-0.512,XIV - 1.00
2017-01-27,1051842.6500790003,1.178,XIV - 1.00
2017-01-30,1022260.6150790002,-2.812,XIV - 1.00
2017-01-31,1026919.1950790003,0.456,XIV - 1.00
2017-02-01,1044689.8368380003,1.73,XIV - 1.00
2017-02-02,1036237.3023380005,-0.809,XIV - 1.00
2017-02-03,1057197.2673380005,2.023,XIV - 0.55
2017-02-06,1057813.8478520005,0.058,XIV - 1.00
2017-02-07,1049539.1278520005,-0.782,XIV - 1.00
2017-02-08,1052556.3028520006,0.287,XIV - 0.55
2017-02-09,1064598.4428520007,1.144,XIV - 0.55
2017-02-10,1073897.5316380006,0.873,XIV - 1.00
2017-02-13,1107555.1407700004,3.134,XIV - 1.00
2017-02-14,1154763.7266230003,4.262,XIV - 1.00
2017-02-15,1112742.5557910004,-3.639,XIV - 1.00
2017-02-16,1106979.6235910002,-0.518,XIV - 0.55
2017-02-17,1105814.2485910002,-0.105,XIV - 0.55
2017-02-21,1098489.4135910003,-0.662,XIV - 0.55
2017-02-22,1095955.9942080001,-0.231,XIV - 0.55
2017-02-23,1080254.635404,-1.433,GLD - 1.00
2017-02-24,1087087.750449,0.633,GLD - 1.00
2017-02-27,1081873.604389,-0.48,GLD - 1.00
2017-02-28,1082862.614389,0.091,GLD - 1.00
2017-03-01,1081334.099434,-0.141,GLD - 1.00
2017-03-02,1068027.455398,-1.231,GLD - 1.00
2017-03-03,1067398.0153980001,-0.059,None - 0.00
2017-03-06,1067398.0153980001,0.00,XIV - 0.55
2017-03-07,1066910.7312860002,-0.046,XIV - 0.55
2017-03-08,1062655.9758300004,-0.399,XIV - 0.55
2017-03-09,1065635.4569360004,0.28,GLD - 1.00
2017-03-10,1067939.4569360004,0.216,None - 0.00
2017-03-13,1067939.4569360004,0.00,XIV - 0.55
2017-03-14,1056854.4783430004,-1.038,XIV - 0.35
2017-03-15,1069927.4148910004,1.237,None - 0.00
2017-03-16,1069927.4148910004,0.00,XIV - 0.55
2017-03-17,1077020.4617070004,0.663,XIV - 0.55
2017-03-20,1076608.0029570004,-0.038,XIV - 0.55
2017-03-21,1054242.3729570005,-2.077,XIV - 0.55
2017-03-22,1051259.6377510005,-0.283,GLD - 1.00
2017-03-23,1049858.3227190005,-0.133,GLD - 1.00
2017-03-24,1051522.3689930006,0.159,GLD - 1.00
2017-03-27,1057390.2114770007,0.558,GLD - 1.00
2017-03-28,1053099.2989910007,-0.406,GLD - 1.00
2017-03-29,1055639.1277490007,0.241,GLD - 1.00
2017-03-30,1048108.0989920008,-0.713,GLD - 1.00
2017-03-31,1050297.5989920008,0.209,GLD - 1.00
2017-04-03,1055815.1127180008,0.525,GLD - 1.00
2017-04-04,1058179.546503001,0.224,GLD - 1.00
2017-04-05,1058179.546503001,0.00,GLD - 1.00
2017-04-06,1054326.4402320008,-0.364,GLD - 1.00
2017-04-07,1056778.6714740007,0.233,GLD - 1.00
2017-04-10,1056778.6714740007,0.00,GLD - 1.00
2017-04-11,1071928.3077450008,1.434,GLD - 1.00
2017-04-12,1079195.7439650008,0.678,GLD - 1.00
2017-04-13,1084273.6527200008,0.471,GLD - 1.00
2017-04-17,1081121.8527200008,-0.291,GLD - 1.00
2017-04-18,1086199.7702300006,0.47,GLD - 1.00
2017-04-19,1076656.8464950006,-0.879,GLD - 1.00
2017-04-20,1078670.6914710007,0.187,GLD - 1.00
2017-04-21,1081735.2827150007,0.284,GLD - 1.00
2017-04-24,1074468.6764900007,-0.672,None - 0.00
2017-04-25,1074468.6764900007,0.00,XIV - 1.00
2017-04-26,1062816.3908040007,-1.084,XIV - 1.00
2017-04-27,1074177.1304630006,1.069,XIV - 1.00
2017-04-28,1073810.6908060005,-0.034,XIV - 1.00
2017-05-01,1115879.0775160007,3.918,XIV - 1.00
2017-05-02,1111410.2028640006,-0.40,XIV - 1.00
2017-05-03,1089137.7014760005,-2.004,XIV - 1.00
2017-05-04,1117057.3521640005,2.563,XIV - 1.00
2017-05-05,1110610.5600760004,-0.577,XIV - 1.00
2017-05-08,1139916.5600760004,2.639,XIV - 1.00
2017-05-09,1141894.0871820005,0.173,XIV - 1.00
2017-05-10,1137645.8625330005,-0.372,XIV - 1.00
2017-05-11,1140502.4175330005,0.251,XIV - 1.00
2017-05-12,1142699.7821820006,0.193,XIV - 1.00
2017-05-15,1165478.9918310004,1.993,XIV - 1.00
2017-05-16,1176829.6564770003,0.974,XIV - 1.00
2017-05-17,964052.3657650002,-18.081,XIV - 1.00
2017-05-18,989370.1614110002,2.626,GLD - 1.00
2017-05-19,994234.1543870002,0.492,None - 0.00
2017-05-22,994234.1543870002,0.00,XIV - 1.00
2017-05-23,995029.1746340002,0.08,XIV - 1.00
2017-05-24,1021661.7011340001,2.677,XIV - 1.00
2017-05-25,1009673.192628,-1.173,XIV - 1.00
2017-05-26,1026896.9323750001,1.706,XIV - 1.00
2017-05-30,1034513.342637,0.742,XIV - 1.00
2017-05-31,1025970.3573720001,-0.826,XIV - 1.00
2017-06-01,1050078.077372,2.35,XIV - 1.00
2017-06-02,1047826.687914,-0.214,XIV - 1.00
2017-06-05,1042529.1673780001,-0.506,XIV - 1.00
2017-06-06,1020146.78089,-2.147,XIV - 1.00
2017-06-07,1030611.9241370001,1.026,XIV - 1.00
2017-06-08,1054852.117383,2.352,XIV - 1.00
2017-06-09,1038960.464411,-1.507,XIV - 1.00
2017-06-12,1027834.7041460001,-1.071,XIV - 1.00
2017-06-13,1063002.8209,3.422,XIV - 1.00
2017-06-14,1066247.04469,0.305,XIV - 1.00
2017-06-15,1054263.966172,-1.124,XIV - 1.00
2017-06-16,1065719.2273869999,1.087,XIV - 1.00
2017-06-19,1096374.3911769998,2.876,XIV - 1.00
2017-06-20,1068574.604415,-2.536,XIV - 1.00
2017-06-21,1077313.717379,0.818,XIV - 1.00
2017-06-22,1089031.051179,1.088,XIV - 1.00
2017-06-23,1099357.4447010001,0.948,XIV - 1.00
2017-06-26,1123384.4544150003,2.186,XIV - 1.00
2017-06-27,1083944.2073550003,-3.511,XIV - 1.00
2017-06-28,1117044.2073550003,3.054,None - 0.00
2017-06-29,1117044.2073550003,0.00,XIV - 1.00
2017-06-30,1137364.7652870002,1.819,GLD - 1.00
2017-07-03,1118952.5557470003,-1.619,GLD - 1.00
2017-07-05,1123055.6252890003,0.367,GLD - 1.00
2017-07-06,1122578.6134530003,-0.042,GLD - 1.00
2017-07-07,1111224.8043710003,-1.011,GLD - 1.00
2017-07-10,1113037.8034550003,0.163,GLD - 1.00
2017-07-11,1114469.1225390004,0.129,GLD - 1.00
2017-07-12,1118381.3043710003,0.351,GLD - 1.00
2017-07-13,1116377.4939130002,-0.179,None - 0.00
2017-07-14,1116377.4939130002,0.00,XIV - 0.35
2017-07-17,1126478.4984630002,0.905,XIV - 0.55
2017-07-18,1134846.5995590002,0.743,XIV - 0.55
2017-07-19,1141625.880636,0.597,XIV - 0.55
2017-07-20,1147536.82236,0.518,XIV - 1.00
2017-07-21,1156727.472,0.801,XIV - 1.00
2017-07-24,1176366.286822,1.698,XIV - 0.55
2017-07-25,1173389.389899,-0.253,XIV - 0.55
2017-07-26,1172834.4715210001,-0.047,XIV - 0.35
2017-07-27,1169080.880353,-0.32,GLD - 1.00
2017-07-28,1177775.7900140001,0.744,GLD - 1.00
2017-07-31,1178355.430692,0.049,GLD - 1.00
2017-08-01,1177389.3500140002,-0.082,GLD - 1.00
2017-08-02,1174974.1000140002,-0.205,GLD - 1.00
2017-08-03,1176809.632048,0.156,GLD - 1.00
2017-08-04,1167728.3500140002,-0.772,GLD - 1.00
2017-08-07,1166375.8100140002,-0.116,GLD - 1.00
2017-08-08,1169757.5003520001,0.29,GLD - 1.00
2017-08-09,1183765.921369,1.198,GLD - 1.00
2017-08-10,1192459.931029,0.734,GLD - 1.00
2017-08-11,1198062.1703470002,0.47,GLD - 1.00
2017-08-14,1189658.8113700002,-0.701,GLD - 1.00
2017-08-15,1180578.4596700002,-0.763,GLD - 1.00
2017-08-16,1189175.8596700002,0.728,GLD - 1.00
2017-08-17,1195165.0113700002,0.504,GLD - 1.00
2017-08-18,1193329.8496650003,-0.154,GLD - 1.00
2017-08-21,1197772.9800060003,0.372,GLD - 1.00
2017-08-22,1192460.5010290002,-0.444,GLD - 1.00
2017-08-23,1196903.6313700003,0.373,GLD - 1.00
2017-08-24,1193233.2403470003,-0.307,GLD - 1.00
2017-08-25,1197579.7613700002,0.364,GLD - 1.00
2017-08-28,1216414.8500060004,1.573,GLD - 1.00
2017-08-29,1213807.4213780004,-0.214,GLD - 1.00
2017-08-30,1213227.970352,-0.048,GLD - 1.00
2017-08-31,1227328.640694,1.162,GLD - 1.00
2017-09-01,1229646.30138,0.189,None - 0.00
2017-09-05,1229646.30138,0.00,XIV - 0.80
2017-09-06,1256139.9356580002,2.155,GLD - 1.00
2017-09-07,1269083.9243000003,1.03,GLD - 1.00
2017-09-08,1267515.08508,-0.124,GLD - 1.00
2017-09-11,1250062.1948850001,-1.377,None - 0.00
2017-09-12,1250062.1948850001,0.00,XIV - 1.00
2017-09-13,1293293.7048850001,3.458,XIV - 1.00
2017-09-14,1275948.1650730001,-1.341,XIV - 1.00
2017-09-15,1299578.6749850002,1.852,XIV - 1.00
2017-09-18,1355203.849938,4.28,XIV - 1.00
2017-09-19,1354755.4548850001,-0.033,XIV - 1.00
2017-09-20,1353410.1650970003,-0.099,XIV - 1.00
2017-09-21,1354605.9549910002,0.088,XIV - 1.00
2017-09-22,1345488.284991,-0.673,XIV - 1.00
2017-09-25,1344890.350043,-0.044,XIV - 1.00
2017-09-26,1358791.990043,1.034,XIV - 1.00
2017-09-27,1370300.3652050002,0.847,XIV - 1.00
2017-09-28,1389430.0548750001,1.396,XIV - 1.00
2017-09-29,1414833.110046,1.828,XIV - 1.00
2017-10-02,1441276.865226,1.869,XIV - 1.00
2017-10-03,1447550.479911,0.435,XIV - 1.00
2017-10-04,1446504.904848,-0.072,XIV - 1.00
2017-10-05,1491166.504974,3.088,XIV - 1.00
2017-10-06,1490270.6148380002,-0.06,XIV - 1.00
2017-10-09,1462497.079906,-1.864,XIV - 1.00
2017-10-10,1493412.529906,2.114,XIV - 1.00
2017-10-11,1524172.420042,2.06,XIV - 1.00
2017-10-12,1535070.6348290003,0.715,XIV - 1.00
2017-10-13,1562836.7297570002,1.809,XIV - 1.00
2017-10-16,1588806.1999070002,1.662,XIV - 1.00
2017-10-17,1586269.30483,-0.16,XIV - 1.00
2017-10-18,1592536.9499070002,0.395,XIV - 1.00
2017-10-19,1602982.290219,0.656,XIV - 1.00
2017-10-20,1630436.9899030002,1.713,XIV - 1.00
2017-10-23,1581055.0253080002,-3.029,XIV - 1.00
2017-10-24,1563295.5399280002,-1.123,XIV - 1.00
2017-10-25,1511505.7750030002,-3.313,XIV - 1.00
2017-10-26,1517926.1199340003,0.425,XIV - 1.00
2017-10-27,1602728.5199340002,5.587,XIV - 1.00
2017-10-30,1589746.335168,-0.81,XIV - 1.00
2017-10-31,1617950.7902450003,1.774,XIV - 1.00
2017-11-01,1608401.365166,-0.59,XIV - 1.00
2017-11-02,1625858.9053240002,1.085,XIV - 1.00
2017-11-03,1629439.794844,0.22,XIV - 1.00
2017-11-06,1643016.025168,0.833,XIV - 1.00
2017-11-07,1635109.500086,-0.481,XIV - 1.00
2017-11-08,1633170.074843,-0.119,XIV - 1.00
2017-11-09,1613178.555167,-1.224,XIV - 1.00
2017-11-10,1573190.260246,-2.479,XIV - 1.00
2017-11-13,1569011.290096,-0.266,XIV - 1.00
2017-11-14,1555877.3199460001,-0.837,XIV - 0.55
2017-11-15,1523369.688155,-2.089,XIV - 0.55
2017-11-16,1559814.8696420002,2.392,None - 0.00
2017-11-17,1559814.8696420002,0.00,XIV - 0.55
2017-11-20,1587634.1092070001,1.783,XIV - 0.55
2017-11-21,1619757.287033,2.023,XIV - 1.00
2017-11-22,1634298.364265,0.898,XIV - 1.00
2017-11-24,1641568.442775,0.445,XIV - 1.00
2017-11-27,1643849.0257589999,0.139,XIV - 1.00
2017-11-28,1665942.7685209997,1.344,XIV - 1.00
2017-11-29,1630312.7685209997,-2.139,XIV - 1.00
2017-11-30,1624753.3327759998,-0.341,XIV - 1.00
2017-12-01,1580987.4127759999,-2.694,XIV - 0.55
2017-12-04,1588202.0370919998,0.456,XIV - 0.55
2017-12-05,1591483.4814659997,0.207,GLD - 1.00
2017-12-06,1588209.9814659997,-0.206,GLD - 1.00
2017-12-07,1567519.8552759998,-1.303,None - 0.00
2017-12-08,1567519.8552759998,0.00,XIV - 0.55
2017-12-11,1597649.2376119997,1.922,XIV - 0.55
2017-12-12,1595449.4988999998,-0.138,XIV - 1.00
2017-12-13,1600616.3118169997,0.324,XIV - 0.55
2017-12-14,1605233.9260249995,0.288,XIV - 1.00
2017-12-15,1657160.4631399994,3.235,XIV - 0.55
2017-12-18,1670478.4114759993,0.804,XIV - 1.00
2017-12-19,1660625.4402919994,-0.59,XIV - 1.00
2017-12-20,1667919.0579239996,0.439,XIV - 0.55
2017-12-21,1674181.9879239993,0.375,XIV - 0.55
2017-12-22,1668990.2110679992,-0.31,XIV - 0.55
2017-12-26,1668286.7688639993,-0.042,XIV - 0.55
2017-12-27,1663361.5899719992,-0.295,XIV - 0.55
2017-12-28,1678104.4288099993,0.886,XIV - 0.55
2017-12-29,1662209.9658319992,-0.947,XIV - 0.55
2018-01-02,1693057.7605369994,1.856,XIV - 0.55
2018-01-03,1713430.0018659993,1.203,XIV - 0.55
2018-01-04,1716045.9494019994,0.153,XIV - 0.55
2018-01-05,1716320.9481459996,0.016,XIV - 1.00
2018-01-08,1736571.0731459998,1.18,XIV - 1.00
2018-01-09,1718074.083138,-1.065,XIV - 0.55
2018-01-10,1727423.986888,0.544,XIV - 0.55
2018-01-11,1732762.402704,0.309,XIV - 0.55
2018-01-12,1732625.848574,-0.008,XIV - 0.55
2018-01-16,1674946.169052,-3.329,XIV - 0.55
2018-01-17,1696736.005791,1.301,GLD - 1.00
2018-01-18,1693007.5524229999,-0.22,GLD - 1.00
2018-01-19,1700464.472475,0.44,GLD - 1.00
2018-01-22,1703527.2057389999,0.18,GLD - 1.00
2018-01-23,1711916.245791,0.492,GLD - 1.00
2018-01-24,1732554.5357360002,1.206,GLD - 1.00
2018-01-25,1721105.3424230001,-0.661,GLD - 1.00
2018-01-26,1722436.8223070002,0.077,GLD - 1.00
2018-01-29,1712850.6224810001,-0.557,GLD - 1.00
2018-01-30,1705527.4390560002,-0.428,GLD - 1.00
2018-01-31,1716846.02574,0.664,GLD - 1.00
2018-02-01,1722438.392315,0.326,GLD - 1.00
2018-02-02,1700070.7658030002,-1.299,GLD - 1.00
2018-02-05,1704331.885803,0.251,None - 0.00
2018-02-06,1704331.885803,0.00,VXX - 1.00
2018-02-07,1770831.656454,3.902,VXX - 1.00
2018-02-08,2190525.5151219997,23.70,VXX - 1.00
2018-02-09,1985991.2173479996,-9.337,VXX - 1.00
2018-02-12,1904249.3759459998,-4.116,VXX - 1.00
2018-02-13,1905428.8166299998,0.062,VXX - 1.00
2018-02-14,1683692.21663,-11.637,GLD - 1.00
2018-02-15,1685642.033612,0.116,GLD - 1.00
 Avg.profit = 54.579%, max DD = 31.67% (2016-01-22)
