2018-02-16,12.69
2018-02-15,12.91
2018-02-14,12.65
2018-02-13,11.29
2018-02-12,11.34
2018-02-09,10.86
2018-02-08,9.58
2018-02-07,12.33
2018-02-06,12.24
2018-02-05,71.82
2018-02-02,105.599998
2018-02-01,121.669998
2018-01-31,118.110001
2018-01-30,115.599998
2018-01-29,119.370003
2018-01-26,128.869995
2018-01-25,127.830002
2018-01-24,130
2018-01-23,133.479996
2018-01-22,135.919998
2018-01-19,132.770004
2018-01-18,132.300003
2018-01-17,132.839996
2018-01-16,129.740005
2018-01-12,138.190002
2018-01-11,138.210007
2018-01-10,137.429993
2018-01-09,136.070007
2018-01-08,137.550003
2018-01-05,135.929993
2018-01-04,135.889999
2018-01-03,135.509995
2018-01-02,132.580002
2017-12-29,128.210007
2017-12-28,130.479996
2017-12-27,128.389999
2017-12-26,129.089996
2017-12-22,129.190002
2017-12-21,129.929993
2017-12-20,129.039993
2017-12-19,128.470001
2017-12-18,129.240005
2017-12-15,127.360001
2017-12-14,123.330002
2017-12-13,122.68
2017-12-12,122.279999
2017-12-11,122.589996
2017-12-08,118.410004
2017-12-07,114.889999
2017-12-06,111.239998
2017-12-05,111.099998
2017-12-04,110.68
2017-12-01,109.760002
2017-11-30,112.830002
2017-11-29,113.220001
2017-11-28,115.720001
2017-11-27,114.169998
2017-11-24,114.010002
2017-11-22,113.5
2017-11-21,112.480003
2017-11-20,108.449997
2017-11-17,105.010002
2017-11-16,103.589996
2017-11-15,99.230003
2017-11-14,103.190002
2017-11-13,104.07
2017-11-10,104.349998
2017-11-09,107.029999
2017-11-08,108.370003
2017-11-07,108.5
2017-11-06,109.029999
2017-11-03,108.120003
2017-11-02,107.879997
2017-11-01,106.709999
2017-10-31,107.349998
2017-10-30,105.459999
2017-10-27,106.330002
2017-10-26,100.650002
2017-10-25,100.220001
2017-10-24,103.690002
2017-10-23,104.879997
2017-10-20,108.190002
2017-10-19,106.349998
2017-10-18,105.650002
2017-10-17,105.230003
2017-10-16,105.400002
2017-10-13,103.660004
2017-10-12,101.800003
2017-10-11,101.07
2017-10-10,99.010002
2017-10-09,96.940002
2017-10-06,98.800003
2017-10-05,98.860001
2017-10-04,95.870003
2017-10-03,95.940002
2017-10-02,95.519997
2017-09-29,93.75
2017-09-28,92.050003
2017-09-27,90.769997
2017-09-26,90
2017-09-25,89.07
2017-09-22,89.110001
2017-09-21,89.720001
2017-09-20,89.639999
2017-09-19,89.730003
2017-09-18,89.760002
2017-09-15,86.040001
2017-09-14,84.459999
2017-09-13,85.620003
2017-09-12,82.730003
2017-09-11,80.690002
2017-09-08,76.330002
2017-09-07,78.190002
2017-09-06,77.779999
2017-09-05,75.720001
2017-09-01,80.309998
2017-08-31,80.199997
2017-08-30,78
2017-08-29,77.610001
2017-08-28,78.470001
2017-08-25,77.959999
2017-08-24,75.669998
2017-08-23,77.919998
2017-08-22,78.870003
2017-08-21,73.470001
2017-08-18,70.660004
2017-08-17,68.239998
2017-08-16,81.830002
2017-08-15,81.220001
2017-08-14,80.82
2017-08-11,71.68
2017-08-10,74.93
2017-08-09,86.919998
2017-08-08,89.379997
2017-08-07,91.970001
2017-08-04,90.769997
2017-08-03,90.519997
2017-08-02,91.709999
2017-08-01,92
2017-07-31,90.949997
2017-07-28,90.220001
2017-07-27,91.160004
2017-07-26,92.010002
2017-07-25,92.089996
2017-07-24,92.519997
2017-07-21,90.959999
2017-07-20,90.230003
2017-07-19,89.379997
2017-07-18,88.410004
2017-07-17,87.220001
2017-07-14,85
2017-07-13,83.544998
2017-07-12,82.635002
2017-07-11,80.43
2017-07-10,80.084999
2017-07-07,78.18
2017-07-06,75.5
2017-07-05,79.5
2017-07-03,79.555
2017-06-30,80.635002
2017-06-29,79.18
2017-06-28,83.550003
2017-06-27,81.050003
2017-06-26,84.029999
2017-06-23,82.214996
2017-06-22,81.434998
2017-06-21,80.550003
2017-06-20,79.889999
2017-06-19,81.989998
2017-06-16,79.675003
2017-06-15,78.809998
2017-06-14,79.714996
2017-06-13,79.470001
2017-06-12,76.815002
2017-06-09,77.654999
2017-06-08,78.855003
2017-06-07,77.025002
2017-06-06,76.235001
2017-06-05,77.925003
2017-06-02,78.324997
2017-06-01,78.495003
2017-05-31,76.675003
2017-05-30,77.32
2017-05-26,76.745003
2017-05-25,75.445
2017-05-24,76.349998
2017-05-23,74.339996
2017-05-22,74.279999
2017-05-19,71.199997
2017-05-18,66.75
2017-05-17,65.025002
2017-05-16,79.555
2017-05-15,78.779999
2017-05-12,77.224998
2017-05-11,77.074997
2017-05-10,76.879997
2017-05-09,77.169998
2017-05-08,77.035004
2017-05-05,75.035004
2017-05-04,75.474998
2017-05-03,73.57
2017-05-02,75.089996
2017-05-01,75.394997
2017-04-28,72.525002
2017-04-27,72.550003
2017-04-26,71.775002
2017-04-25,72.57
2017-04-24,70.834999
2017-04-21,63.939999
2017-04-20,64.18
2017-04-19,62.555
2017-04-18,64.110001
2017-04-17,63.619999
2017-04-13,60.66
2017-04-12,61.810001
2017-04-11,62.040001
2017-04-10,65.089996
2017-04-07,67.449997
2017-04-06,70.014999
2017-04-05,68.805
2017-04-04,71.195
2017-04-03,70.230003
2017-03-31,70.574997
2017-03-30,71.885002
2017-03-29,72.224998
2017-03-28,71.949997
2017-03-27,68.264999
2017-03-24,66.910004
2017-03-23,65.654999
2017-03-22,67.959999
2017-03-21,68.315002
2017-03-20,71.025002
2017-03-17,71.074997
2017-03-16,70.220001
2017-03-15,68.75
2017-03-14,66.379997
2017-03-13,67.669998
2017-03-10,66.290001
2017-03-09,65.389999
2017-03-08,65.055
2017-03-07,65.535004
2017-03-06,65.589996
2017-03-03,64.394997
2017-03-02,62.490002
2017-03-01,62.650002
2017-02-28,61.25
2017-02-27,62.794998
2017-02-24,62.625
2017-02-23,61.799999
2017-02-22,63.470001
2017-02-21,63.740002
2017-02-17,64.525002
2017-02-16,64.650002
2017-02-15,64.989998
2017-02-14,67.470001
2017-02-13,64.684998
2017-02-10,62.700001
2017-02-09,61.709999
2017-02-08,60.439999
2017-02-07,60.264999
2017-02-06,60.744999
2017-02-03,60.68
2017-02-02,59.465
2017-02-01,59.955002
2017-01-31,58.924999
2017-01-30,58.654999
2017-01-27,60.369999
2017-01-26,59.66
2017-01-25,59.970001
2017-01-24,58.52
2017-01-23,55.924999
2017-01-20,55.474998
2017-01-19,53.384998
2017-01-18,54
2017-01-17,53.75
2017-01-13,53.599998
2017-01-12,53.744999
2017-01-11,53.720001
2017-01-10,52.575001
2017-01-09,52.23
2017-01-06,52.125
2017-01-05,51.43
2017-01-04,51.264999
2017-01-03,48.724998
2016-12-30,45.490002
2016-12-29,46.455002
2016-12-28,47.220001
2016-12-27,48.91
2016-12-23,48.290001
2016-12-22,48.029999
2016-12-21,48.900002
2016-12-20,48.134998
2016-12-19,47.220001
2016-12-16,45.580002
2016-12-15,45.040001
2016-12-14,44.395
2016-12-13,44.314999
2016-12-12,44.700001
2016-12-09,45.055
2016-12-08,44.564999
2016-12-07,44.695
2016-12-06,44.805
2016-12-05,43.41
2016-12-02,40.790001
2016-12-01,40.75
2016-11-30,42.334999
2016-11-29,42.450001
2016-11-28,42.16
2016-11-25,42.544998
2016-11-23,42.255001
2016-11-22,42.355
2016-11-21,42.584999
2016-11-18,40.73
2016-11-17,40.549999
2016-11-16,39.415001
2016-11-15,39.665001
2016-11-14,38.040001
2016-11-11,37.895
2016-11-10,37
2016-11-09,38.080002
2016-11-08,37.185001
2016-11-07,36.240002
2016-11-04,32.16
2016-11-03,32.235001
2016-11-02,34.075001
2016-11-01,34.915001
2016-10-31,35.91
2016-10-28,36.73
2016-10-27,38.375
2016-10-26,39.049999
2016-10-25,40.035
2016-10-24,40.470001
2016-10-21,39.09
2016-10-20,38.275002
2016-10-19,37.805
2016-10-18,36.955002
2016-10-17,35.505001
2016-10-14,35.355
2016-10-13,34.959999
2016-10-12,36.055
2016-10-11,36.09
2016-10-10,38.220001
2016-10-07,37.43
2016-10-06,37.48
2016-10-05,37.189999
2016-10-04,36.860001
2016-10-03,36.759998
2016-09-30,36.605
2016-09-29,35.009998
2016-09-28,37.360001
2016-09-27,36.959999
2016-09-26,35.09
2016-09-23,37.064999
2016-09-22,37.389999
2016-09-21,36.115002
2016-09-20,33.615002
2016-09-19,33.369999
2016-09-16,32.544998
2016-09-15,32.139999
2016-09-14,31.02
2016-09-13,30.715
2016-09-12,35.349998
2016-09-09,33.084999
2016-09-08,39.400002
2016-09-07,39.540001
2016-09-06,39.044998
2016-09-02,38.049999
2016-09-01,36.709999
2016-08-31,36.505001
2016-08-30,36.740002
2016-08-29,36.459999
2016-08-26,35.724998
2016-08-25,35.834999
2016-08-24,35.869999
2016-08-23,36.705002
2016-08-22,36.605
2016-08-19,36.720001
2016-08-18,36.91
2016-08-17,36.27
2016-08-16,35.369999
2016-08-15,36.619999
2016-08-12,36.055
2016-08-11,35.700001
2016-08-10,35.509998
2016-08-09,36.380001
2016-08-08,35.799999
2016-08-05,35.025002
2016-08-04,33.865002
2016-08-03,32.965
2016-08-02,32.139999
2016-08-01,33.395
2016-07-29,32.860001
2016-07-28,31.76
2016-07-27,31.190001
2016-07-26,30.514999
2016-07-25,30.219999
2016-07-22,30.035
2016-07-21,29.365
2016-07-20,30.235001
2016-07-19,29.385
2016-07-18,29.360001
2016-07-15,28.865
2016-07-14,28.725
2016-07-13,28.705
2016-07-12,28.24
2016-07-11,27.6
2016-07-08,27.605
2016-07-07,25.905001
2016-07-06,25.495001
2016-07-05,24.815001
2016-07-01,25.305
2016-06-30,24.530001
2016-06-29,23.844999
2016-06-28,22.715
2016-06-27,20.945
2016-06-24,21.5
2016-06-23,29.23
2016-06-22,26.68
2016-06-21,27.59
2016-06-20,27.77
2016-06-17,26.025
2016-06-16,25.985001
2016-06-15,25.305
2016-06-14,25.059999
2016-06-13,24.535
2016-06-10,28.875
2016-06-09,31.745001
2016-06-08,32.360001
2016-06-07,32.575001
2016-06-06,32.595001
2016-06-03,32.189999
2016-06-02,32.035
2016-06-01,31.17
2016-05-31,30.959999
2016-05-27,30.934999
2016-05-26,30.084999
2016-05-25,29.780001
2016-05-24,29.225
2016-05-23,28.115
2016-05-20,27.93
2016-05-19,26.99
2016-05-18,27.105
2016-05-17,26.99
2016-05-16,28.225
2016-05-13,26.965
2016-05-12,28
2016-05-11,27.68
2016-05-10,28.73
2016-05-09,27.379999
2016-05-06,26.780001
2016-05-05,25.620001
2016-05-04,25.575001
2016-05-03,25.905001
2016-05-02,27.15
2016-04-29,25.565001
2016-04-28,26.445
2016-04-27,28.110001
2016-04-26,27.32
2016-04-25,26.719999
2016-04-22,27.09
2016-04-21,26.43
2016-04-20,26.93
2016-04-19,27.075001
2016-04-18,27.315001
2016-04-15,25.705
2016-04-14,25.370001
2016-04-13,25.285
2016-04-12,24.07
2016-04-11,23.305
2016-04-08,23.66
2016-04-07,23.040001
2016-04-06,25.4
2016-04-05,23.82
2016-04-04,25.280001
2016-04-01,26
2016-03-31,25.264999
2016-03-30,25.440001
2016-03-29,24.83
2016-03-28,23.469999
2016-03-24,23.145
2016-03-23,23.025
2016-03-22,24.184999
2016-03-21,23.875
2016-03-18,23.225
2016-03-17,23.045
2016-03-16,22.389999
2016-03-15,21.605
2016-03-14,21.915001
2016-03-11,21.575001
2016-03-10,20.52
2016-03-09,20.17
2016-03-08,19.895
2016-03-07,20.705
2016-03-04,20.775
2016-03-03,21.030001
2016-03-02,20.379999
2016-03-01,20.045
2016-02-29,18.440001
2016-02-26,18.75
2016-02-25,19.030001
2016-02-24,18.389999
2016-02-23,18.285
2016-02-22,19.25
2016-02-19,18.215
2016-02-18,17.74
2016-02-17,17.700001
2016-02-16,17.035
2016-02-12,16.290001
2016-02-11,15.615
2016-02-10,16.625
2016-02-09,16.754999
2016-02-08,16.879999
2016-02-05,17.735001
2016-02-04,18.465
2016-02-03,18.67
2016-02-02,18.43
2016-02-01,19.780001
2016-01-29,19.559999
2016-01-28,18.809999
2016-01-27,18.190001
2016-01-26,18.965
2016-01-25,18.105
2016-01-22,19.094999
2016-01-21,17.625
2016-01-20,17.555
2016-01-19,18.004999
2016-01-15,18.014999
2016-01-14,20.014999
2016-01-13,19.299999
2016-01-12,21.504999
2016-01-11,20.52
2016-01-08,19.934999
2016-01-07,21.17
2016-01-06,23.695
2016-01-05,24.43
2016-01-04,23.629999
2015-12-31,25.225
2015-12-30,25.855
2015-12-29,26.700001
2015-12-28,26.200001
2015-12-24,25.92
2015-12-23,26.405001
2015-12-22,25.825001
2015-12-21,24.615
2015-12-18,23.59
2015-12-17,25.6
2015-12-16,26.690001
2015-12-15,25.030001
2015-12-14,24.01
2015-12-11,22.57
2015-12-10,26.495001
2015-12-09,26.834999
2015-12-08,28.02
2015-12-07,28.870001
2015-12-04,29.705
2015-12-03,27.1
2015-12-02,29.25
2015-12-01,30.450001
2015-11-30,29.209999
2015-11-27,29.040001
2015-11-25,29.32
2015-11-24,28.93
2015-11-23,29.08
2015-11-20,28.325001
2015-11-19,27.415001
2015-11-18,28.360001
2015-11-17,26.5
2015-11-16,28.08
2015-11-13,25.48
2015-11-12,27.370001
2015-11-11,29.99
2015-11-10,30.700001
2015-11-09,29.870001
2015-11-06,31.594999
2015-11-05,30.950001
2015-11-04,30.344999
2015-11-03,31.370001
2015-11-02,31.99
2015-10-30,30.424999
2015-10-29,30.93
2015-10-28,31.360001
2015-10-27,30.459999
2015-10-26,29.875
2015-10-23,30.860001
2015-10-22,31.275
2015-10-21,28.879999
2015-10-20,30.985001
2015-10-19,32.25
2015-10-16,30.08
2015-10-15,29.85
2015-10-14,27.84
2015-10-13,28.504999
2015-10-12,30.205
2015-10-09,28.440001
2015-10-08,28.440001
2015-10-07,27.1
2015-10-06,26.5
2015-10-05,26.825001
2015-10-02,25.375
2015-10-01,24.115
2015-09-30,23.82
2015-09-29,22.745001
2015-09-28,22.780001
2015-09-25,24.545
2015-09-24,25.195
2015-09-23,25.82
2015-09-22,25.35
2015-09-21,27.145
2015-09-18,25.389999
2015-09-17,28.75
2015-09-16,28.76
2015-09-15,27.135
2015-09-14,24.635
2015-09-11,24.690001
2015-09-10,24.139999
2015-09-09,23.540001
2015-09-08,24.115
2015-09-04,22.200001
2015-09-03,23.959999
2015-09-02,23.945
2015-09-01,21.440001
2015-08-31,25.030001
2015-08-28,26.059999
2015-08-27,27.4
2015-08-26,28.01
2015-08-25,25.58
2015-08-24,28.870001
2015-08-21,35.195
2015-08-20,42.084999
2015-08-19,45.924999
2015-08-18,46.834999
2015-08-17,47.395
2015-08-14,46.830002
2015-08-13,46.720001
2015-08-12,46.220001
2015-08-11,46.154999
2015-08-10,48.380001
2015-08-07,46.639999
2015-08-06,46.165001
2015-08-05,47.919998
2015-08-04,47.485001
2015-08-03,47.764999
2015-07-31,47.009998
2015-07-30,46.970001
2015-07-29,46.610001
2015-07-28,45.93
2015-07-27,42.77
2015-07-24,45.134998
2015-07-23,46.759998
2015-07-22,47.294998
2015-07-21,47.084999
2015-07-20,46.73
2015-07-17,46.560001
2015-07-16,46.240002
2015-07-15,43.235001
2015-07-14,43.154999
2015-07-13,42.84
2015-07-10,39.014999
2015-07-09,36.34
2015-07-08,36.669998
2015-07-07,40.755001
2015-07-06,38.73
2015-07-02,39.735001
2015-07-01,42.369999
2015-06-30,39.529999
2015-06-29,39.720001
2015-06-26,47.564999
2015-06-25,47.299999
2015-06-24,47.724998
2015-06-23,48.700001
2015-06-22,47.445
2015-06-19,45.555
2015-06-18,45.965
2015-06-17,44.665001
2015-06-16,44.555
2015-06-15,43.759998
2015-06-12,45.775002
2015-06-11,46.439999
2015-06-10,45.384998
2015-06-09,43.514999
2015-06-08,42.994999
2015-06-05,43.91
2015-06-04,43.215
2015-06-03,44.75
2015-06-02,44.02
2015-06-01,44.700001
2015-05-29,44.25
2015-05-28,44.595001
2015-05-27,45.025002
2015-05-26,43.404999
2015-05-22,45.16
2015-05-21,45.25
2015-05-20,44.025002
2015-05-19,44.145
2015-05-18,43.575001
2015-05-15,42.150002
2015-05-14,41.82
2015-05-13,40.985001
2015-05-12,40.275002
2015-05-11,40.099998
2015-05-08,41.224998
2015-05-07,39.169998
2015-05-06,38.865002
2015-05-05,39.525002
2015-05-04,40.935001
2015-05-01,40.98
2015-04-30,39.09
2015-04-29,40.200001
2015-04-28,41.334999
2015-04-27,39.959999
2015-04-24,41.154999
2015-04-23,40.755001
2015-04-22,40.369999
2015-04-21,39.904999
2015-04-20,39.939999
2015-04-17,38.595001
2015-04-16,40.005001
2015-04-15,39.224998
2015-04-14,38.375
2015-04-13,37.955002
2015-04-10,39.169998
2015-04-09,37.43
2015-04-08,36.220001
2015-04-07,35.560001
2015-04-06,35.494999
2015-04-02,34.720001
2015-04-01,34.009998
2015-03-31,34.02
2015-03-30,34.869999
2015-03-27,33.865002
2015-03-26,33.450001
2015-03-25,33.18
2015-03-24,34.740002
2015-03-23,34.599998
2015-03-20,33.990002
2015-03-19,33.43
2015-03-18,33.494999
2015-03-17,32.084999
2015-03-16,31.93
2015-03-13,31.190001
2015-03-12,31.92
2015-03-11,30.129999
2015-03-10,30.9
2015-03-09,31.940001
2015-03-06,31.49
2015-03-05,32.965
2015-03-04,32.57
2015-03-03,32.490002
2015-03-02,33.23
2015-02-27,32.165001
2015-02-26,31.965
2015-02-25,31.610001
2015-02-24,31.860001
2015-02-23,30.559999
2015-02-20,30.709999
2015-02-19,29.695
2015-02-18,28.975
2015-02-17,28.780001
2015-02-13,28.870001
2015-02-12,28.504999
2015-02-11,26.815001
2015-02-10,27.004999
2015-02-09,26.030001
2015-02-06,26.16
2015-02-05,27.309999
2015-02-04,26.405001
2015-02-03,27.190001
2015-02-02,25.934999
2015-01-30,24.424999
2015-01-29,27.26
2015-01-28,26.629999
2015-01-27,29.15
2015-01-26,30.615
2015-01-23,29.299999
2015-01-22,30.084999
2015-01-21,28.245001
2015-01-20,26.959999
2015-01-16,26.709999
2015-01-15,26.24
2015-01-14,27.049999
2015-01-13,27.559999
2015-01-12,28.379999
2015-01-09,29.83
2015-01-08,30.969999
2015-01-07,29.16
2015-01-06,28.24
2015-01-05,28.98
2015-01-02,31.135
2014-12-31,30.58
2014-12-30,33.314999
2014-12-29,34.165001
2014-12-26,34.110001
2014-12-24,34.439999
2014-12-23,34.185001
2014-12-22,34.25
2014-12-19,32.66
2014-12-18,32.424999
2014-12-17,31.415001
2014-12-16,28.785
2014-12-15,30.18
2014-12-12,29.5
2014-12-11,31.280001
2014-12-10,33.419998
2014-12-09,37.240002
2014-12-08,37.709999
2014-12-05,39.27
2014-12-04,38.639999
2014-12-03,38.689999
2014-12-02,38.099998
2014-12-01,36.189999
2014-11-28,37.799999
2014-11-26,38.849998
2014-11-25,38.25
2014-11-24,37.945
2014-11-21,37.169998
2014-11-20,36.435001
2014-11-19,36.055
2014-11-18,36.98
2014-11-17,36.299999
2014-11-14,36.25
2014-11-13,36.360001
2014-11-12,36.810001
2014-11-11,37.290001
2014-11-10,37.240002
2014-11-07,35.900002
2014-11-06,35.389999
2014-11-05,34.529999
2014-11-04,34.080002
2014-11-03,33.84
2014-10-31,34.41
2014-10-30,33.529999
2014-10-29,33.689999
2014-10-28,34.290001
2014-10-27,32.150002
2014-10-24,31.715
2014-10-23,31.379999
2014-10-22,29.52
2014-10-21,32.115002
2014-10-20,29.9
2014-10-17,27.754999
2014-10-16,26.629999
2014-10-15,27.795
2014-10-14,28.355
2014-10-13,28.174999
2014-10-10,31.23
2014-10-09,35.119999
2014-10-08,38.720001
2014-10-07,35.810001
2014-10-06,38.525002
2014-10-03,39.209999
2014-10-02,36.970001
2014-10-01,36.689999
2014-09-30,37.470001
2014-09-29,38.040001
2014-09-26,39.950001
2014-09-25,38.625
2014-09-24,41.759998
2014-09-23,40.5
2014-09-22,42.060001
2014-09-19,43.57
2014-09-18,43.595001
2014-09-17,42.974998
2014-09-16,42.599998
2014-09-15,40.645
2014-09-12,41.715
2014-09-11,42.645
2014-09-10,42.525002
2014-09-09,42.23
2014-09-08,43.419998
2014-09-05,43.505001
2014-09-04,42.645
2014-09-03,42.724998
2014-09-02,42.23
2014-08-29,42.514999
2014-08-28,42.235001
2014-08-27,42.955002
2014-08-26,43.215
2014-08-25,43.625
2014-08-22,43.209999
2014-08-21,43.035
2014-08-20,43.139999
2014-08-19,43.470001
2014-08-18,43.09
2014-08-15,41.474998
2014-08-14,41.465
2014-08-13,40.200001
2014-08-12,38.049999
2014-08-11,37.810001
2014-08-08,36.314999
2014-08-07,34.994999
2014-08-06,35.73
2014-08-05,35.869999
2014-08-04,38.564999
2014-08-01,37.005001
2014-07-31,38.91
2014-07-30,42.544998
2014-07-29,43.264999
2014-07-28,43.154999
2014-07-25,42.959999
2014-07-24,44.294998
2014-07-23,43.98
2014-07-22,44.380001
2014-07-21,43.52
2014-07-18,44.549999
2014-07-17,41.549999
2014-07-16,45.884998
2014-07-15,44.759998
2014-07-14,45.605
2014-07-11,44.43
2014-07-10,43.889999
2014-07-09,45.52
2014-07-08,44.634998
2014-07-07,45.349998
2014-07-03,46.349998
2014-07-02,45.705002
2014-07-01,45.255001
2014-06-30,44.134998
2014-06-27,43.695
2014-06-26,43.330002
2014-06-25,43.845001
2014-06-24,42.25
2014-06-23,43.860001
2014-06-20,42.810001
2014-06-19,43.415001
2014-06-18,43.59
2014-06-17,41.330002
2014-06-16,40.02
2014-06-13,39.955002
2014-06-12,39.27
2014-06-11,41.299999
2014-06-10,42.235001
2014-06-09,41.5
2014-06-06,42.055
2014-06-05,40.049999
2014-06-04,38.695
2014-06-03,38.290001
2014-06-02,38.459999
2014-05-30,38.195
2014-05-29,38.130001
2014-05-28,37.994999
2014-05-27,37.889999
2014-05-23,36.755001
2014-05-22,36.474998
2014-05-21,36.439999
2014-05-20,35.915001
2014-05-19,35.605
2014-05-16,35.18
2014-05-15,34.345001
2014-05-14,34.759998
2014-05-13,34.564999
2014-05-12,34.645
2014-05-09,33.674999
2014-05-08,32.945
2014-05-07,33.040001
2014-05-06,32.360001
2014-05-05,32.650002
2014-05-02,32.325001
2014-05-01,32.145
2014-04-30,32.110001
2014-04-29,32.154999
2014-04-28,31.584999
2014-04-25,30.915001
2014-04-24,31.139999
2014-04-23,31.51
2014-04-22,31.674999
2014-04-21,31.59
2014-04-17,30.995001
2014-04-16,30.555
2014-04-15,29.51
2014-04-14,29.184999
2014-04-11,28.945
2014-04-10,29.879999
2014-04-09,31.785
2014-04-08,31.045
2014-04-07,30.49
2014-04-04,31.18
2014-04-03,31.855
2014-04-02,31.809999
2014-04-01,32.035
2014-03-31,30.985001
2014-03-28,30.055
2014-03-27,29.754999
2014-03-26,29.379999
2014-03-25,29.924999
2014-03-24,29.540001
2014-03-21,29.620001
2014-03-20,29.84
2014-03-19,29.639999
2014-03-18,30.225
2014-03-17,29.139999
2014-03-14,27.885
2014-03-13,28.674999
2014-03-12,29.915001
2014-03-11,29.865
2014-03-10,30.295
2014-03-07,30.135
2014-03-06,30.85
2014-03-05,30.625
2014-03-04,30.66
2014-03-03,28.865
2014-02-28,30.6
2014-02-27,31.115
2014-02-26,31.025
2014-02-25,31.440001
2014-02-24,31.459999
2014-02-21,31.24
2014-02-20,31.549999
2014-02-19,30.389999
2014-02-18,32.615002
2014-02-14,32.200001
2014-02-13,31.73
2014-02-12,31.48
2014-02-11,30.855
2014-02-10,29.73
2014-02-07,29.76
2014-02-06,28.08
2014-02-05,25.59
2014-02-04,26.535
2014-02-03,26.110001
2014-01-31,28.129999
2014-01-30,30.43
2014-01-29,30.014999
2014-01-28,32.16
2014-01-27,30.905001
2014-01-24,31.695
2014-01-23,34.845001
2014-01-22,35.814999
2014-01-21,35.272499
2014-01-17,34.877499
2014-01-16,34.9375
2014-01-15,35.119999
2014-01-14,35.232498
2014-01-13,33.8825
2014-01-10,35.099998
2014-01-09,34.294998
2014-01-08,34.384998
2014-01-07,34.442501
2014-01-06,33.654999
2014-01-03,33.2575
2014-01-02,33.057499
2013-12-31,33.735001
2013-12-30,33.715
2013-12-27,34.244999
2013-12-26,34.752499
2013-12-24,34.1525
2013-12-23,33.5075
2013-12-20,32.334999
2013-12-19,32.505001
2013-12-18,32.8325
2013-12-17,30.6675
2013-12-16,30.584999
2013-12-13,30.592501
2013-12-12,30.6625
2013-12-11,30.795
2013-12-10,32.3125
2013-12-09,32.4725
2013-12-06,32.237499
2013-12-05,31.147499
2013-12-04,31.389999
2013-12-03,31.0525
2013-12-02,31.879999
2013-11-29,32.122501
2013-11-27,32.512501
2013-11-26,32.529999
2013-11-25,32.715
2013-11-22,32.849998
2013-11-21,32.407501
2013-11-20,31.33
2013-11-19,30.715
2013-11-18,31.09
2013-11-15,31.135
2013-11-14,30.727501
2013-11-13,30.372499
2013-11-12,30.2675
2013-11-11,30.205
2013-11-08,30.0625
2013-11-07,28.897499
2013-11-06,29.945
2013-11-05,29.49
2013-11-04,29.385
2013-11-01,28.672501
2013-10-31,28.497499
2013-10-30,28.3475
2013-10-29,28.7225
2013-10-28,28.4725
2013-10-25,28.6875
2013-10-24,28.5725
2013-10-23,28.182501
2013-10-22,28.3825
2013-10-21,28.43
2013-10-18,28.5825
2013-10-17,28.452499
2013-10-16,26.860001
2013-10-15,24.01
2013-10-14,25.5825
2013-10-11,25.91
2013-10-10,25.389999
2013-10-09,23.1875
2013-10-08,22.405001
2013-10-07,23.577499
2013-10-04,25.4625
2013-10-03,25.3675
2013-10-02,26.3825
2013-10-01,27.200001
2013-09-30,26.285
2013-09-27,27.299999
2013-09-26,28.445
2013-09-25,27.9575
2013-09-24,27.7875
2013-09-23,27.764999
2013-09-20,28.045
2013-09-19,28.625
2013-09-18,28.514999
2013-09-17,27.455
2013-09-16,27.145
2013-09-13,26.9825
2013-09-12,26.5
2013-09-11,26.9575
2013-09-10,26.120001
2013-09-09,25.202499
2013-09-06,24.305
2013-09-05,24.4925
2013-09-04,23.9175
2013-09-03,23.852501
2013-08-30,23.0375
2013-08-29,23.307501
2013-08-28,23.76
2013-08-27,23.74
2013-08-26,25.855
2013-08-23,26.790001
2013-08-22,26.182501
2013-08-21,25.540001
2013-08-20,26.02
2013-08-19,25.852501
2013-08-16,26.502501
2013-08-15,26.0275
2013-08-14,27.42
2013-08-13,27.737499
2013-08-12,27.422501
2013-08-09,27.309999
2013-08-08,27.6675
2013-08-07,27.25
2013-08-06,27.6
2013-08-05,28.440001
2013-08-02,28.120001
2013-08-01,27.405001
2013-07-31,26.549999
2013-07-30,25.9575
2013-07-29,25.5175
2013-07-26,25.8125
2013-07-25,25.754999
2013-07-24,25.172501
2013-07-23,25.467501
2013-07-22,25.355
2013-07-19,24.772499
2013-07-18,24.254999
2013-07-17,23.860001
2013-07-16,23.094999
2013-07-15,23.7425
2013-07-12,23.252501
2013-07-11,23.487499
2013-07-10,22.834999
2013-07-09,22.627501
2013-07-08,22.15
2013-07-05,21.252501
2013-07-03,20.215
2013-07-02,19.9175
2013-07-01,20.262501
2013-06-28,19.612499
2013-06-27,19.5075
2013-06-26,18.762501
2013-06-25,18.33
2013-06-24,17.8675
2013-06-21,18.9575
2013-06-20,18.3475
2013-06-19,20.6325
2013-06-18,20.690001
2013-06-17,20.372499
2013-06-14,20.075001
2013-06-13,20.605
2013-06-12,19.67
2013-06-11,20.922501
2013-06-10,22.372499
2013-06-07,22.137501
2013-06-06,21.127501
2013-06-05,20.887501
2013-06-04,21.872499
2013-06-03,22.112499
2013-05-31,22.025
2013-05-30,22.875
2013-05-29,22.852501
2013-05-28,23.1975
2013-05-24,22.57
2013-05-23,22.547501
2013-05-22,22.762501
2013-05-21,23.0275
2013-05-20,23.195
2013-05-17,23.514999
2013-05-16,22.907499
2013-05-15,23.157499
2013-05-14,23.317499
2013-05-13,23.1425
2013-05-10,22.967501
2013-05-09,22.754999
2013-05-08,23.1975
2013-05-07,23.325001
2013-05-06,23.1425
2013-05-03,22.762501
2013-05-02,22.285
2013-05-01,21.51
2013-04-30,22.495001
2013-04-29,22.2675
2013-04-26,22.147499
2013-04-25,22.165001
2013-04-24,22.432501
2013-04-23,22.4475
2013-04-22,21.41
2013-04-19,20.842501
2013-04-18,19.5525
2013-04-17,20.610001
2013-04-16,23.112499
2013-04-15,22.125
2013-04-12,25.025
2013-04-11,24.5875
2013-04-10,24.452499
2013-04-09,23.855
2013-04-08,23.5275
2013-04-05,22.9475
2013-04-04,23.0375
2013-04-03,22.6525
2013-04-02,23.514999
2013-04-01,22.795
2013-03-28,22.77
2013-03-27,22.815001
2013-03-26,22.995001
2013-03-25,22.3475
2013-03-22,22.1425
2013-03-21,22.07
2013-03-20,22.752501
2013-03-19,21.5375
2013-03-18,21.6325
2013-03-15,22.8125
2013-03-14,22.7925
2013-03-13,22.372499
2013-03-12,22.247499
2013-03-11,22.647499
2013-03-08,21.737499
2013-03-07,21.455
2013-03-06,21.01
2013-03-05,21.1425
2013-03-04,20.4825
2013-03-01,19.475
2013-02-28,19.780001
2013-02-27,20.377501
2013-02-26,19.155001
2013-02-25,18.834999
2013-02-22,21.895
2013-02-21,21.18
2013-02-20,21.377501
2013-02-19,23.684999
2013-02-15,22.7325
2013-02-14,22.557501
2013-02-13,22.245001
2013-02-12,22.325001
2013-02-11,22.0375
2013-02-08,21.7325
2013-02-07,21.3225
2013-02-06,21.247499
2013-02-05,21.15
2013-02-04,20.27
2013-02-01,21.682501
2013-01-31,20.639999
2013-01-30,20.735001
2013-01-29,22.127501
2013-01-28,21.450001
2013-01-25,22.07
2013-01-24,22.24
2013-01-23,22.372499
2013-01-22,21.805
2013-01-18,21.16
2013-01-17,19.91
2013-01-16,20.0525
2013-01-15,19.612499
2013-01-14,19.620001
2013-01-11,19.285
2013-01-10,19.227501
2013-01-09,18.76
2013-01-08,18.7875
2013-01-07,18.575001
2013-01-04,18.5825
2013-01-03,18.2125
2013-01-02,18.365
2012-12-31,16.362499
2012-12-28,15.4625
2012-12-27,16.3025
2012-12-26,16.3125
2012-12-24,17.237499
2012-12-21,16.924999
2012-12-20,18.112499
2012-12-19,18.540001
2012-12-18,19.709999
2012-12-17,19
2012-12-14,18.379999
2012-12-13,18.502501
2012-12-12,18.862499
2012-12-11,19.342501
2012-12-10,18.727501
2012-12-07,18.9575
2012-12-06,18.327499
2012-12-05,18.5425
2012-12-04,18.24
2012-12-03,18.59
2012-11-30,18.942499
2012-11-29,19.32
2012-11-28,19.0625
2012-11-27,18.557501
2012-11-26,18.977501
2012-11-23,18.8225
2012-11-21,18.035
2012-11-20,18.155001
2012-11-19,17.865
2012-11-16,16.455
2012-11-15,15.7275
2012-11-14,15.9
2012-11-13,16.4575
2012-11-12,16.4925
2012-11-09,15.4925
2012-11-08,15.4825
2012-11-07,15.615
2012-11-06,16.965
2012-11-05,16.397499
2012-11-02,16.719999
2012-11-01,17.17
2012-10-31,15.8875
2012-10-26,16.235001
2012-10-25,16.192499
2012-10-24,15.785
2012-10-23,15.92
2012-10-22,17.309999
2012-10-19,17.09
2012-10-18,18.237499
2012-10-17,18.2125
2012-10-16,17.9725
2012-10-15,17.58
2012-10-12,17
2012-10-11,17.110001
2012-10-10,16.9475
2012-10-09,16.7575
2012-10-08,17.52
2012-10-05,17.717501
2012-10-04,17.487499
2012-10-03,17.078751
2012-10-02,17.016251
2012-10-01,16.682501
2012-09-28,16.842501
2012-09-27,17.36875
2012-09-26,15.9075
2012-09-25,16.57
2012-09-24,17.908751
2012-09-21,17.671249
2012-09-20,17.565001
2012-09-19,17.3925
2012-09-18,17.362499
2012-09-17,16.918751
2012-09-14,16.8325
2012-09-13,17.43
2012-09-12,16.25
2012-09-11,15.835
2012-09-10,15.76375
2012-09-07,16.715
2012-09-06,15.8225
2012-09-05,14.30875
2012-09-04,13.95875
2012-08-31,13.81625
2012-08-30,13.415
2012-08-29,13.6975
2012-08-28,13.765
2012-08-27,14.02875
2012-08-24,14.10875
2012-08-23,13.56875
2012-08-22,13.8575
2012-08-21,13.96
2012-08-20,14.34875
2012-08-17,14.3375
2012-08-16,13.96625
2012-08-15,13.6925
2012-08-14,13.69
2012-08-13,14.43625
2012-08-10,14.0525
2012-08-09,13.80625
2012-08-08,13.75125
2012-08-07,13.2125
2012-08-06,13.61125
2012-08-03,13.3075
2012-08-02,12.4375
2012-08-01,12.165
2012-07-31,11.9075
2012-07-30,12.27125
2012-07-27,12.5325
2012-07-26,12.235
2012-07-25,11.35375
2012-07-24,11.2425
2012-07-23,11.68625
2012-07-20,12.5625
2012-07-19,13.26875
2012-07-18,12.97375
2012-07-17,13.115
2012-07-16,12.66125
2012-07-13,12.52125
2012-07-12,11.82875
2012-07-11,11.94375
2012-07-10,11.59875
2012-07-09,11.93
2012-07-06,11.81125
2012-07-05,11.73
2012-07-03,12.17875
2012-07-02,11.93875
2012-06-29,11.22875
2012-06-28,10.5175
2012-06-27,10.195
2012-06-26,10.29
2012-06-25,9.96625
2012-06-22,10.76
2012-06-21,9.73
2012-06-20,11.06125
2012-06-19,10.62
2012-06-18,10.43375
2012-06-15,9.615
2012-06-14,9.24875
2012-06-13,8.69125
2012-06-12,9.17
2012-06-11,9.055
2012-06-08,9.91625
2012-06-07,9.41375
2012-06-06,9.3175
2012-06-05,8.675
2012-06-04,8.51375
2012-06-01,8.16375
2012-05-31,8.9
2012-05-30,9.0725
2012-05-29,9.7275
2012-05-25,9.30375
2012-05-24,9.1875
2012-05-23,9.27
2012-05-22,9.095
2012-05-21,9.47625
2012-05-18,8.55
2012-05-17,9.165
2012-05-16,9.6275
2012-05-15,10
2012-05-14,10.51
2012-05-11,11.17
2012-05-10,11.3525
2012-05-09,11
2012-05-08,11.455
2012-05-07,11.5525
2012-05-04,11.3925
2012-05-03,11.92625
2012-05-02,12.185
2012-05-01,12.275
2012-04-30,11.92125
2012-04-27,12.195
2012-04-26,12.1675
2012-04-25,11.77
2012-04-24,11.0775
2012-04-23,10.835
2012-04-20,11.19875
2012-04-19,10.845
2012-04-18,10.92625
2012-04-17,11.125
2012-04-16,10.55
2012-04-13,10.3875
2012-04-12,11.0725
2012-04-11,10.17625
2012-04-10,9.92875
2012-04-09,10.80625
2012-04-05,11.50625
2012-04-04,11.775
2012-04-03,12.05875
2012-04-02,12.27625
2012-03-30,12.26625
2012-03-29,11.98125
2012-03-28,11.90875
2012-03-27,12.06125
2012-03-26,13.37625
2012-03-23,12.215
2012-03-22,11.4175
2012-03-21,11.575
2012-03-20,11.0425
2012-03-19,10.56625
2012-03-16,9.955
2012-03-15,9.9275
2012-03-14,9.79875
2012-03-13,10.15
2012-03-12,9.6925
2012-03-09,9.2725
2012-03-08,9.09
2012-03-07,8.75625
2012-03-06,8.35125
2012-03-05,9.0625
2012-03-02,9.045
2012-03-01,9.10625
2012-02-29,8.9325
2012-02-28,8.795
2012-02-27,8.70625
2012-02-24,8.77625
2012-02-23,9.125
2012-02-22,8.55875
2012-02-21,8.34125
2012-02-17,8.335
2012-02-16,8.2125
2012-02-15,7.92375
2012-02-14,8.41625
2012-02-13,8.71
2012-02-10,8.0275
2012-02-09,8.82375
2012-02-08,9.29625
2012-02-07,9.50125
2012-02-06,9.57125
2012-02-03,9.4775
2012-02-02,8.995
2012-02-01,8.73125
2012-01-31,8.515
2012-01-30,8.5
2012-01-27,8.7775
2012-01-26,8.5625
2012-01-25,8.5975
2012-01-24,8.22625
2012-01-23,8.2675
2012-01-20,8.06625
2012-01-19,7.83125
2012-01-18,7.6225
2012-01-17,7.35875
2012-01-13,7.2975
2012-01-12,7.4875
2012-01-11,7.385
2012-01-10,7.5125
2012-01-09,7.37
2012-01-06,7.27
2012-01-05,7.15375
2012-01-04,6.98875
2012-01-03,6.86125
2011-12-30,6.535
2011-12-29,6.62875
2011-12-28,6.465
2011-12-27,6.75375
2011-12-23,6.7125
2011-12-22,6.8725
2011-12-21,6.905
2011-12-20,6.465
2011-12-19,6.0875
2011-12-16,6.04375
2011-12-15,5.995
2011-12-14,5.78
2011-12-13,5.7775
2011-12-12,5.765
2011-12-09,5.8075
2011-12-08,5.435
2011-12-07,5.695
2011-12-06,5.87625
2011-12-05,5.8525
2011-12-02,5.845
2011-12-01,5.81875
2011-11-30,5.7025
2011-11-29,5.2225
2011-11-28,5.12625
2011-11-25,4.90625
2011-11-23,4.9725
2011-11-22,5.20875
2011-11-21,5.105
2011-11-18,5.15625
2011-11-17,4.99625
2011-11-16,5.24875
2011-11-15,5.51125
2011-11-14,5.455
2011-11-11,5.59375
2011-11-10,5.3625
2011-11-09,5.0525
2011-11-08,6.25125
2011-11-07,5.965
2011-11-04,5.92625
2011-11-03,6.045
2011-11-02,5.76375
2011-11-01,5.57875
2011-10-31,6.555
2011-10-28,7.3475
2011-10-27,7.22875
2011-10-26,6.39
2011-10-25,6.1825
2011-10-24,6.6325
2011-10-21,6.23125
2011-10-20,5.93875
2011-10-19,5.99
2011-10-18,6.4175
2011-10-17,6.2025
2011-10-14,6.96875
2011-10-13,6.53375
2011-10-12,6.58625
2011-10-11,6.1575
2011-10-10,6.075
2011-10-07,5.83625
2011-10-06,5.79125
2011-10-05,5.67375
2011-10-04,5.2625
