2017-10-06,123.589996
2017-10-05,123.940002
2017-10-04,124.410004
2017-10-03,124.400002
2017-10-02,124.279999
2017-09-29,124.760002
2017-09-28,124.480003
2017-09-27,124.849998
2017-09-26,126.760002
2017-09-25,126.989998
2017-09-22,126.199997
2017-09-21,125.839996
2017-09-20,125.910004
2017-09-19,125.82
2017-09-18,126.129997
2017-09-15,126.860001
2017-09-14,126.809998
2017-09-13,126.290001
2017-09-12,126.790001
2017-09-11,127.459999
2017-09-08,129
2017-09-07,129.279999
2017-09-06,127.970001
2017-09-05,128.759995
2017-09-01,126.75
2017-08-31,127.726997
2017-08-30,127.347778
2017-08-29,127.387695
2017-08-28,126.978539
2017-08-25,127.058372
2017-08-24,126.569382
2017-08-23,127.038422
2017-08-22,126.180183
2017-08-21,126.669174
2017-08-18,126.359818
2017-08-17,126.389755
2017-08-16,125.451683
2017-08-15,124.99263
2017-08-14,125.521538
2017-08-11,126.170204
2017-08-10,126.110329
2017-08-09,125.042526
2017-08-08,124.363922
2017-08-07,124.812996
2017-08-04,124.673286
2017-08-03,125.741089
2017-08-02,124.453735
2017-08-01,124.383881
2017-07-31,123.51667
2017-07-28,123.367294
2017-07-27,122.640388
2017-07-26,123.247803
2017-07-25,123.048645
2017-07-24,124.671768
2017-07-21,125.159714
2017-07-20,124.631943
2017-07-19,124.273468
2017-07-18,124.223671
2017-07-17,123.148224
2017-07-14,122.809662
2017-07-13,122.660294
2017-07-12,123.437004
2017-07-11,122.590591
2017-07-10,122.381477
2017-07-07,122.20224
2017-07-06,122.93911
2017-07-05,123.964767
2017-07-03,123.934891
2017-06-30,124.335197
2017-06-29,124.623383
2017-06-28,125.676735
2017-06-27,126.094093
2017-06-26,127.455498
2017-06-23,126.978508
2017-06-22,127.038132
2017-06-21,126.759895
2017-06-20,126.501526
2017-06-19,125.378616
2017-06-16,125.55748
2017-06-15,125.309052
2017-06-14,125.507797
2017-06-13,123.599838
2017-06-12,123.579971
2017-06-09,123.619713
2017-06-08,123.808517
2017-06-07,124.136452
2017-06-06,124.732689
2017-06-05,124.056946
2017-06-02,124.832062
2017-06-01,123.371284
2017-05-31,123.358368
2017-05-30,123.050957
2017-05-26,122.446068
2017-05-25,122.237823
2017-05-24,122.198166
2017-05-23,121.513939
2017-05-22,122.336983
2017-05-19,122.674133
2017-05-18,122.386559
2017-05-17,122.247734
2017-05-16,120.492561
2017-05-15,120.046326
2017-05-12,120.373566
2017-05-11,119.471184
2017-05-10,119.471184
2017-05-09,119.610016
2017-05-08,119.619926
2017-05-05,120.274399
2017-05-04,120.165329
2017-05-03,120.7603
2017-05-02,120.680962
2017-05-01,120.066162
2017-04-28,121.072655
2017-04-27,120.805481
2017-04-26,120.845062
2017-04-25,120.182053
2017-04-24,121.646606
2017-04-21,122.250229
2017-04-20,122.250229
2017-04-19,122.725227
2017-04-18,123.398109
2017-04-17,121.804932
2017-04-13,122.180977
2017-04-12,121.804932
2017-04-11,121.14193
2017-04-10,120.003929
2017-04-07,119.449783
2017-04-06,119.934662
2017-04-05,120.112785
2017-04-04,119.746658
2017-04-03,120.39975
2017-03-31,119.197449
2017-03-30,118.85183
2017-03-29,119.81955
2017-03-28,119.108574
2017-03-27,119.908424
2017-03-24,119.365303
2017-03-23,118.940704
2017-03-22,119.108574
2017-03-21,118.63459
2017-03-20,117.656982
2017-03-17,117.153381
2017-03-16,116.422661
2017-03-15,117.015137
2017-03-14,115.60305
2017-03-13,115.050064
2017-03-10,115.7808
2017-03-09,115.375923
2017-03-08,116.304161
2017-03-07,116.936134
2017-03-06,117.291626
2017-03-03,117.854485
2017-03-02,117.548363
2017-03-01,117.972984
2017-02-28,119.983467
2017-02-27,119.53997
2017-02-24,120.24958
2017-02-23,118.928902
2017-02-22,118.574097
2017-02-21,118.376999
2017-02-17,118.583961
2017-02-16,117.884201
2017-02-15,117.243576
2017-02-14,117.785652
2017-02-13,118.643089
2017-02-10,119.017616
2017-02-09,119.086601
2017-02-08,120.476257
2017-02-07,118.859917
2017-02-06,117.992607
2017-02-03,117.28299
2017-02-02,117.332291
2017-02-01,117.381561
2017-01-31,118.11187
2017-01-30,117.295601
2017-01-27,117.649643
2017-01-26,117.226761
2017-01-25,116.833389
2017-01-24,118.31839
2017-01-23,119.134644
2017-01-20,117.954514
2017-01-19,118.190536
2017-01-18,119.006813
2017-01-17,120.550812
2017-01-13,119.301826
2017-01-12,119.872238
2017-01-11,120.137779
2017-01-10,119.734558
2017-01-09,119.813232
2017-01-06,118.859276
2017-01-05,119.960747
2017-01-04,118.11187
2017-01-03,117.659485
2016-12-30,117.157906
2016-12-29,116.980904
2016-12-28,116.567848
2016-12-27,115.722099
2016-12-23,116.095802
2016-12-22,115.859772
2016-12-21,116.067284
2016-12-20,115.557228
2016-12-19,116.135941
2016-12-16,114.90004
2016-12-15,115.164879
2016-12-14,114.586159
2016-12-13,115.88092
2016-12-12,115.468948
2016-12-09,115.253159
2016-12-08,116.704842
2016-12-07,118.097702
2016-12-06,117.097198
2016-12-05,117.185493
2016-12-02,117.312988
2016-12-01,116.459633
2016-11-30,117.7024
2016-11-29,119.640625
2016-11-28,119.14138
2016-11-25,118.270164
2016-11-23,118.093979
2016-11-22,118.554047
2016-11-21,118.593208
2016-11-18,118.29953
2016-11-17,118.642143
2016-11-16,120.413933
2016-11-15,119.337166
2016-11-14,118.749817
2016-11-11,119.464417
2016-11-10,120.139854
2016-11-09,121.941025
2016-11-08,127.344536
2016-11-07,127.863319
2016-11-04,128.959717
2016-11-03,127.814423
2016-11-02,128.803085
2016-11-01,128.245117
2016-10-31,128.235306
2016-10-28,127.45369
2016-10-27,127.737022
2016-10-26,129.143982
2016-10-25,130.02327
2016-10-24,129.681305
2016-10-21,130.248016
2016-10-20,130.052597
2016-10-19,129.915817
2016-10-18,129.80835
2016-10-17,129.388214
2016-10-14,128.56749
2016-10-13,130.394592
2016-10-12,129.906052
2016-10-11,129.779037
2016-10-10,130.072144
2016-10-07,130.843964
2016-10-06,130.756104
2016-10-05,131.488831
2016-10-04,132.104355
2016-10-03,133.667633
2016-09-30,134.110184
2016-09-29,135.31955
2016-09-28,134.97818
2016-09-27,135.270782
2016-09-26,134.285782
2016-09-23,133.437302
2016-09-22,133.564056
2016-09-21,132.510742
2016-09-20,131.447708
2016-09-19,130.989319
2016-09-16,131.418442
2016-09-15,130.365173
2016-09-14,130.930817
2016-09-13,130.735733
2016-09-12,132.237656
2016-09-09,132.169418
2016-09-08,134.383286
2016-09-07,136.089996
2016-09-06,136.187531
2016-09-02,135.20253
2016-09-01,136.314331
2016-08-31,136.164139
2016-08-30,135.969452
2016-08-29,136.495102
2016-08-26,134.694168
2016-08-25,135.482697
2016-08-24,135.998657
2016-08-23,136.319916
2016-08-22,136.173874
2016-08-19,135.034897
2016-08-18,135.745529
2016-08-17,135.531357
2016-08-16,134.723358
2016-08-15,135.083542
2016-08-12,136.368561
2016-08-11,135.229553
2016-08-10,136.446457
2016-08-09,135.920776
2016-08-08,134.596771
2016-08-05,134.343674
2016-08-04,135.755264
2016-08-03,134.742813
2016-08-02,134.664963
2016-08-01,136.066788
2016-07-29,137.558197
2016-07-28,136.421295
2016-07-27,136.673935
2016-07-26,134.992798
2016-07-25,134.779022
2016-07-22,134.876205
2016-07-21,134.643005
2016-07-20,134.370941
2016-07-19,135.109451
2016-07-18,134.351456
2016-07-15,134.477798
2016-07-14,135.64386
2016-07-13,137.64566
2016-07-12,136.042297
2016-07-11,138.316162
2016-07-08,139.540527
2016-07-07,138.520203
2016-07-06,138.529922
2016-07-05,138.306427
2016-07-01,136.596191
2016-06-30,134.725601
2016-06-29,134.230942
2016-06-28,135.268768
2016-06-27,134.987503
2016-06-24,131.699326
2016-06-23,128.256027
2016-06-22,129.740082
2016-06-21,129.526688
2016-06-20,130.128052
2016-06-17,131.534454
2016-06-16,132.358963
2016-06-15,131.718796
2016-06-14,131.214386
2016-06-13,131.311401
2016-06-10,130.729401
2016-06-09,130.098969
2016-06-08,129.264755
2016-06-07,128.576126
2016-06-06,128.265747
2016-06-03,129.226013
2016-06-02,127.412201
2016-06-01,126.500427
2016-05-31,125.989319
2016-05-27,125.689224
2016-05-26,125.873131
2016-05-25,125.224586
2016-05-24,125.698906
2016-05-23,126.26033
2016-05-20,125.979607
2016-05-19,125.88282
2016-05-18,125.340782
2016-05-17,127.150841
2016-05-16,126.937904
2016-05-13,128.041351
2016-05-12,126.812073
2016-05-11,127.392815
2016-05-10,126.676537
2016-05-09,126.66687
2016-05-06,126.269997
2016-05-05,126.812073
2016-05-04,125.969933
2016-05-03,125.282669
2016-05-02,123.724258
2016-04-29,124.982635
2016-04-28,124.663834
2016-04-27,124.151848
2016-04-26,122.925026
2016-04-25,123.485306
2016-04-22,123.997276
2016-04-21,124.316086
2016-04-20,125.059898
2016-04-19,126.450958
2016-04-18,126.847023
2016-04-15,127.397697
2016-04-14,126.315704
2016-04-13,126.924286
2016-04-12,126.479927
2016-04-11,127.359016
2016-04-08,127.523232
2016-04-07,128.334686
2016-04-06,126.769745
2016-04-05,127.697159
2016-04-04,126.315704
2016-04-01,126.238441
2016-03-31,125.909973
2016-03-30,125.023109
2016-03-29,126.353462
2016-03-28,125.042374
2016-03-24,124.878494
2016-03-23,124.830307
2016-03-22,123.432472
2016-03-21,123.461395
2016-03-18,124.415764
2016-03-17,124.155479
2016-03-16,123.644562
2016-03-15,123.278229
2016-03-14,123.16256
2016-03-11,122.776932
2016-03-10,124.030159
2016-03-09,124.541092
2016-03-08,125.30265
2016-03-07,123.933762
2016-03-04,123.972328
2016-03-03,124.772415
2016-03-02,124.319366
2016-03-01,123.808449
2016-02-29,126.027596
2016-02-26,125.479156
2016-02-25,126.701111
2016-02-24,126.248932
2016-02-23,126.499077
2016-02-22,125.989136
2016-02-19,126.056496
2016-02-18,125.95063
2016-02-17,124.420738
2016-02-16,125.190491
2016-02-12,126.527962
2016-02-11,128.664001
2016-02-10,127.769165
2016-02-09,126.653046
2016-02-08,126.518333
2016-02-05,123.853058
2016-02-04,123.708733
2016-02-03,123.11216
2016-02-02,124.141693
2016-02-01,121.880562
2016-01-29,122.254868
2016-01-28,121.227264
2016-01-27,121.054413
2016-01-26,121.083214
2016-01-25,121.025589
2016-01-22,120.372536
2016-01-21,120.833519
2016-01-20,121.659431
2016-01-19,120.391754
2016-01-15,120.766273
2016-01-14,118.912796
2016-01-13,120.036415
2016-01-12,118.864761
2016-01-11,117.174515
2016-01-08,118.471016
2016-01-07,117.942802
2016-01-06,117.731522
2016-01-05,116.166115
2016-01-04,116.636703
2015-12-31,115.80117
2015-12-30,115.282578
2015-12-29,115.397804
2015-12-28,117.347374
2015-12-24,117.001633
2015-12-23,116.335144
2015-12-22,117.216827
2015-12-21,118.069748
2015-12-18,118.098541
2015-12-17,117.446854
2015-12-16,116.133904
2015-12-15,116.383072
2015-12-14,117.073105
2015-12-11,118.606468
2015-12-10,116.766411
2015-12-09,116.613083
2015-12-08,116.737679
2015-12-07,116.680153
2015-12-04,115.558884
2015-12-03,114.552582
2015-12-02,117.753525
2015-12-01,117.715195
2015-11-30,116.146355
2015-11-27,115.687302
2015-11-25,115.802078
2015-11-24,115.534286
2015-11-23,115.543861
2015-11-20,115.190025
2015-11-19,115.543861
2015-11-18,114.778801
2015-11-17,114.539726
2015-11-16,114.348457
2015-11-13,114.453651
2015-11-12,113.803337
2015-11-11,113.258232
2015-11-10,113.497322
2015-11-09,113.162613
2015-11-06,113.803337
2015-11-05,115.496048
2015-11-04,115.802078
2015-11-03,115.668175
2015-11-02,116.624512
2015-10-30,117.162933
2015-10-29,116.294571
2015-10-28,118.164894
2015-10-27,118.642021
2015-10-26,118.346214
2015-10-23,117.563728
2015-10-22,118.575226
2015-10-21,118.374825
2015-10-20,117.210678
2015-10-19,117.935875
2015-10-16,118.260338
2015-10-15,118.222153
2015-10-14,118.80426
2015-10-13,117.773643
2015-10-12,117.57325
2015-10-09,116.685814
2015-10-08,116.380463
2015-10-07,117.363327
2015-10-06,117.754555
2015-10-05,117.248802
2015-10-02,118.861504
2015-10-01,118.145805
2015-09-30,117.643867
2015-09-29,118.053368
2015-09-28,117.72007
2015-09-25,115.739334
2015-09-24,116.748756
2015-09-23,115.958366
2015-09-22,115.967865
2015-09-21,114.377579
2015-09-18,116.272583
2015-09-17,114.51091
2015-09-16,113.130104
2015-09-15,113.558609
2015-09-14,115.77742
2015-09-11,115.596481
2015-09-10,114.872757
2015-09-09,115.653641
2015-09-08,115.101326
2015-09-04,116.824928
2015-09-03,115.71077
2015-09-02,115.206055
2015-09-01,116.20594
2015-08-31,115.374596
2015-08-28,116.267815
2015-08-27,115.92572
2015-08-26,115.830719
2015-08-25,118.139717
2015-08-24,120.049637
2015-08-21,120.09716
2015-08-20,119.745575
2015-08-19,118.5103
2015-08-18,117.389061
2015-08-17,118.320236
2015-08-14,117.788139
2015-08-13,117.512573
2015-08-12,117.892662
2015-08-11,118.538803
2015-08-10,116.685905
2015-08-07,118.149223
2015-08-06,116.619392
2015-08-05,115.593155
2015-08-04,116.467369
2015-08-03,117.398552
2015-07-31,116.175636
2015-07-30,115.322334
2015-07-29,114.478455
2015-07-28,114.867226
2015-07-27,115.711037
2015-07-24,115.094757
2015-07-23,114.810318
2015-07-22,113.397568
2015-07-21,112.695961
2015-07-20,112.089142
2015-07-17,112.563217
2015-07-16,111.984856
2015-07-15,111.20739
2015-07-14,110.050613
2015-07-13,109.690353
2015-07-10,110.031685
2015-07-09,111.804703
2015-07-08,114.051773
2015-07-07,113.075203
2015-07-06,112.022766
2015-07-02,110.050613
2015-07-01,109.623985
2015-06-30,111.190315
2015-06-29,111.833633
2015-06-26,109.014389
2015-06-25,110.253708
2015-06-24,110.641579
2015-06-23,109.695526
2015-06-22,110.35778
2015-06-19,112.656715
2015-06-18,111.256523
2015-06-17,111.776855
2015-06-16,112.637779
2015-06-15,111.767418
2015-06-12,111.606575
2015-06-11,111.587654
2015-06-10,109.288734
2015-06-09,110.253708
2015-06-08,111.133553
2015-06-05,111.256523
2015-06-04,112.628326
2015-06-03,111.180847
2015-06-02,112.997292
2015-06-01,114.596146
2015-05-29,115.841164
2015-05-28,115.586258
2015-05-27,115.869453
2015-05-26,115.605133
2015-05-22,113.660446
2015-05-21,113.613243
2015-05-20,112.04615
2015-05-19,111.857368
2015-05-18,112.858017
2015-05-15,114.783821
2015-05-14,112.527603
2015-05-13,112.225525
2015-05-12,113.131775
2015-05-11,112.839142
2015-05-08,115.652344
2015-05-07,115.340805
2015-05-06,113.811462
2015-05-05,115.79393
2015-05-04,115.954437
2015-05-01,117.058937
2015-04-30,118.656227
2015-04-29,118.448967
2015-04-28,119.918633
2015-04-27,121.595543
2015-04-24,121.595543
2015-04-23,120.841866
2015-04-22,120.323723
2015-04-21,122.189041
2015-04-20,122.744858
2015-04-17,123.8377
2015-04-16,122.434013
2015-04-15,123.046356
2015-04-14,123.149979
2015-04-13,122.283272
2015-04-10,122.113693
2015-04-09,121.934662
2015-04-08,123.536255
2015-04-07,123.498558
2015-04-06,122.471657
2015-04-02,123.159378
2015-04-01,124.478333
2015-03-31,122.86451
2015-03-30,122.601326
2015-03-27,123.212372
2015-03-26,121.698769
2015-03-25,123.62606
2015-03-24,124.678947
2015-03-23,123.485031
2015-03-20,123.635384
2015-03-19,122.986755
2015-03-18,123.616615
2015-03-17,121.275726
2015-03-16,120.279198
2015-03-13,119.132263
2015-03-12,119.498878
2015-03-11,119.583527
2015-03-10,118.71859
2015-03-09,117.176804
2015-03-06,116.105087
2015-03-05,118.727974
2015-03-04,118.878403
2015-03-03,118.840813
2015-03-02,119.273277
2015-02-27,121.537064
2015-02-26,120.523727
2015-02-25,122.193863
2015-02-24,121.668419
2015-02-23,120.092094
2015-02-20,118.73156
2015-02-19,118.384438
2015-02-18,119.172592
2015-02-17,118.468872
2015-02-13,120.27977
2015-02-12,121.527702
2015-02-11,121.931152
2015-02-10,121.705971
2015-02-09,122.681793
2015-02-06,122.87883
2015-02-05,125.093239
2015-02-04,126.48188
2015-02-03,126.266037
2015-02-02,128.996552
2015-01-30,129.485413
2015-01-29,127.228638
2015-01-28,128.071426
2015-01-27,126.011322
2015-01-26,125.814667
2015-01-23,126.198586
2015-01-22,124.466278
2015-01-21,124.915741
2015-01-20,126.376472
2015-01-16,124.719086
2015-01-15,126.329689
2015-01-14,124.372627
2015-01-13,123.436241
2015-01-12,123.436241
2015-01-09,122.733925
2015-01-08,121.404221
2015-01-07,123.033562
2015-01-06,123.277039
2015-01-05,121.095207
2015-01-02,119.222427
2014-12-31,117.911469
2014-12-30,117.686714
2014-12-29,117.36834
2014-12-26,116.497482
2014-12-24,116.066734
2014-12-23,115.438416
2014-12-22,117.77449
2014-12-19,117.615631
2014-12-18,116.055168
2014-12-17,118.157578
2014-12-16,119.232193
2014-12-15,117.77449
2014-12-12,118.017433
2014-12-11,116.43824
2014-12-10,115.961716
2014-12-09,115.120735
2014-12-08,114.532043
2014-12-05,113.149086
2014-12-04,113.812553
2014-12-03,112.868782
2014-12-02,112.429588
2014-12-01,113.532204
2014-11-28,114.198441
2014-11-26,113.303429
2014-11-25,112.995773
2014-11-24,112.063438
2014-11-21,111.97023
2014-11-20,111.298958
2014-11-19,110.720909
2014-11-18,111.429512
2014-11-17,111.121834
2014-11-14,111.401535
2014-11-13,110.860779
2014-11-12,110.599724
2014-11-11,110.692963
2014-11-10,110.618378
2014-11-07,111.643913
2014-11-06,110.375977
2014-11-05,111.09388
2014-11-04,111.252365
2014-11-03,110.907402
2014-10-31,110.907402
2014-10-30,111.195717
2014-10-29,111.102676
2014-10-28,110.851608
2014-10-27,111.549126
2014-10-24,111.344543
2014-10-23,111.23291
2014-10-22,112.228035
2014-10-21,112.107162
2014-10-20,113.009331
2014-10-17,112.600067
2014-10-16,113.232498
2014-10-15,113.957939
2014-10-14,113.065086
2014-10-13,112.330345
2014-10-10,111.651413
2014-10-09,110.554016
2014-10-08,111.037605
2014-10-07,111.009705
2014-10-06,109.53096
2014-10-03,109.465836
2014-10-02,109.000832
2014-10-01,109.958748
2014-09-30,107.867081
2014-09-29,108.479401
2014-09-26,107.616615
2014-09-25,107.77433
2014-09-24,106.512611
2014-09-23,107.106384
2014-09-22,106.447685
2014-09-19,106.317795
2014-09-18,104.981888
2014-09-17,104.647881
2014-09-16,104.916908
2014-09-15,105.343658
2014-09-12,105.185959
2014-09-11,106.29924
2014-09-10,106.651787
2014-09-09,107.328995
2014-09-08,107.412521
2014-09-05,107.366135
2014-09-04,107.570236
2014-09-03,108.896896
2014-09-02,108.293846
2014-08-29,110.194748
2014-08-28,110.120712
2014-08-27,109.546822
2014-08-26,108.621223
2014-08-25,108.972961
2014-08-22,108.565689
2014-08-21,107.964035
2014-08-20,107.362381
2014-08-19,107.538254
2014-08-18,107.871475
2014-08-15,108.954445
2014-08-14,107.778893
2014-08-13,106.918098
2014-08-12,106.223877
2014-08-11,106.918098
2014-08-08,106.927322
2014-08-07,107.158737
2014-08-06,106.168327
2014-08-05,106.103531
2014-08-04,105.761093
2014-08-01,106.038757
2014-07-31,105.224205
2014-07-30,105.538071
2014-07-29,107.024399
2014-07-28,106.636681
2014-07-25,106.784401
2014-07-24,105.538071
2014-07-23,106.332039
2014-07-22,106.470512
2014-07-21,106.248947
2014-07-18,105.722725
2014-07-17,106.064293
2014-07-16,104.744148
2014-07-15,104.190231
2014-07-14,104.402565
2014-07-11,104.854935
2014-07-10,104.190231
2014-07-09,104.162529
2014-07-08,104.079453
2014-07-07,102.925491
2014-07-03,102.177719
2014-07-02,102.547005
2014-07-01,103.654808
2014-06-30,104.529938
2014-06-27,104.272156
2014-06-26,104.428688
2014-06-25,103.931435
2014-06-24,103.664406
2014-06-23,102.623924
2014-06-20,102.94619
2014-06-19,102.172722
2014-06-18,103.498665
2014-06-17,102.706779
2014-06-16,103.526291
2014-06-13,103.268471
2014-06-12,103.323723
2014-06-11,102.412109
2014-06-10,102.227936
2014-06-09,102.605499
2014-06-06,102.752838
2014-06-05,102.752838
2014-06-04,102.706779
2014-06-03,102.734398
2014-06-02,104.014336
2014-05-30,104.793327
2014-05-29,104.839272
2014-05-28,105.399529
2014-05-27,104.113678
2014-05-23,103.507507
2014-05-22,102.956467
2014-05-21,103.103394
2014-05-20,103.737114
2014-05-19,103.507507
2014-05-16,104.279007
2014-05-15,104.572884
2014-05-14,103.746307
2014-05-13,102.634972
2014-05-12,101.753304
2014-05-09,102.166588
2014-05-08,102.497238
2014-05-07,102.93808
2014-05-06,103.30545
2014-05-05,102.892181
2014-05-02,103.516685
2014-05-01,102.882973
2014-04-30,101.790962
2014-04-29,101.369507
2014-04-28,101.506958
2014-04-25,102.001686
2014-04-24,101.855125
2014-04-23,101.662689
2014-04-22,101.085472
2014-04-21,100.746468
2014-04-17,100.828934
2014-04-16,101.946701
2014-04-15,101.818436
2014-04-14,101.186272
2014-04-11,101.451973
2014-04-10,100.636513
2014-04-09,99.711166
2014-04-08,100.205917
2014-04-07,99.967728
2014-04-04,99.372169
2014-04-03,98.712502
2014-04-02,98.281883
2014-04-01,98.849915
2014-03-31,99.701988
2014-03-28,99.94873
2014-03-27,100.51532
2014-03-26,100.012726
2014-03-25,99.235939
2014-03-24,99.610603
2014-03-21,98.906937
2014-03-20,97.84687
2014-03-19,98.0205
2014-03-18,98.788124
2014-03-17,98.431709
2014-03-14,99.171959
2014-03-13,99.153687
2014-03-12,97.837738
2014-03-11,97.161476
2014-03-10,96.905571
2014-03-07,96.768517
2014-03-06,97.380798
2014-03-05,98.34948
2014-03-04,98.13932
2014-03-03,99.638023
2014-02-28,98.977287
2014-02-27,98.9226
2014-02-26,98.38475
2014-02-25,97.865112
2014-02-24,96.999062
2014-02-21,97.245201
2014-02-20,96.73465
2014-02-19,96.971687
2014-02-18,97.38195
2014-02-14,97.163139
2014-02-13,97.108414
2014-02-12,96.561447
2014-02-11,97.062859
2014-02-10,97.628059
2014-02-07,97.354584
2014-02-06,97.272537
2014-02-05,97.691879
2014-02-04,98.603546
2014-02-03,99.661049
2014-01-31,98.461334
2014-01-30,97.806602
2014-01-29,98.088501
2014-01-28,97.288292
2014-01-27,97.051895
2014-01-24,97.733856
2014-01-23,97.106438
2014-01-22,95.751541
2014-01-21,95.987961
2014-01-17,95.91523
2014-01-16,95.515106
2014-01-15,94.878624
2014-01-14,94.978645
2014-01-13,95.415108
2014-01-10,94.942238
2014-01-09,93.823776
2014-01-08,93.278175
2014-01-07,93.532806
2014-01-06,93.296387
2014-01-03,92.905388
2014-01-02,92.905388
2013-12-31,92.623466
2013-12-30,93.214539
2013-12-27,92.578018
2013-12-26,92.841713
2013-12-24,93.200897
2013-12-23,93.953178
2013-12-20,94.487915
2013-12-19,93.055908
2013-12-18,93.146515
2013-12-17,93.617821
2013-12-16,93.200897
2013-12-13,93.545311
2013-12-12,93.09211
2013-12-11,93.445602
2013-12-10,94.170715
2013-12-09,93.5
2013-12-06,93.282478
2013-12-05,92.838348
2013-12-04,93.101204
2013-12-03,93.998497
2013-12-02,93.654099
2013-11-29,94.388222
2013-11-27,94.36113
2013-11-26,94.523773
2013-11-25,94.171356
2013-11-22,93.900253
2013-11-21,93.032707
2013-11-20,92.879089
2013-11-19,94.487625
2013-11-18,95.210571
2013-11-15,94.641258
2013-11-14,94.451469
2013-11-13,93.873116
2013-11-12,93.529716
2013-11-11,93.095978
2013-11-08,93.448425
2013-11-07,95.752754
2013-11-06,94.948502
2013-11-05,94.903328
2013-11-04,96.050995
2013-11-01,95.96064
2013-10-31,97.010681
2013-10-30,96.803391
2013-10-29,97.389206
2013-10-28,97.263016
2013-10-25,97.596489
2013-10-24,97.236
2013-10-23,97.614479
2013-10-22,97.236
2013-10-21,96.163498
2013-10-18,96.46991
2013-10-17,96.262642
2013-10-16,95.39743
2013-10-15,94.216789
2013-10-14,94.279884
2013-10-11,95.045929
2013-10-10,95.07299
2013-10-09,94.919762
2013-10-08,95.685837
2013-10-07,95.658798
2013-10-04,95.271263
2013-10-03,95.343369
2013-10-02,95.496559
2013-10-01,95.352364
2013-09-30,95.642563
2013-09-27,95.786407
2013-09-26,95.552689
2013-09-25,96.226837
2013-09-24,96.029083
2013-09-23,95.004349
2013-09-20,94.31221
2013-09-19,93.817795
2013-09-18,94.375137
2013-09-17,93.224525
2013-09-16,92.460457
2013-09-13,93.080727
2013-09-12,92.721176
2013-09-11,92.847
2013-09-10,92.029015
2013-09-09,92.676224
2013-09-06,92.631287
2013-09-05,92.172821
2013-09-04,93.476219
2013-09-03,93.682991
2013-08-30,95.023254
2013-08-29,95.130814
2013-08-28,94.377731
2013-08-27,95.148743
2013-08-26,93.965309
2013-08-23,93.499123
2013-08-22,92.494987
2013-08-21,91.562653
2013-08-20,92.575706
2013-08-19,91.867439
2013-08-16,92.674339
2013-08-15,92.997086
2013-08-14,94.270126
2013-08-13,94.126694
2013-08-12,95.50737
2013-08-09,96.161835
2013-08-08,96.009445
2013-08-07,95.749428
2013-08-06,95.041191
2013-08-05,94.763222
2013-08-02,95.49839
2013-08-01,94.458412
2013-07-31,96.314232
2013-07-30,95.965454
2013-07-29,96.001266
2013-07-26,96.707733
2013-07-25,96.117523
2013-07-24,96.153259
2013-07-23,97.38736
2013-07-22,97.798759
2013-07-19,97.655647
2013-07-18,96.135361
2013-07-17,97.351593
2013-07-16,97.17276
2013-07-15,96.84185
2013-07-12,96.332123
2013-07-11,96.412613
2013-07-10,95.294739
2013-07-09,96.045937
2013-07-08,95.947571
2013-07-05,95.026474
2013-07-03,98.38002
2013-07-02,98.675148
2013-07-01,98.737747
2013-06-28,98.539215
2013-06-27,97.870033
2013-06-26,96.879662
2013-06-25,96.255081
2013-06-24,97.120552
2013-06-21,96.719025
2013-06-20,98.38752
2013-06-19,100.029236
2013-06-18,101.073174
2013-06-17,101.019661
2013-06-14,101.554993
2013-06-13,101.795906
2013-06-12,100.225548
2013-06-11,101.679893
2013-06-10,100.484291
2013-06-07,100.966087
2013-06-06,102.8041
2013-06-05,102.866592
2013-06-04,101.465775
2013-06-03,102.411514
2013-05-31,101.871727
2013-05-30,102.21888
2013-05-29,102.468109
2013-05-28,101.328789
2013-05-24,103.963455
2013-05-23,103.821045
2013-05-22,103.331505
2013-05-21,104.889153
2013-05-20,104.07029
2013-05-17,104.194908
2013-05-16,105.530014
2013-05-15,104.444084
2013-05-14,103.749825
2013-05-13,104.889153
2013-05-10,105.699165
2013-05-09,106.847389
2013-05-08,107.123291
2013-05-07,106.954201
2013-05-06,107.372513
2013-05-03,107.639565
2013-05-02,110.238655
2013-05-01,110.381119
2013-04-30,109.258682
2013-04-29,109.19648
2013-04-26,109.596169
2013-04-25,108.601372
2013-04-24,109.072121
2013-04-23,108.796783
2013-04-22,109.178703
2013-04-19,109.098801
2013-04-18,109.329727
2013-04-17,109.06324
2013-04-16,108.343819
2013-04-15,109.240891
2013-04-12,108.299408
2013-04-11,106.709488
2013-04-10,106.505203
2013-04-09,107.988525
2013-04-08,108.254959
2013-04-05,109.089874
2013-04-04,106.931564
2013-04-03,105.670319
2013-04-02,104.728821
2013-04-01,105.155121
2013-03-28,104.36908
2013-03-27,104.900841
2013-03-26,104.014549
2013-03-25,103.890503
2013-03-22,103.987968
2013-03-21,103.908195
2013-03-20,102.915558
2013-03-19,104.076599
2013-03-18,103.376411
2013-03-15,102.596474
2013-03-14,102.117874
2013-03-13,102.428101
2013-03-12,102.534454
2013-03-11,101.798851
2013-03-08,101.701363
2013-03-07,102.77375
2013-03-06,103.571396
2013-03-05,104.519722
2013-03-04,104.82106
2013-03-01,105.37944
2013-02-28,104.80864
2013-02-27,104.614105
2013-02-26,104.92366
2013-02-25,105.533859
2013-02-22,103.499771
2013-02-21,103.428986
2013-02-20,102.827614
2013-02-19,102.518112
2013-02-15,103.031067
2013-02-14,103.331757
2013-02-13,102.403137
2013-02-12,103.243294
2013-02-11,103.499771
2013-02-08,103.57933
2013-02-07,103.181389
2013-02-06,103.411331
2013-02-05,102.57119
2013-02-04,103.490929
2013-02-01,102.182053
2013-01-31,103.526291
2013-01-30,103.023315
2013-01-29,103.199791
2013-01-28,103.773399
2013-01-25,104.152809
2013-01-24,105.600029
2013-01-23,105.970627
2013-01-22,106.129478
2013-01-18,105.926506
2013-01-17,105.114685
2013-01-16,106.173576
2013-01-15,105.952965
2013-01-14,105.467621
2013-01-11,105.75882
2013-01-10,104.823456
2013-01-09,105.114685
2013-01-08,105.211761
2013-01-07,104.523453
2013-01-04,104.479324
2013-01-03,104.073395
2013-01-02,105.50296
2012-12-31,106.93248
2012-12-28,108.812027
2012-12-27,108.194328
2012-12-26,107.832542
2012-12-24,107.446014
2012-12-21,107.63974
2012-12-20,106.477509
2012-12-19,106.459892
2012-12-18,106.107704
2012-12-17,107.199509
2012-12-14,108.828407
2012-12-13,108.018364
2012-12-12,107.939102
2012-12-11,109.207001
2012-12-10,110.043465
2012-12-07,109.559204
2012-12-06,110.580574
2012-12-05,110.342857
2012-12-04,110.395676
2012-12-03,109.761703
2012-11-30,109.660484
2012-11-29,109.959251
2012-11-28,109.941658
2012-11-27,110.099846
2012-11-26,109.669228
2012-11-23,109.150764
2012-11-21,109.256233
2012-11-20,109.317764
2012-11-19,110.425003
2012-11-16,111.04892
2012-11-15,111.145569
2012-11-14,111.36525
2012-11-13,111.259804
2012-11-12,110.890739
2012-11-09,110.706192
2012-11-08,110.583183
2012-11-07,108.966248
2012-11-06,107.02417
2012-11-05,108.043549
2012-11-02,107.437187
2012-11-01,107.516281
2012-10-31,108.403831
2012-10-26,107.771118
2012-10-25,106.206947
2012-10-24,106.75174
2012-10-23,107.815094
2012-10-22,106.294815
2012-10-19,106.980232
2012-10-18,105.547874
2012-10-17,106.198166
2012-10-16,107.191185
2012-10-15,108.693855
2012-10-12,108.939896
2012-10-11,108.667473
2012-10-10,107.92054
2012-10-09,107.164787
2012-10-08,107.358124
2012-10-05,106.461792
2012-10-04,107.859009
2012-10-03,109.221062
2012-10-02,109.185951
2012-10-01,109.33532
2012-09-28,108.931068
2012-09-27,108.86969
2012-09-26,109.650154
2012-09-25,108.483871
2012-09-24,107.422798
2012-09-21,106.589722
2012-09-20,106.46698
2012-09-19,106.203903
2012-09-18,105.511086
2012-09-17,104.984955
2012-09-14,103.7397
2012-09-13,106.572151
2012-09-12,106.993103
2012-09-11,108.343575
2012-09-10,109.02755
2012-09-07,108.764481
2012-09-06,109.273132
2012-09-05,111.123405
2012-09-04,111.649574
2012-08-31,111.761787
2012-08-30,110.204216
2012-08-29,109.635376
2012-08-28,110.116676
2012-08-27,109.854156
2012-08-24,109.215378
2012-08-23,109.320374
2012-08-22,108.865379
2012-08-21,107.097755
2012-08-20,106.625237
2012-08-17,106.406494
2012-08-16,105.890198
2012-08-15,106.80027
2012-08-14,108.32283
2012-08-13,109.810432
2012-08-10,109.994156
2012-08-09,109.442924
2012-08-08,109.521667
2012-08-07,110.107964
2012-08-06,111.543022
2012-08-03,111.499275
2012-08-02,113.328117
2012-08-01,112.689354
2012-07-31,113.255501
2012-07-30,113.028427
2012-07-27,112.19017
2012-07-26,114.347023
2012-07-25,115.403603
2012-07-24,115.106689
2012-07-23,114.207314
2012-07-20,113.569862
2012-07-19,112.198929
2012-07-18,112.487106
2012-07-17,112.425964
2012-07-16,113.316643
2012-07-13,112.792709
2012-07-12,113.0896
2012-07-11,112.294998
2012-07-10,112.155266
2012-07-09,111.928223
2012-07-06,110.950241
2012-07-05,109.928596
2012-07-03,109.369705
2012-07-02,110.216721
2012-06-29,109.091179
2012-06-28,110.528862
2012-06-27,110.258774
2012-06-26,110.08448
2012-06-25,110.520164
2012-06-22,108.93428
2012-06-21,110.406853
2012-06-20,109.823082
2012-06-19,109.282845
2012-06-18,110.729279
2012-06-15,110.136772
2012-06-14,109.526848
2012-06-13,109.666237
2012-06-12,108.594475
2012-06-11,109.596512
2012-06-08,109.099876
2012-06-07,109.12603
2012-06-06,108.960464
2012-06-05,111.182335
2012-06-04,112.689774
2012-06-01,113.587265
2012-05-31,110.953201
2012-05-30,109.683647
2012-05-29,106.970711
2012-05-25,107.301132
2012-05-24,106.901154
2012-05-23,107.309853
2012-05-22,106.57074
2012-05-21,107.770683
2012-05-18,107.996765
2012-05-17,107.970665
2012-05-16,106.092491
2012-05-15,105.788162
2012-05-14,105.362061
2012-05-11,103.909927
2012-05-10,103.0578
2012-05-09,103.362129
2012-05-08,103.292557
2012-05-07,102.744789
2012-05-04,102.727364
2012-05-03,101.927406
2012-05-02,101.953484
2012-05-01,101.240433
2012-04-30,101.768227
2012-04-27,101.74221
2012-04-26,101.655495
2012-04-25,101.048302
2012-04-24,101.568764
2012-04-23,102.288742
2012-04-20,101.551407
2012-04-19,101.534042
2012-04-18,101.438644
2012-04-17,101.143715
2012-04-16,101.204445
2012-04-13,101.351891
2012-04-12,99.738441
2012-04-11,100.154816
2012-04-10,101.369194
2012-04-09,100.232903
2012-04-05,97.942825
2012-04-04,97.240211
2012-04-03,95.921715
2012-04-02,97.613243
2012-03-30,97.075378
2012-03-29,98.745224
2012-03-28,98.009811
2012-03-27,98.14827
2012-03-26,97.447426
2012-03-23,97.949257
2012-03-22,97.03215
2012-03-21,96.720688
2012-03-20,95.639175
2012-03-19,95.258453
2012-03-16,96.409218
2012-03-15,96.218857
2012-03-14,96.071777
2012-03-13,98.554886
2012-03-12,100.319901
2012-03-09,100.337204
2012-03-08,100.138161
2012-03-07,101.150505
2012-03-06,101.773407
2012-03-05,100.553513
2012-03-02,101.358147
2012-03-01,100.415077
2012-02-29,101.369362
2012-02-28,101.990936
2012-02-27,102.327568
2012-02-24,101.429794
2012-02-23,100.773766
2012-02-22,100.773766
2012-02-21,99.522095
2012-02-17,100.635643
2012-02-16,100.66156
2012-02-15,101.472969
2012-02-14,101.654243
2012-02-13,101.119034
2012-02-10,100.989571
2012-02-09,99.694679
2012-02-08,100.445763
2012-02-07,100.36805
2012-02-06,101.628365
2012-02-03,100.627022
2012-02-02,102.836853
2012-02-01,102.880043
2012-01-31,104.072166
2012-01-30,102.883759
2012-01-27,101.686737
2012-01-26,101.368118
2012-01-25,100.041908
2012-01-24,100.283028
2012-01-23,100.102196
2012-01-20,100.739433
2012-01-19,101.893394
2012-01-18,103.314331
2012-01-17,104.580254
2012-01-13,104.097992
2012-01-12,103.073196
2012-01-11,103.219627
2012-01-10,101.893394
2012-01-09,102.065651
2012-01-06,102.246483
2012-01-05,101.44561
2012-01-04,101.626457
2012-01-03,102.849319
2011-12-30,104.416611
2011-12-29,104.080795
2011-12-28,103.891319
2011-12-27,102.005363
2011-12-23,101.523117
2011-12-22,102.664772
2011-12-21,102.23558
2011-12-20,103.677711
2011-12-19,106.330147
2011-12-16,104.999626
2011-12-15,103.789284
2011-12-14,104.175568
2011-12-13,102.244156
2011-12-12,101.299911
2011-12-09,100.184006
2011-12-08,102.287086
2011-12-07,101.025215
2011-12-06,100.66468
2011-12-05,101.634705
2011-12-02,101.840721
2011-12-01,100.432915
2011-11-30,100.939384
2011-11-29,102.540672
2011-11-28,103.388359
2011-11-25,103.439774
2011-11-23,104.963974
2011-11-22,103.944954
2011-11-21,102.797562
2011-11-18,102.189568
2011-11-17,102.215279
2011-11-16,101.40181
2011-11-15,100.485558
2011-11-14,100.622581
2011-11-11,99.029892
2011-11-10,99.637825
2011-11-09,101.144905
2011-11-08,99.089828
2011-11-07,100.374252
2011-11-04,99.740601
2011-11-03,99.620728
2011-11-02,101.007904
2011-11-01,102.283752
2011-10-31,98.970764
2011-10-28,95.195786
2011-10-27,94.205017
2011-10-26,97.510338
2011-10-25,99.244118
2011-10-24,96.784348
2011-10-21,96.622047
2011-10-20,97.655518
2011-10-19,98.355843
2011-10-18,98.389999
2011-10-17,99.004951
2011-10-14,97.322418
2011-10-13,98.757263
2011-10-12,97.7836
2011-10-11,99.227036
2011-10-10,99.560135
2011-10-07,100.986397
2011-10-06,101.738014
2011-10-05,103.651154
2011-10-04,104.402725
2011-10-03,105.743652
2011-09-30,102.911522
2011-09-29,100.389832
2011-09-28,99.699783
2011-09-27,99.733856
2011-09-26,101.284309
2011-09-23,102.937057
2011-09-22,104.887978
2011-09-21,101.088402
2011-09-20,97.851105
2011-09-19,97.442223
2011-09-16,95.619125
2011-09-15,94.929062
2011-09-14,96.402878
2011-09-13,95.593544
2011-09-12,96.973663
2011-09-09,96.871429
2011-09-08,95.849091
2011-09-07,94.997215
2011-09-06,96.845848
2011-09-02,95.849091
2011-09-01,92.833336
2011-08-31,90.906273
2011-08-30,92.333214
2011-08-29,90.872391
2011-08-26,92.146347
2011-08-25,91.246048
2011-08-24,90.269257
2011-08-23,92.910782
2011-08-22,94.210281
2011-08-19,94.448097
2011-08-18,93.692162
2011-08-17,91.806618
2011-08-16,90.226837
2011-08-15,88.757423
2011-08-12,89.666267
2011-08-11,87.925064
2011-08-10,92.596519
2011-08-09,89.921059
2011-08-08,89.649254
2011-08-05,86.905861
2011-08-04,89.487877
2011-08-03,86.413208
2011-08-02,86.24334
2011-08-01,83.729248
2011-07-29,82.892654
2011-07-28,81.284248
2011-07-27,80.979507
2011-07-26,80.971016
2011-07-25,80.420776
2011-07-22,81.309608
2011-07-21,80.700134
2011-07-20,81.326569
2011-07-19,82.300072
2011-07-18,80.62394
2011-07-15,81.411232
2011-07-14,81.275787
2011-07-13,82.452446
2011-07-12,82.223892
2011-07-11,81.944534
2011-07-08,80.733986
2011-07-07,79.608116
2011-07-06,79.845161
2011-07-05,79.438782
2011-07-01,79.261017
2011-06-30,79.388031
2011-06-29,79.514557
2011-06-28,80.046059
2011-06-27,80.695679
2011-06-24,81.817719
2011-06-23,82.16362
2011-06-22,81.539322
2011-06-21,81.488701
2011-06-20,81.851479
2011-06-17,81.750237
2011-06-16,82.138336
2011-06-15,81.767113
2011-06-14,80.307602
2011-06-13,81.539322
2011-06-10,81.952705
2011-06-09,81.328369
2011-06-08,81.657448
2011-06-07,81.024704
2011-06-06,80.653496
2011-06-03,81.269348
2011-06-02,80.805374
2011-06-01,82.374557
2011-05-31,81.276085
2011-05-27,81.091179
2011-05-26,81.124802
2011-05-25,80.435509
2011-05-24,80.813766
2011-05-23,80.511185
2011-05-20,80.124504
2011-05-19,80.082497
2011-05-18,80.116074
2011-05-17,81.192024
2011-05-16,80.368279
2011-05-13,79.922737
2011-05-12,79.208298
2011-05-11,79.712593
2011-05-10,79.258698
2011-05-09,79.830307
2011-05-06,79.914375
2011-05-05,80.267418
2011-05-04,79.510887
2011-05-03,79.157837
2011-05-02,78.712311
2011-04-29,78.58622
2011-04-28,78.343506
2011-04-27,77.749207
2011-04-26,78.552773
2011-04-25,77.799461
2011-04-21,77.506493
2011-04-20,77.573463
2011-04-19,78.075645
2011-04-18,77.740837
2011-04-15,77.565071
2011-04-14,76.527229
2011-04-13,76.585831
2011-04-12,76.108696
2011-04-11,75.296806
2011-04-08,75.229851
2011-04-07,75.63166
2011-04-06,75.782295
2011-04-05,76.93734
2011-04-04,77.247017
2011-04-01,77.163322
2011-03-31,76.790024
2011-03-30,76.948395
2011-03-29,76.339928
2011-03-28,76.931702
2011-03-25,76.823364
2011-03-24,77.01506
2011-03-23,77.598534
2011-03-22,77.698547
2011-03-21,77.440163
2011-03-18,77.898575
2011-03-17,77.690208
2011-03-16,78.290314
2011-03-15,77.415184
2011-03-14,76.273247
2011-03-11,76.306602
2011-03-10,76.740013
2011-03-09,75.473068
2011-03-08,74.747978
2011-03-07,75.206398
2011-03-04,75.689827
2011-03-03,75.064667
2011-03-02,75.80648
2011-03-01,76.990059
2011-02-28,76.767525
2011-02-25,76.667885
2011-02-24,76.2192
2011-02-23,75.73732
2011-02-22,75.463142
2011-02-18,74.349854
2011-02-17,74.582436
2011-02-16,74.466118
2011-02-15,74.707108
2011-02-14,74.374748
2011-02-11,74.324921
2011-02-10,73.269783
2011-02-09,74.125511
2011-02-08,73.485786
2011-02-07,74.167053
2011-02-04,73.784866
2011-02-03,74.540909
2011-02-02,75.164047
2011-02-01,75.1474
2011-01-31,75.521332
2011-01-28,76.100853
2011-01-27,75.703415
2011-01-26,75.364006
2011-01-25,76.523064
2011-01-24,75.80275
2011-01-21,75.769661
2011-01-20,75.173561
2011-01-19,76.224998
2011-01-18,75.678619
2011-01-14,76.034584
2011-01-13,76.523064
2011-01-12,75.844147
2011-01-11,76.440262
2011-01-10,76.870781
2011-01-07,76.456833
2011-01-06,76.051132
2011-01-05,75.720032
2011-01-04,77.425476
2011-01-03,77.334412
2010-12-31,77.922203
2010-12-30,77.069473
2010-12-29,77.127403
2010-12-28,75.844147
2010-12-27,77.359215
2010-12-23,76.674416
2010-12-22,76.831161
2010-12-21,77.38398
2010-12-20,76.847664
2010-12-17,76.930222
2010-12-16,75.552299
2010-12-15,75.032509
2010-12-14,76.022606
2010-12-13,77.144707
2010-12-10,76.855949
2010-12-09,77.326233
2010-12-08,76.946716
2010-12-07,77.697502
2010-12-06,79.397186
2010-12-03,78.291611
2010-12-02,78.91037
2010-12-01,79.116646
2010-11-30,80.915306
2010-11-29,80.496017
2010-11-26,79.813515
2010-11-24,78.719933
2010-11-23,80.150642
2010-11-22,79.755966
2010-11-19,79.418861
2010-11-18,78.933754
2010-11-17,78.613106
2010-11-16,79.048859
2010-11-15,77.133064
2010-11-12,78.777542
2010-11-11,79.205101
2010-11-10,79.246208
2010-11-09,79.139336
2010-11-08,80.923553
2010-11-05,80.561768
2010-11-04,81.967758
2010-11-03,81.334694
2010-11-02,83.02845
2010-11-01,81.95134
2010-10-29,82.305748
2010-10-28,81.543472
2010-10-27,81.322136
2010-10-26,82.043404
2010-10-25,83.330231
2010-10-22,83.092552
2010-10-21,82.535194
2010-10-20,83.526932
2010-10-19,83.346634
2010-10-18,82.846672
2010-10-15,82.182762
2010-10-14,83.199066
2010-10-13,84.461304
2010-10-12,84.59243
2010-10-11,85.436623
2010-10-08,85.420242
2010-10-07,85.797287
2010-10-06,86.518547
2010-10-05,85.444839
2010-10-04,85.961174
2010-10-01,85.739891
2010-09-30,86.156227
2010-09-29,86.213425
2010-09-28,86.572731
2010-09-27,85.984772
2010-09-24,84.514961
2010-09-23,85.666298
2010-09-22,85.421371
2010-09-21,84.661926
2010-09-20,83.502396
2010-09-17,83.020645
2010-09-16,82.685829
2010-09-15,83.510559
2010-09-14,84.768135
2010-09-13,83.959709
2010-09-10,83.551407
2010-09-09,83.935219
2010-09-08,85.625488
2010-09-07,86.311447
2010-09-03,84.580276
2010-09-02,85.6418
2010-09-01,86.556381
2010-08-31,88.383873
2010-08-30,87.415016
2010-08-27,85.770439
2010-08-26,88.269867
2010-08-25,87.447594
2010-08-24,87.732544
2010-08-23,86.348488
2010-08-20,86.332191
2010-08-19,86.429909
2010-08-18,85.102882
2010-08-17,84.874886
2010-08-16,85.36338
2010-08-13,83.279152
2010-08-12,82.253342
2010-08-11,82.456879
2010-08-10,81.365898
2010-08-09,81.194939
2010-08-06,81.49617
2010-08-05,80.616898
2010-08-04,80.242409
2010-08-03,80.861137
2010-08-02,80.397064
2010-07-30,81.541733
2010-07-29,80.292023
2010-07-28,80.316368
2010-07-27,80.056664
2010-07-26,80.835732
2010-07-23,80.973694
2010-07-22,81.842049
2010-07-21,82.799622
2010-07-20,81.420044
2010-07-19,81.298302
2010-07-16,81.80146
2010-07-15,81.403831
2010-07-14,80.600388
2010-07-13,79.797012
2010-07-12,80.486794
2010-07-09,80.519234
2010-07-08,80.981812
2010-07-07,81.50119
2010-07-06,82.466881
2010-07-02,81.793358
2010-07-01,82.450684
2010-06-30,82.320801
2010-06-29,81.770653
2010-06-28,80.888832
2010-06-25,80.136383
2010-06-24,79.81279
2010-06-23,80.290092
2010-06-22,79.748062
2010-06-21,78.809555
2010-06-18,79.036087
2010-06-17,79.165535
2010-06-16,78.526382
2010-06-15,78.081398
2010-06-14,78.405014
2010-06-11,78.809555
2010-06-10,77.822479
2010-06-09,79.238319
2010-06-08,79.327347
2010-06-07,79.723778
2010-06-04,79.116974
2010-06-03,77.045822
2010-06-02,77.612152
2010-06-01,78.356483
2010-05-28,77.80957
2010-05-27,77.454788
2010-05-26,79.252853
2010-05-25,79.47863
2010-05-24,79.091576
2010-05-21,79.365761
2010-05-20,79.285156
2010-05-19,77.648293
2010-05-18,77.390297
2010-05-17,76.2211
2010-05-14,76.503319
2010-05-13,75.197136
2010-05-12,74.705261
2010-05-11,75.277733
2010-05-10,75.47126
2010-05-07,77.067726
2010-05-06,78.043381
2010-05-05,75.705101
2010-05-04,75.261551
2010-05-03,73.931183
2010-04-30,74.027939
2010-04-29,73.184258
2010-04-28,72.878906
2010-04-27,73.505692
2010-04-26,72.485214
2010-04-23,72.404869
2010-04-22,72.661957
2010-04-21,72.878906
2010-04-20,72.284294
2010-04-19,72.027176
2010-04-16,72.203979
2010-04-15,71.681679
2010-04-14,71.601326
2010-04-13,72.107574
2010-04-12,71.874557
2010-04-09,71.496849
2010-04-08,71.328102
2010-04-07,71.295959
2010-04-06,70.396019
2010-04-05,70.283577
2010-04-01,71.47271
2010-03-31,71.647957
2010-03-30,71.159599
2010-03-29,70.935486
2010-03-26,71.207619
2010-03-25,71.007469
2010-03-24,71.463806
2010-03-23,72.792686
2010-03-22,73.136932
2010-03-19,73.056885
2010-03-18,72.984787
2010-03-17,73.224983
2010-03-16,72.912766
2010-03-15,72.336411
2010-03-12,72.43248
2010-03-11,71.984169
2010-03-10,71.719963
2010-03-09,71.904106
2010-03-08,71.8881
2010-03-05,72.264343
2010-03-04,73.224983
2010-03-03,72.840706
2010-03-02,73.024834
2010-03-01,73.120872
2010-02-26,73.152931
2010-02-25,72.777893
2010-02-24,72.370911
2010-02-23,72.195343
2010-02-22,71.086105
2010-02-19,71.381378
2010-02-18,70.99836
2010-02-17,71.285606
2010-02-16,72.10759
2010-02-12,71.971886
2010-02-11,71.676598
2010-02-10,72.06765
2010-02-09,72.761902
2010-02-08,73.496101
2010-02-05,73.400337
2010-02-04,73.240723
2010-02-03,72.099571
2010-02-02,72.945457
2010-02-01,72.737961
2010-01-29,73.404312
2010-01-28,72.76815
2010-01-27,72.807892
2010-01-26,72.847679
2010-01-25,72.82383
2010-01-22,73.157806
2010-01-21,73.285049
2010-01-20,72.95105
2010-01-19,72.219452
2010-01-15,72.426239
2010-01-14,71.980934
2010-01-13,70.9869
2010-01-12,71.821869
2010-01-11,70.613182
2010-01-08,71.002831
2010-01-07,71.034592
2010-01-06,70.915344
2010-01-05,71.87751
2010-01-04,71.416313
2009-12-31,71.479958
2009-12-30,71.821869
2009-12-29,71.352737
2009-12-28,70.885132
2009-12-24,71.083237
2009-12-23,71.828072
2009-12-22,71.812225
2009-12-21,72.216316
2009-12-18,73.523705
2009-12-17,73.840683
2009-12-16,72.644157
2009-12-15,72.731354
2009-12-14,73.056198
2009-12-11,72.96904
2009-12-10,72.976974
2009-12-09,73.824783
2009-12-08,74.16552
2009-12-07,74.054626
2009-12-04,73.959503
2009-12-03,74.751884
2009-12-02,75.536285
2009-12-01,75.472893
2009-11-30,76.323174
2009-11-27,76.141487
2009-11-25,75.857132
2009-11-24,75.509628
2009-11-23,75.035706
2009-11-20,75.130486
2009-11-19,75.146301
2009-11-18,75.012001
2009-11-17,75.454308
2009-11-16,75.051468
2009-11-13,74.18264
2009-11-12,73.843018
2009-11-11,73.97728
2009-11-10,73.669258
2009-11-09,73.803551
2009-11-06,73.716637
2009-11-05,73.645576
2009-11-04,73.645576
2009-11-03,74.324821
2009-11-02,75.075218
2009-10-30,75.408524
2009-10-29,74.329895
2009-10-28,75.148705
2009-10-27,74.794441
2009-10-26,73.786606
2009-10-23,74.755013
2009-10-22,75.321892
2009-10-21,75.691902
2009-10-20,76.148567
2009-10-19,75.739151
2009-10-16,75.148705
2009-10-15,74.542473
2009-10-14,74.888863
2009-10-13,76.014725
2009-10-12,75.621063
2009-10-09,75.503006
2009-10-08,77.274429
2009-10-07,78.093193
2009-10-06,77.187828
2009-10-05,77.959389
2009-10-02,77.9515
2009-10-01,78.494759
2009-09-30,77.43425
2009-09-29,77.504875
2009-09-28,77.575508
2009-09-25,76.900543
2009-09-24,75.935165
2009-09-23,75.715439
2009-09-22,75.487823
2009-09-21,75.330826
2009-09-18,75.158142
2009-09-17,75.833138
2009-09-16,74.891312
2009-09-15,74.757828
2009-09-14,75.142494
2009-09-11,75.895912
2009-09-10,75.479919
2009-09-09,74.114265
2009-09-08,74.200638
2009-09-04,74.726433
2009-09-03,76.021538
2009-09-02,76.492386
2009-09-01,75.393585
2009-08-31,75.576462
2009-08-28,75.506096
2009-08-27,75.16185
2009-08-26,75.459129
2009-08-25,75.114899
2009-08-24,74.692429
2009-08-21,73.362389
2009-08-20,74.903641
2009-08-19,74.293434
2009-08-18,73.683151
2009-08-17,74.113464
2009-08-14,73.033783
2009-08-13,72.752167
2009-08-12,71.735077
2009-08-11,72.509567
2009-08-10,71.680313
2009-08-07,70.796196
2009-08-06,71.390816
2009-08-05,71.14827
2009-08-04,72.227982
2009-08-03,72.806915
2009-07-31,73.927238
2009-07-30,72.515915
2009-07-29,71.502266
2009-07-28,71.112404
2009-07-27,70.488594
2009-07-24,71.307327
2009-07-23,70.964249
2009-07-22,72.289825
2009-07-21,72.944771
2009-07-20,71.517899
2009-07-17,71.143585
2009-07-16,72.258629
2009-07-15,71.486664
2009-07-14,73.373672
2009-07-13,74.613419
2009-07-10,75.0345
2009-07-09,74.348351
2009-07-08,75.24501
2009-07-07,73.880463
2009-07-06,73.389267
2009-07-02,73.529587
2009-07-01,73.358032
2009-06-30,73.503845
2009-06-29,73.628227
2009-06-26,73.519424
2009-06-25,73.39505
2009-06-24,72.07373
2009-06-23,72.804344
2009-06-22,71.957153
2009-06-19,71.265404
2009-06-18,70.301575
2009-06-17,71.381989
2009-06-16,71.786163
2009-06-15,70.558075
2009-06-12,69.928558
2009-06-11,69.306717
2009-06-10,68.545052
2009-06-09,69.640938
2009-06-08,69.648674
2009-06-05,69.827507
2009-06-04,70.363785
2009-06-03,71.84832
2009-06-02,71.179939
2009-06-01,70.79908
2009-05-29,72.955872
2009-05-28,71.11982
2009-05-27,70.104904
2009-05-26,71.367706
2009-05-22,72.460052
2009-05-21,73.273544
2009-05-20,75.163872
2009-05-19,74.381386
2009-05-18,74.77652
2009-05-15,75.954086
2009-05-14,75.977364
2009-05-13,75.682945
2009-05-12,74.869453
2009-05-11,74.59832
2009-05-08,73.552429
2009-05-07,73.374252
2009-05-06,75.21035
2009-05-05,75.388542
2009-05-04,75.481491
2009-05-01,75.233582
2009-04-30,75.75499
2009-04-29,76.056213
2009-04-28,76.735886
2009-04-27,78.010345
2009-04-24,77.678207
2009-04-23,78.466064
2009-04-22,78.473747
2009-04-21,78.952652
2009-04-20,79.74044
2009-04-17,78.55098
2009-04-16,79.423759
2009-04-15,80.057152
2009-04-14,80.196136
2009-04-13,79.779083
2009-04-09,79.053001
2009-04-08,80.057152
2009-04-07,79.354271
2009-04-06,79.153473
2009-04-03,79.493317
2009-04-02,81.153908
2009-04-01,82.157997
2009-03-31,81.415024
2009-03-30,80.837349
2009-03-27,80.529282
2009-03-26,79.936272
2009-03-25,79.019783
2009-03-24,80.097946
2009-03-23,79.343208
2009-03-20,80.036415
2009-03-19,80.483078
2009-03-18,80.382935
2009-03-17,77.448578
2009-03-16,77.872185
2009-03-13,79.119858
2009-03-12,79.520355
2009-03-11,79.142975
2009-03-10,78.295784
2009-03-09,79.828445
2009-03-06,80.298233
2009-03-05,80.837349
2009-03-04,78.650047
2009-03-03,79.012039
2009-03-02,79.543488
2009-02-27,78.248047
2009-02-26,78.701118
2009-02-25,79.538338
2009-02-24,80.467674
2009-02-23,80.552185
2009-02-20,79.81485
2009-02-19,79.046799
2009-02-18,80.413902
2009-02-17,81.105141
2009-02-13,78.65509
2009-02-12,80.805595
2009-02-11,81.573669
2009-02-10,80.529121
2009-02-09,78.816383
2009-02-06,78.562988
2009-02-05,78.808701
2009-02-04,78.739594
2009-02-03,79.016113
2009-02-02,80.943825
2009-01-30,79.465393
2009-01-29,79.718147
2009-01-28,81.594688
2009-01-27,83.685677
2009-01-26,81.76313
2009-01-23,82.48317
2009-01-22,83.134216
2009-01-21,84.765617
2009-01-20,87.530624
2009-01-16,87.545975
2009-01-15,88.916985
2009-01-14,88.771461
2009-01-13,87.331497
2009-01-12,87.239594
2009-01-09,86.343437
2009-01-08,86.213242
2009-01-07,86.282166
2009-01-06,85.945198
2009-01-05,86.818329
2009-01-02,89.116104
2008-12-31,91.413879
2008-12-30,93.367081
2008-12-29,92.486229
2008-12-26,92.597275
2008-12-24,92.291916
2008-12-23,92.490402
2008-12-22,92.612518
2008-12-19,93.330139
2008-12-18,93.230888
2008-12-17,91.314781
2008-12-16,88.902489
2008-12-15,86.757446
2008-12-12,85.780342
2008-12-11,85.780342
2008-12-10,85.612411
2008-12-09,85.818489
2008-12-08,84.154327
2008-12-05,84.337563
2008-12-04,85.726891
2008-12-03,84.070366
2008-12-02,83.833763
2008-12-01,83.513123
2008-11-28,80.432915
2008-11-26,79.451439
2008-11-25,79.344948
2008-11-24,77.077721
2008-11-21,78.302658
2008-11-20,79.451439
2008-11-19,75.548515
2008-11-18,73.661682
2008-11-17,72.725914
2008-11-14,72.406319
2008-11-13,70.998848
2008-11-12,72.741104
2008-11-11,72.277008
2008-11-10,72.064011
2008-11-07,71.713997
2008-11-06,72.185684
2008-11-05,72.710632
2008-11-04,71.858551
2008-11-03,70.534744
2008-10-31,70.344543
2008-10-30,71.269066
2008-10-29,71.920731
2008-10-28,72.28447
2008-10-27,73.352982
2008-10-24,73.299889
2008-10-23,74.087952
2008-10-22,73.542374
2008-10-21,72.079865
2008-10-20,71.700974
2008-10-17,71.132645
2008-10-16,71.62516
2008-10-15,71.996536
2008-10-14,71.314529
2008-10-13,71.776741
2008-10-10,72.70887
2008-10-09,73.224113
2008-10-08,73.845459
2008-10-07,74.921516
2008-10-06,75.148849
2008-10-03,73.807602
2008-10-02,73.163521
2008-10-01,72.579971
2008-09-30,71.678246
2008-09-29,73.468658
2008-09-26,71.391174
2008-09-25,70.877441
2008-09-24,71.020988
2008-09-23,70.711243
2008-09-22,70.983208
2008-09-19,70.990784
2008-09-18,73.317574
2008-09-17,74.405457
2008-09-16,74.035332
2008-09-15,74.050392
2008-09-12,71.723557
2008-09-11,72.660347
2008-09-10,72.698112
2008-09-09,73.151413
2008-09-08,72.433693
2008-09-05,72.131538
2008-09-04,72.169304
2008-09-03,71.595139
2008-09-02,71.292976
2008-08-29,70.635658
2008-08-28,70.951874
2008-08-27,70.944359
2008-08-26,70.823853
2008-08-25,70.76368
2008-08-22,70.063652
2008-08-21,70.108795
2008-08-20,70.236763
2008-08-19,70.041092
2008-08-18,70.312027
2008-08-15,70.033524
2008-08-14,69.431351
2008-08-13,68.987228
2008-08-12,69.228134
2008-08-11,68.588287
2008-08-08,69.25071
2008-08-07,69.062531
2008-08-06,67.955994
2008-08-05,68.234535
2008-08-04,68.746376
2008-08-01,68.904419
2008-07-31,68.75238
2008-07-30,68.077393
2008-07-29,68.009895
2008-07-28,68.287399
2008-07-25,67.604912
2008-07-24,68.287399
2008-07-23,67.627365
2008-07-22,67.762375
2008-07-21,68.099869
2008-07-18,67.837372
2008-07-17,68.092392
2008-07-16,68.444878
2008-07-15,69.704872
2008-07-14,69.727402
2008-07-11,69.119919
2008-07-10,70.117401
2008-07-09,70.124886
2008-07-08,69.81739
2008-07-07,69.367378
2008-07-03,69.052353
2008-07-02,69.202385
2008-07-01,68.842369
2008-06-30,69.00589
2008-06-27,68.990959
2008-06-26,68.19133
2008-06-25,67.735458
2008-06-24,67.705582
2008-06-23,67.257202
2008-06-20,67.115204
2008-06-19,66.726624
2008-06-18,67.122696
2008-06-17,66.562187
2008-06-16,66.427689
2008-06-13,66.412773
2008-06-12,66.554718
2008-06-11,67.227272
2008-06-10,67.384285
2008-06-09,67.825157
2008-06-06,67.825157
2008-06-05,66.958305
2008-06-04,67.361824
2008-06-03,67.967163
2008-06-02,67.481422
2008-05-30,67.222107
2008-05-29,66.782753
2008-05-28,67.266762
2008-05-27,67.869888
2008-05-23,68.331505
2008-05-22,68.033684
2008-05-21,68.845284
2008-05-20,68.830383
2008-05-19,68.472954
2008-05-16,68.383636
2008-05-15,68.666611
2008-05-14,68.048561
2008-05-13,68.018776
2008-05-12,68.770859
2008-05-09,68.875061
2008-05-08,68.621941
2008-05-07,68.011375
2008-05-06,67.72097
2008-05-05,68.212349
2008-05-02,68.212349
2008-05-01,69.083565
2008-04-30,69.079117
2008-04-29,68.589455
2008-04-28,68.329765
2008-04-25,68.121994
2008-04-24,68.522652
2008-04-23,69.108803
2008-04-22,69.33876
2008-04-21,69.101372
2008-04-18,68.826859
2008-04-17,68.886223
2008-04-16,69.004921
2008-04-15,69.687447
2008-04-14,70.56292
2008-04-11,70.978409
2008-04-10,70.503555
2008-04-09,70.740959
2008-04-08,70.013908
2008-04-07,70.25872
2008-04-04,70.629684
2008-04-03,69.991684
2008-04-02,69.835808
2008-04-01,69.687447
2008-03-31,70.840431
2008-03-28,70.589188
2008-03-27,69.909523
2008-03-26,70.404488
2008-03-25,70.70002
2008-03-24,70.404488
2008-03-20,71.793396
2008-03-19,71.616127
2008-03-18,70.448814
2008-03-17,70.722183
2008-03-14,70.182854
2008-03-13,69.325912
2008-03-12,69.872574
2008-03-11,68.550171
2008-03-10,69.141251
2008-03-07,68.136543
2008-03-06,68.047844
2008-03-05,67.685883
2008-03-04,68.505852
2008-03-03,69.178154
2008-02-29,69.356949
2008-02-28,68.311813
2008-02-27,67.119408
2008-02-26,67.060501
2008-02-25,67.038414
2008-02-22,67.730316
2008-02-21,68.12043
2008-02-20,67.406456
2008-02-19,66.942734
2008-02-15,67.627235
2008-02-14,67.11203
2008-02-13,68.113083
2008-02-12,68.84169
2008-02-11,69.253891
2008-02-08,68.966843
2008-02-07,68.186684
2008-02-06,69.688156
2008-02-05,69.901642
2008-02-04,69.371681
2008-02-01,70.092957
2008-01-31,69.674171
2008-01-30,69.182755
2008-01-29,69.637543
2008-01-28,70.114296
2008-01-25,70.378319
2008-01-24,69.21209
2008-01-23,70.627739
2008-01-22,70.789085
2008-01-18,70.040932
2008-01-17,70.52504
2008-01-16,69.622841
2008-01-15,70.128967
2008-01-14,69.351418
2008-01-11,69.094749
2008-01-10,68.559273
2008-01-09,69.498154
2008-01-08,69.366135
2008-01-07,69.446793
2008-01-04,69.146088
2008-01-03,69.131378
2008-01-02,69.226746
2007-12-31,68.243851
2007-12-28,67.833115
2007-12-27,66.791573
2007-12-26,66.071297
2007-12-24,66.655693
2007-12-21,66.969856
2007-12-20,67.963448
2007-12-19,68.109535
2007-12-18,67.218262
2007-12-17,66.787224
2007-12-14,66.195503
2007-12-13,66.502312
2007-12-12,67.232864
2007-12-11,67.934174
2007-12-10,66.626465
2007-12-07,67.028305
2007-12-06,67.788086
2007-12-05,68.387154
2007-12-04,69.212662
2007-12-03,69.219994
2007-11-30,68.674919
2007-11-29,69.009636
2007-11-28,68.420311
2007-11-27,68.886002
2007-11-26,69.548126
2007-11-23,68.202026
2007-11-21,67.998283
2007-11-20,67.605347
2007-11-19,67.678093
2007-11-16,67.241501
2007-11-15,67.146896
2007-11-14,66.521118
2007-11-13,66.448341
2007-11-12,66.695763
2007-11-09,66.455658
2007-11-08,65.895386
2007-11-07,66.01181
2007-11-06,65.895386
2007-11-05,66.215523
2007-11-02,66.244652
2007-11-01,66.033653
2007-10-31,65.186623
2007-10-30,65.780754
2007-10-29,65.816895
2007-10-26,65.563362
2007-10-25,65.715515
2007-10-24,65.940056
2007-10-23,65.454704
2007-10-22,65.541634
2007-10-19,65.534386
2007-10-18,64.570854
2007-10-17,64.215889
2007-10-16,63.520416
2007-10-15,63.498661
2007-10-12,63.484192
2007-10-11,63.795685
2007-10-10,63.860916
2007-10-09,63.824696
2007-10-08,63.904335
2007-10-05,63.955032
2007-10-04,64.650566
2007-10-03,64.404213
2007-10-02,64.592606
2007-10-01,64.389717
2007-09-28,64.023895
2007-09-27,63.879581
2007-09-26,63.439335
2007-09-25,63.381615
2007-09-24,63.60535
2007-09-21,63.424923
2007-09-20,62.890915
2007-09-19,64.103256
2007-09-18,64.702209
2007-09-17,65.192932
2007-09-14,64.882645
2007-09-13,64.788811
2007-09-12,65.373352
2007-09-11,65.618706
2007-09-10,65.669212
2007-09-07,65.164108
2007-09-06,64.254837
2007-09-05,64.420784
2007-09-04,63.908375
2007-08-31,63.878105
2007-08-30,63.827801
2007-08-29,63.403755
2007-08-28,63.57626
2007-08-27,63.468452
2007-08-24,63.137863
2007-08-23,62.828838
2007-08-22,62.613239
2007-08-21,62.713848
2007-08-20,62.411922
2007-08-17,62.376038
2007-08-16,62.627579
2007-08-15,61.987968
2007-08-14,62.210743
2007-08-13,62.045414
2007-08-10,61.865768
2007-08-09,62.00951
2007-08-08,61.923222
2007-08-07,62.685074
2007-08-06,62.735378
2007-08-03,63.195313
2007-08-02,62.778515
2007-08-01,62.620407
2007-07-31,62.756229
2007-07-30,62.305218
2007-07-27,62.484211
2007-07-26,62.305218
2007-07-25,61.789722
2007-07-24,61.668045
2007-07-23,61.438992
2007-07-20,61.539173
2007-07-19,60.98793
2007-07-18,61.002239
2007-07-17,60.773163
2007-07-16,60.902065
2007-07-13,60.322144
2007-07-12,60.157497
2007-07-11,60.365116
2007-07-10,60.995117
2007-07-09,59.978535
2007-07-06,59.763767
2007-07-05,60.007175
2007-07-03,60.687271
2007-07-02,61.059532
2007-06-29,60.740253
2007-06-28,60.119774
2007-06-27,60.134056
2007-06-26,60.077011
2007-06-25,60.062706
2007-06-22,59.734699
2007-06-21,59.349598
2007-06-20,59.634838
2007-06-19,60.119774
2007-06-18,59.563534
2007-06-15,59.684757
2007-06-14,59.278263
2007-06-13,59.428062
2007-06-12,58.729115
2007-06-11,59.592033
