2017-03-21,12.47,,
2017-03-20,11.34,,
2017-03-17,11.28,,
2017-03-16,11.21,,
2017-03-15,11.63,,
2017-03-14,12.3,,
2017-03-13,11.35,,
2017-03-10,11.66,,
2017-03-09,12.3,,
2017-03-08,11.86,,
2017-03-07,11.45,,
2017-03-06,11.24,,
2017-03-03,10.96,,
2017-03-02,11.81,,
2017-03-01,12.54,,
2017-02-28,12.92,,
2017-02-27,12.09,,
2017-02-24,11.47,,
2017-02-23,11.71,,
2017-02-22,11.74,,
2017-02-21,11.57,,
2017-02-17,11.49,,
2017-02-16,11.76,,
2017-02-15,11.97,,
2017-02-14,10.74,,
2017-02-13,11.07,,
2017-02-10,10.85,,
2017-02-09,10.88,,
2017-02-08,11.45,,
2017-02-07,11.29,,
2017-02-06,11.37,,
2017-02-03,10.97,,
2017-02-02,11.93,,
2017-02-01,11.81,,
2017-01-31,11.99,,
2017-01-30,11.88,,
2017-01-27,10.58,,
2017-01-26,10.63,,
2017-01-25,10.81,,
2017-01-24,11.07,,
2017-01-23,11.77,,
2017-01-20,11.54,,
2017-01-19,12.78,,
2017-01-18,12.48,,
2017-01-17,11.87,,
2017-01-13,11.23,,
2017-01-12,11.54,,
2017-01-11,11.26,,
2017-01-10,11.49,,
2017-01-09,11.56,,
2017-01-06,11.32,,
2017-01-05,11.67,,
2017-01-04,11.85,,
2017-01-03,12.85,,
2016-12-30,14.04,,
2016-12-29,13.37,,
2016-12-28,12.95,,
2016-12-27,11.99,,
2016-12-23,11.44,,
2016-12-22,11.43,,
2016-12-21,11.27,,
2016-12-20,11.45,,
2016-12-19,11.71,,
2016-12-16,12.2,,
2016-12-15,12.79,,
2016-12-14,13.19,,
2016-12-13,12.72,,
2016-12-12,12.64,,
2016-12-09,11.75,,
2016-12-08,12.64,,
2016-12-07,12.22,,
2016-12-06,11.79,,
2016-12-05,12.14,,
2016-12-02,14.12,,
2016-12-01,14.07,,
2016-11-30,13.33,,
2016-11-29,12.9,,
2016-11-28,13.15,,
2016-11-25,12.34,,
2016-11-23,12.43,,
2016-11-22,12.41,,
2016-11-21,12.42,,
2016-11-18,12.85,,
2016-11-17,13.35,,
2016-11-16,13.72,,
2016-11-15,13.37,,
2016-11-14,14.48,,
2016-11-11,14.17,,
2016-11-10,14.74,,
2016-11-09,14.38,,
2016-11-08,18.74,,
2016-11-07,18.71,,
2016-11-04,22.51,,
2016-11-03,22.08,,
2016-11-02,19.32,,
2016-11-01,18.56,,
2016-10-31,17.06,,
2016-10-28,16.19,,
2016-10-27,15.36,,
2016-10-26,14.24,,
2016-10-25,13.46,,
2016-10-24,13.02,,
2016-10-21,13.34,,
2016-10-20,13.75,,
2016-10-19,14.41,,
2016-10-18,15.28,,
2016-10-17,16.21,,
2016-10-14,16.12,,
2016-10-13,16.69,,
2016-10-12,15.91,,
2016-10-11,15.36,,
2016-10-10,13.38,,
2016-10-07,13.48,,
2016-10-06,12.84,,
2016-10-05,12.99,,
2016-10-04,13.63,,
2016-10-03,13.57,,
2016-09-30,13.29,,
2016-09-29,14.02,,
2016-09-28,12.39,,
2016-09-27,13.1,,
2016-09-26,14.5,,
2016-09-23,12.29,,
2016-09-22,12.02,,
2016-09-21,13.3,,
2016-09-20,15.92,,
2016-09-19,15.53,,
2016-09-16,15.37,,
2016-09-15,16.3,,
2016-09-14,18.14,,
2016-09-13,17.85,,
2016-09-12,15.16,,
2016-09-09,17.5,,
2016-09-08,12.51,,
2016-09-07,11.94,,
2016-09-06,12.02,,
2016-09-02,11.98,,
2016-09-01,13.48,,
2016-08-31,13.42,,
2016-08-30,13.12,,
2016-08-29,12.94,,
2016-08-26,13.65,,
2016-08-25,13.63,,
2016-08-24,13.45,,
2016-08-23,12.38,,
2016-08-22,12.27,,
2016-08-19,11.34,,
2016-08-18,11.43,,
2016-08-17,12.19,,
2016-08-16,12.64,,
2016-08-15,11.81,,
2016-08-12,11.55,,
2016-08-11,11.68,,
2016-08-10,12.05,,
2016-08-09,11.66,,
2016-08-08,11.5,,
2016-08-05,11.39,,
2016-08-04,12.42,,
2016-08-03,12.86,,
2016-08-02,13.37,,
2016-08-01,12.44,,
2016-07-29,11.87,,
2016-07-28,12.72,,
2016-07-27,12.83,,
2016-07-26,13.05,,
2016-07-25,12.87,,
2016-07-22,12.02,,
2016-07-21,12.74,,
2016-07-20,11.77,,
2016-07-19,11.97,,
2016-07-18,12.44,,
2016-07-15,12.67,,
2016-07-14,12.82,,
2016-07-13,13.04,,
2016-07-12,13.55,,
2016-07-11,13.54,,
2016-07-08,13.2,,
2016-07-07,14.76,,
2016-07-06,14.96,,
2016-07-05,15.58,,
2016-07-01,14.77,,
2016-06-30,15.63,,
2016-06-29,16.64,,
2016-06-28,18.75,,
2016-06-27,23.85,,
2016-06-24,25.76,,
2016-06-23,17.25,,
2016-06-22,21.17,,
2016-06-21,18.48,,
2016-06-20,18.37,,
2016-06-17,19.41,,
2016-06-16,19.37,,
2016-06-15,20.14,,
2016-06-14,20.5,,
2016-06-13,20.97,,
2016-06-10,17.03,,
2016-06-09,14.64,,
2016-06-08,14.08,,
2016-06-07,14.05,,
2016-06-06,13.65,,
2016-06-03,13.47,,
2016-06-02,13.63,,
2016-06-01,14.2,,
2016-05-31,14.19,,
2016-05-27,13.12,,
2016-05-26,13.43,,
2016-05-25,13.9,,
2016-05-24,14.42,,
2016-05-23,15.82,,
2016-05-20,15.2,,
2016-05-19,16.33,,
2016-05-18,15.95,,
2016-05-17,15.57,,
2016-05-16,14.68,,
2016-05-13,15.04,,
2016-05-12,14.41,,
2016-05-11,14.69,,
2016-05-10,13.63,,
2016-05-09,14.57,,
2016-05-06,14.72,,
2016-05-05,15.91,,
2016-05-04,16.05,,
2016-05-03,15.6,,
2016-05-02,14.68,,
2016-04-29,15.7,,
2016-04-28,15.22,,
2016-04-27,13.77,,
2016-04-26,13.96,,
2016-04-25,14.08,,
2016-04-22,13.22,,
2016-04-21,13.95,,
2016-04-20,13.28,,
2016-04-19,13.24,,
2016-04-18,13.35,,
2016-04-15,13.62,,
2016-04-14,13.72,,
2016-04-13,13.84,,
2016-04-12,14.85,,
2016-04-11,16.26,,
2016-04-08,15.36,,
2016-04-07,16.16,,
2016-04-06,14.09,,
2016-04-05,15.42,,
2016-04-04,14.12,,
2016-04-01,13.1,,
2016-03-31,13.95,,
2016-03-30,13.56,,
2016-03-29,13.82,,
2016-03-28,15.24,,
2016-03-24,14.74,,
2016-03-23,14.94,,
2016-03-22,14.17,,
2016-03-21,13.79,,
2016-03-18,14.02,,
2016-03-17,14.44,,
2016-03-16,14.99,,
2016-03-15,16.84,,
2016-03-14,16.92,,
2016-03-11,16.5,,
2016-03-10,18.05,,
2016-03-09,18.34,,
2016-03-08,18.67,,
2016-03-07,17.35,,
2016-03-04,16.86,,
2016-03-03,16.7,,
2016-03-02,17.09,,
2016-03-01,17.7,,
2016-02-29,20.55,,
2016-02-26,19.81,,
2016-02-25,19.11,,
2016-02-24,20.72,,
2016-02-23,20.98,,
2016-02-22,19.38,,
2016-02-19,20.53,,
2016-02-18,21.64,,
2016-02-17,22.31,,
2016-02-16,24.11,,
2016-02-12,25.4,,
2016-02-11,28.14,,
2016-02-10,26.29,,
2016-02-09,26.54,,
2016-02-08,26,,
2016-02-05,23.38,,
2016-02-04,21.84,,
2016-02-03,21.65,,
2016-02-02,21.98,,
2016-02-01,19.98,,
2016-01-29,20.2,,
2016-01-28,22.42,,
2016-01-27,23.11,,
2016-01-26,22.5,,
2016-01-25,24.15,,
2016-01-22,22.34,,
2016-01-21,26.69,,
2016-01-20,27.59,,
2016-01-19,26.05,,
2016-01-15,27.02,,
2016-01-14,23.95,,
2016-01-13,25.22,,
2016-01-12,22.47,,
2016-01-11,24.3,,
2016-01-08,27.01,,
2016-01-07,24.99,,
2016-01-06,20.59,,
2016-01-05,19.34,,
2016-01-04,20.7,,
2015-12-31,18.21,,
2015-12-30,17.29,,
2015-12-29,16.08,,
2015-12-28,16.91,,
2015-12-24,15.74,,
2015-12-23,15.57,,
2015-12-22,16.6,,
2015-12-21,18.7,,
2015-12-18,20.7,,
2015-12-17,18.94,,
2015-12-16,17.86,,
2015-12-15,20.95,,
2015-12-14,22.73,,
2015-12-11,24.39,,
2015-12-10,19.34,,
2015-12-09,19.61,,
2015-12-08,17.6,,
2015-12-07,15.84,,
2015-12-04,14.81,,
2015-12-03,18.11,,
2015-12-02,15.91,,
2015-12-01,14.67,,
2015-11-30,16.13,,
2015-11-27,15.12,,
2015-11-25,15.19,,
2015-11-24,15.93,,
2015-11-23,15.62,,
2015-11-20,15.47,,
2015-11-19,16.99,,
2015-11-18,16.85,,
2015-11-17,18.84,,
2015-11-16,18.16,,
2015-11-13,20.08,,
2015-11-12,18.37,,
2015-11-11,16.06,,
2015-11-10,15.29,,
2015-11-09,16.52,,
2015-11-06,14.33,,
2015-11-05,15.05,,
2015-11-04,15.51,,
2015-11-03,14.54,,
2015-11-02,14.15,,
2015-10-30,15.07,,
2015-10-29,14.61,,
2015-10-28,14.33,,
2015-10-27,15.43,,
2015-10-26,15.29,,
2015-10-23,14.46,,
2015-10-22,14.45,,
2015-10-21,16.7,,
2015-10-20,15.75,,
2015-10-19,14.98,,
2015-10-16,15.05,,
2015-10-15,16.05,,
2015-10-14,18.03,,
2015-10-13,17.67,,
2015-10-12,16.17,,
2015-10-09,17.08,,
2015-10-08,17.42,,
2015-10-07,18.4,,
2015-10-06,19.4,,
2015-10-05,19.54,,
2015-10-02,20.94,,
2015-10-01,22.55,,
2015-09-30,24.5,,
2015-09-29,26.83,,
2015-09-28,27.63,,
2015-09-25,23.62,,
2015-09-24,23.47,,
2015-09-23,22.13,,
2015-09-22,22.44,,
2015-09-21,20.14,,
2015-09-18,22.28,,
2015-09-17,21.14,,
2015-09-16,21.35,,
2015-09-15,22.54,,
2015-09-14,24.25,,
2015-09-11,23.2,,
2015-09-10,24.37,,
2015-09-09,26.23,,
2015-09-08,24.9,,
2015-09-04,27.8,,
2015-09-03,25.61,,
2015-09-02,26.09,,
2015-09-01,31.4,,
2015-08-31,28.43,,
2015-08-28,26.05,,
2015-08-27,26.1,,
2015-08-26,30.32,,
2015-08-25,36.02,,
2015-08-24,40.74,,
2015-08-21,28.03,,
2015-08-20,19.14,,
2015-08-19,15.25,,
2015-08-18,13.79,,
2015-08-17,13.02,,
2015-08-14,12.83,,
2015-08-13,13.49,,
2015-08-12,13.61,,
2015-08-11,13.71,,
2015-08-10,12.23,,
2015-08-07,13.39,,
2015-08-06,13.77,,
2015-08-05,12.51,,
2015-08-04,13,,
2015-08-03,12.56,,
2015-07-31,12.12,,
2015-07-30,12.13,,
2015-07-29,12.5,,
2015-07-28,13.44,,
2015-07-27,15.6,,
2015-07-24,13.74,,
2015-07-23,12.64,,
2015-07-22,12.12,,
2015-07-21,12.22,,
2015-07-20,12.25,,
2015-07-17,11.95,,
2015-07-16,12.11,,
2015-07-15,13.23,,
2015-07-14,13.37,,
2015-07-13,13.9,,
2015-07-10,16.83,,
2015-07-09,19.969999,,
2015-07-08,19.66,,
2015-07-07,16.09,,
2015-07-06,17.01,,
2015-07-02,16.790001,,
2015-07-01,16.09,,
2015-06-30,18.23,,
2015-06-29,18.85,,
2015-06-26,14.02,,
2015-06-25,14.01,,
2015-06-24,13.26,,
2015-06-23,12.11,,
2015-06-22,12.74,0.75,7.5
2015-06-19,13.96,0.82,8.2
2015-06-18,13.19,0.8,8
2015-06-17,14.5,0.85,8.5
2015-06-16,14.81,0.86,8.6
2015-06-15,15.39,0.89,8.889
2015-06-12,13.78,0.83,8.3
2015-06-11,12.85,0.81,8.1
2015-06-10,13.22,0.84,8.4
2015-06-09,14.47,0.91,9.1
2015-06-08,15.29,0.93,9.3
2015-06-05,14.21,0.91,9.1
2015-06-04,14.71,0.94,9.4
2015-06-03,13.66,0.88,8.8
2015-06-02,14.24,0.9,9
2015-06-01,13.97,0.88,8.8
2015-05-29,13.84,0.89,8.9
2015-05-28,13.31,0.89,8.9
2015-05-27,13.27,0.87,8.7
2015-05-26,14.06,0.94,9.4
2015-05-22,12.13,0.88,8.8
2015-05-21,12.11,0.88,8.8
2015-05-20,12.88,0.93,9.3
2015-05-19,12.85,0.93,9.3
2015-05-18,12.73,0.97,9.7
2015-05-15,12.38,1.04,10.4
2015-05-14,12.74,1.05,10.5
2015-05-13,13.76,1.1,11
2015-05-12,13.86,1.13,11.3
2015-05-11,13.85,1.14,11.4
2015-05-08,12.86,1.09,10.9
2015-05-07,15.13,1.2,12
2015-05-06,15.15,1.23,12.3
2015-05-05,14.31,1.18,11.8
2015-05-04,12.85,1.13,11.3
2015-05-01,12.7,1.13,11.3
2015-04-30,14.55,1.22,12.2
2015-04-29,13.39,1.18,11.8
2015-04-28,12.41,1.12,11.2
2015-04-27,13.12,1.2,12
2015-04-24,12.29,1.13,11.3
2015-04-23,12.48,1.16,11.6
2015-04-22,12.71,1.18,11.8
2015-04-21,13.25,1.19,11.9
2015-04-20,13.3,1.19,11.9
2015-04-17,13.89,1.27,12.7
2015-04-16,12.6,1.2,12
2015-04-15,12.84,1.25,12.5
2015-04-14,13.67,1.31,13.1
2015-04-13,13.94,1.34,13.4
2015-04-10,12.58,1.27,12.7
2015-04-09,13.09,1.4,14
2015-04-08,13.98,1.5,15
2015-04-07,14.78,1.55,15.5
2015-04-06,14.74,1.57,15.7
2015-04-02,14.67,1.63,16.3
2015-04-01,15.11,1.7,17
2015-03-31,15.29,1.7,17
2015-03-30,14.51,1.62,16.2
2015-03-27,15.07,1.72,17.2
2015-03-26,15.8,1.76,17.6
2015-03-25,15.44,1.79,17.9
2015-03-24,13.62,1.65,16.5
2015-03-23,13.41,1.69,16.9
2015-03-20,13.02,1.73,17.3
2015-03-19,14.07,1.79,17.9
2015-03-18,13.97,1.83,18.3
2015-03-17,15.66,1.97,19.7
2015-03-16,15.61,2.01,20.1
2015-03-13,16,2.07,20.7
2015-03-12,15.42,2.01,20.1
2015-03-11,16.87,2.22,22.2
2015-03-10,16.69,2.14,21.4
2015-03-09,15.06,2.03,20.3
2015-03-06,15.2,2.1,21
2015-03-05,14.04,1.98,19.8
2015-03-04,14.23,2.01,20.1
2015-03-03,13.86,2.03,20.3
2015-03-02,13.04,1.99,19.9
2015-02-27,13.34,2.08,20.8
2015-02-26,13.91,2.08,20.8
2015-02-25,13.84,2.17,21.7
2015-02-24,13.69,2.13,21.3
2015-02-23,14.56,2.3,23
2015-02-20,14.3,2.28,22.8
2015-02-19,15.29,2.42,24.2
2015-02-18,15.45,2.53,25.3
2015-02-17,15.8,2.58,25.8
2015-02-13,14.69,2.57,25.7
2015-02-12,15.34,2.62,26.2
2015-02-11,16.96,2.91,29.1
2015-02-10,17.23,2.88,28.8
2015-02-09,18.55,3.1,31
2015-02-06,17.29,3.06,30.6
2015-02-05,16.85,2.86,28.6
2015-02-04,18.33,3.05,30.5
2015-02-03,17.33,2.91,29.1
2015-02-02,19.43,3.19,31.9
2015-01-30,20.97,3.54,35.4
2015-01-29,18.76,2.99,29.9
2015-01-28,20.44,3.2,32
2015-01-27,17.22,2.77,27.7
2015-01-26,15.52,2.59,25.9
2015-01-23,16.66,2.82,28.2
2015-01-22,16.4,2.7,27
2015-01-21,18.85,3.07,30.7
2015-01-20,19.89,3.37,33.7
2015-01-16,20.95,3.43,34.3
2015-01-15,22.39,3.58,35.8
2015-01-14,21.48,3.38,33.8
2015-01-13,20.56,3.26,32.6
2015-01-12,19.6,3.07,30.7
2015-01-09,17.55,2.81,28.1
2015-01-08,17.01,2.64,26.4
2015-01-07,19.31,2.99,29.9
2015-01-06,21.12,3.21,32.1
2015-01-05,19.92,3.05,30.5
2015-01-02,17.79,2.66,26.6
2014-12-31,19.2,2.76,27.6
2014-12-30,15.92,2.41,24.1
2014-12-29,15.06,2.3,23
2014-12-26,14.5,2.33,23.3
2014-12-24,14.37,2.29,22.9
2014-12-23,14.8,2.31,23.1
2014-12-22,15.25,2.31,23.1
2014-12-19,16.49,2.53,25.3
2014-12-18,16.81,2.58,25.8
2014-12-17,19.44,2.76,27.6
2014-12-16,23.57,3.44,34.4
2014-12-15,20.42,3.15,31.5
2014-12-12,21.08,3.32,33.2
2014-12-11,20.08,3.01,30.1
2014-12-10,18.53,2.68,26.8
2014-12-09,15.35,2.24,22.4
2014-12-08,14.21,2.21,22.1
2014-12-05,11.89,2.08,20.8
2014-12-04,12.38,2.15,21.5
2014-12-03,12.5,2.18,21.8
2014-12-02,12.85,2.25,22.5
2014-12-01,14.16,2.48,24.8
2014-11-28,13.33,2.31,23.1
2014-11-26,12.07,2.22,22.2
2014-11-25,12.25,2.3,23
2014-11-24,12.62,2.34,23.4
2014-11-21,12.9,2.42,24.2
2014-11-20,13.58,2.49,24.9
2014-11-19,13.96,2.53,25.3
2014-11-18,13.86,2.46,24.6
2014-11-17,13.99,2.52,25.2
2014-11-14,13.31,2.52,25.2
2014-11-13,13.79,2.5,25
2014-11-12,13.02,2.46,24.6
2014-11-11,12.92,2.39,23.9
2014-11-10,12.67,2.42,24.2
2014-11-07,13.12,2.59,25.9
2014-11-06,13.67,2.65,26.5
2014-11-05,14.17,2.79,27.9
2014-11-04,14.89,2.85,28.5
2014-11-03,14.73,2.89,28.9
2014-10-31,14.03,2.8,28
2014-10-30,14.52,2.94,29.4
2014-10-29,15.15,2.92,29.2
2014-10-28,14.39,2.84,28.4
2014-10-27,16.04,3.24,32.4
2014-10-24,16.11,3.31,33.1
2014-10-23,16.53,3.39,33.9
2014-10-22,17.87,3.81,38.1
2014-10-21,16.08,3.32,33.2
2014-10-20,18.57,3.9,39
2014-10-17,21.99,4.58,45.8
2014-10-16,25.2,5.02,50.2
2014-10-15,25.27,4.88,48.8
2014-10-14,22.79,4.77,47.7
2014-10-13,24.64,4.93,49.3
2014-10-10,21.24,4.12,41.2
2014-10-09,18.76,3.35,33.5
2014-10-08,15.11,2.89,28.9
2014-10-07,17.2,3.43,34.3
2014-10-06,15.46,3.01,30.1
2014-10-03,14.55,2.94,29.4
2014-10-02,16.16,3.31,33.1
2014-10-01,16.71,3.39,33.9
2014-09-30,16.31,3.25,32.5
2014-09-29,15.98,3.17,31.7
2014-09-26,14.85,2.92,29.2
2014-09-25,15.64,3.1,31
2014-09-24,13.27,2.71,27.1
2014-09-23,14.93,2.89,28.9
2014-09-22,13.69,2.72,27.2
2014-09-19,12.11,2.56,25.6
2014-09-18,12.03,2.57,25.7
2014-09-17,12.65,2.64,26.4
2014-09-16,12.73,2.68,26.8
2014-09-15,14.12,2.97,29.7
2014-09-12,13.31,2.82,28.2
2014-09-11,12.8,2.71,27.1
2014-09-10,12.88,2.72,27.2
2014-09-09,13.5,2.74,27.4
2014-09-08,12.66,2.63,26.3
2014-09-05,12.09,2.62,26.2
2014-09-04,12.64,2.71,27.1
2014-09-03,12.36,2.7,27
2014-09-02,12.25,2.77,27.7
2014-08-29,12.09,2.74,27.4
2014-08-28,12.05,2.77,27.7
2014-08-27,11.78,2.68,26.8
2014-08-26,11.63,2.66,26.6
2014-08-25,11.7,2.61,26.1
2014-08-22,11.47,2.66,26.6
2014-08-21,11.76,2.69,26.9
2014-08-20,11.78,2.65,26.5
2014-08-19,12.21,2.62,26.2
2014-08-18,12.32,2.69,26.9
2014-08-15,13.15,2.87,28.7
2014-08-14,12.42,2.86,28.6
2014-08-13,12.9,3.05,30.5
2014-08-12,14.13,3.42,34.2
2014-08-11,14.23,3.45,34.5
2014-08-08,15.77,3.82,38.2
2014-08-07,16.66,4.13,41.3
2014-08-06,16.37,3.96,39.6
2014-08-05,16.87,3.91,39.1
2014-08-04,15.12,3.43,34.3
2014-08-01,17.03,3.8,38
2014-07-31,16.95,3.47,34.7
2014-07-30,13.33,2.99,29.9
2014-07-29,13.28,2.92,29.2
2014-07-28,12.56,2.93,29.3
2014-07-25,12.69,2.94,29.4
2014-07-24,11.84,2.8,28
2014-07-23,11.52,2.85,28.5
2014-07-22,12.24,2.81,28.1
2014-07-21,12.81,2.91,29.1
2014-07-18,12.06,2.78,27.8
2014-07-17,14.54,3.16,31.6
2014-07-16,11,2.7,27
2014-07-15,11.96,2.84,28.4
2014-07-14,11.82,2.72,27.2
2014-07-11,12.08,2.87,28.7
2014-07-10,12.59,2.97,29.7
2014-07-09,11.65,2.78,27.8
2014-07-08,11.98,2.88,28.8
2014-07-07,11.33,2.79,27.9
2014-07-03,10.32,2.69,26.9
2014-07-02,10.82,2.77,27.7
2014-07-01,11.15,2.83,28.3
2014-06-30,11.57,2.98,29.8
2014-06-27,11.26,3.06,30.6
2014-06-26,11.63,3.1,31
2014-06-25,11.59,3.03,30.3
2014-06-24,12.13,3.28,32.8
2014-06-23,10.98,3.01,30.1
2014-06-20,10.85,3.18,31.8
2014-06-19,10.62,3.11,31.1
2014-06-18,10.61,3.09,30.9
2014-06-17,12.06,3.44,34.4
2014-06-16,12.65,3.69,36.9
2014-06-13,12.18,3.7,37
2014-06-12,12.56,3.88,38.8
2014-06-11,11.6,3.51,35.1
2014-06-10,10.99,3.35,33.5
2014-06-09,11.15,3.48,34.8
2014-06-06,10.73,3.41,34.1
2014-06-05,11.68,3.79,37.9
2014-06-04,12.08,4.05,40.5
2014-06-03,11.87,4.17,41.7
2014-06-02,11.58,4.15,41.5
2014-05-30,11.4,4.21,42.1
2014-05-29,11.57,4.2,42
2014-05-28,11.68,4.27,42.7
2014-05-27,11.51,4.27,42.7
2014-05-23,11.36,4.56,45.6
2014-05-22,12.03,4.64,46.4
2014-05-21,11.91,4.64,46.4
2014-05-20,12.96,4.74,47.4
2014-05-19,12.42,4.83,48.3
2014-05-16,12.44,5.01,50.1
2014-05-15,13.17,5.28,52.8
2014-05-14,12.17,5.18,51.8
2014-05-13,12.13,5.22,52.2
2014-05-12,12.23,5.2,52
2014-05-09,12.92,5.54,55.4
2014-05-08,13.43,5.74,57.4
2014-05-07,13.4,5.68,56.8
2014-05-06,13.8,5.95,59.5
2014-05-05,13.29,5.93,59.3
2014-05-02,12.91,6.05,60.5
2014-05-01,13.25,6.09,60.9
2014-04-30,13.41,6.09,60.9
2014-04-29,13.71,6.12,61.2
2014-04-28,13.97,6.26,62.6
2014-04-25,14.06,6.56,65.6
2014-04-24,13.32,6.5,65
2014-04-23,13.27,6.31,63.1
2014-04-22,13.19,6.27,62.7
2014-04-21,13.25,6.32,63.2
2014-04-17,13.36,6.5,65
2014-04-16,14.18,6.69,66.9
2014-04-15,15.61,7.14,71.4
2014-04-14,16.18,7.31,73.1
2014-04-11,17.03,7.37,73.7
2014-04-10,15.89,6.98,69.8
2014-04-09,13.82,6.34,63.4
2014-04-08,14.89,6.58,65.8
2014-04-07,15.57,6.87,68.7
2014-04-04,13.96,6.69,66.9
2014-04-03,13.37,6.45,64.5
2014-04-02,13.09,6.53,65.3
2014-04-01,13.1,6.5,65
2014-03-31,13.88,7.01,70.1
2014-03-28,14.41,7.23,72.3
2014-03-27,14.62,7.35,73.5
2014-03-26,14.93,7.49,74.9
2014-03-25,14.02,7.31,73.1
2014-03-24,15.09,7.45,74.5
2014-03-21,15,7.41,74.1
2014-03-20,14.52,7.29,72.9
2014-03-19,14.97,7.37,73.7
2014-03-18,14.53,7.13,71.3
2014-03-17,15.64,7.7,77
2014-03-14,17.82,8.39,83.9
2014-03-13,16.22,8.02,80.2
2014-03-12,14.47,7.42,74.2
2014-03-11,14.8,7.42,74.2
2014-03-10,14.2,7.27,72.7
2014-03-07,14.11,7.31,73.1
2014-03-06,14.21,7.06,70.6
2014-03-05,13.89,7.1,71
2014-03-04,14.1,7.18,71.8
2014-03-03,16,8.16,81.6
2014-02-28,14,7.36,73.6
2014-02-27,14.04,7.13,71.3
2014-02-26,14.35,7.15,71.5
2014-02-25,13.67,7.01,70.1
2014-02-24,14.23,7.03,70.3
2014-02-21,14.68,7.07,70.7
2014-02-20,14.79,6.96,69.6
2014-02-19,15.5,7.43,74.3
2014-02-18,13.87,6.66,66.6
2014-02-14,13.57,6.78,67.8
2014-02-13,14.14,7.03,70.3
2014-02-12,14.3,7.11,71.1
2014-02-11,14.51,7.4,74
2014-02-10,15.26,7.92,79.2
2014-02-07,15.31,7.93,79.3
2014-02-06,17.23,9.08,90.8
2014-02-05,19.95,11.23,112.3
2014-02-04,19.11,10.46,104.6
2014-02-03,21.44,10.91,109.1
2014-01-31,18.41,9.59,95.9
2014-01-30,17.29,8.21,82.1
2014-01-29,17.35,8.48,84.8
2014-01-28,15.8,7.53,75.3
2014-01-27,17.42,8.17,81.7
2014-01-24,17.88,8.03,80.3
2014-01-23,13.77,6.86,68.6
2014-01-22,12.84,6.51,65.1
2014-01-21,12.87,6.69,66.9
2014-01-17,12.44,6.83,68.3
2014-01-16,12.53,6.84,68.4
2014-01-15,12.28,6.76,67.6
2014-01-14,12.28,6.7,67
2014-01-13,13.28,7.31,73.1
2014-01-10,12.14,6.82,68.2
2014-01-09,12.89,7.16,71.6
2014-01-08,12.87,7.16,71.6
2014-01-07,12.92,7.1,71
2014-01-06,13.55,7.43,74.3
2014-01-03,13.76,7.58,75.8
2014-01-02,14.23,7.68,76.8
2013-12-31,13.72,7.5,75
2013-12-30,13.56,7.46,74.6
2013-12-27,12.46,7.28,72.8
2013-12-26,12.33,7.09,70.9
2013-12-24,12.48,7.35,73.5
2013-12-23,13.04,7.67,76.7
2013-12-20,13.79,8.18,81.8
2013-12-19,14.15,8.12,81.2
2013-12-18,13.8,8.02,80.2
2013-12-17,16.21,9.23,92.3
2013-12-16,16.03,9.28,92.8
2013-12-13,15.76,9.28,92.8
2013-12-12,15.54,9.26,92.6
2013-12-11,15.35,9.19,91.9
2013-12-10,13.91,8.48,84.8
2013-12-09,13.49,8.4,84
2013-12-06,13.79,8.51,85.1
2013-12-05,15.08,9.13,91.3
2013-12-04,14.7,9.06,90.6
2013-12-03,14.55,9.18,91.8
2013-12-02,14.23,8.83,88.3
2013-11-29,13.7,8.7,87
2013-11-27,12.98,8.47,84.7
2013-11-26,12.81,8.47,84.7
2013-11-25,12.79,8.4,84
2013-11-22,12.26,8.32,83.2
2013-11-21,12.66,8.6,86
2013-11-20,13.4,9.24,92.4
2013-11-19,13.42,9.55,95.5
2013-11-18,13.1,9.38,93.8
2013-11-15,12.19,9.39,93.9
2013-11-14,12.37,9.61,96.1
2013-11-13,12.52,9.82,98.2
2013-11-12,12.82,9.9,99
2013-11-11,12.53,9.97,99.7
2013-11-08,12.9,10.04,100.4
2013-11-07,13.91,10.88,108.8
2013-11-06,12.68,10.2,102
2013-11-05,13.27,10.54,105.4
2013-11-04,12.93,10.62,106.2
2013-11-01,13.28,11.17,111.7
2013-10-31,13.75,11.29,112.9
2013-10-30,13.65,11.36,113.6
2013-10-29,13.41,11.17,111.7
2013-10-28,13.31,11.3,113
2013-10-25,13.09,11.17,111.7
2013-10-24,13.2,11.22,112.2
2013-10-23,13.42,11.5,115
2013-10-22,13.33,11.36,113.6
2013-10-21,13.16,11.31,113.1
2013-10-18,13.04,11.3,113
2013-10-17,13.48,11.58,115.8
2013-10-16,14.71,13,130
2013-10-15,18.66,16.26,162.6
2013-10-14,16.07,14.58,145.8
2013-10-11,15.72,14.31,143.1
2013-10-10,16.48,14.98,149.8
2013-10-09,19.6,18.49,184.9
2013-10-08,20.34,19.77,197.7
2013-10-07,19.41,18.09,180.9
2013-10-04,16.74,15.87,158.7
2013-10-03,17.67,16.18,161.8
2013-10-02,16.6,15.07,150.7
2013-10-01,15.54,14.29,142.9
2013-09-30,16.6,15.21,152.1
2013-09-27,15.46,14.25,142.5
2013-09-26,14.06,13.32,133.2
2013-09-25,14.01,13.8,138
2013-09-24,14.08,13.86,138.6
2013-09-23,14.31,13.98,139.8
2013-09-20,13.12,13.67,136.7
2013-09-19,13.16,13.3,133
2013-09-18,13.59,13.48,134.8
2013-09-17,14.53,14.51,145.1
2013-09-16,14.42,14.88,148.8
2013-09-13,14.16,15.09,150.9
2013-09-12,14.29,15.49,154.9
2013-09-11,13.82,14.94,149.4
2013-09-10,14.53,16,160
2013-09-09,15.63,17.27,172.7
2013-09-06,15.85,18.61,186.1
2013-09-05,15.77,18.37,183.7
2013-09-04,15.88,19.17,191.7
2013-09-03,16.61,19.16,191.6
2013-08-30,17.01,20.67,206.7
2013-08-29,16.81,20.1,201
2013-08-28,16.49,19.5,195
2013-08-27,16.82,19.6,196
2013-08-26,14.99,17.1,171
2013-08-23,14.06,16.2,162
2013-08-22,14.76,16.8,168
2013-08-21,15.94,17.5,175
2013-08-20,14.91,16.8,168
2013-08-19,15.1,17.2,172
2013-08-16,14.37,16.5,165
2013-08-15,14.73,16.9,169
2013-08-14,13.04,15.6,156
2013-08-13,12.31,15.1,151
2013-08-12,12.81,15.4,154
2013-08-09,13.41,15.7,157
2013-08-08,12.73,15.2,152
2013-08-07,12.98,15.7,157
2013-08-06,12.72,15.6,156
2013-08-05,11.84,14.5,145
2013-08-02,11.98,14.9,149
2013-08-01,12.99,15.9,159
2013-07-31,13.45,17.2,172
2013-07-30,13.39,18,180
2013-07-29,13.39,18.5,185
2013-07-26,12.72,18.2,182
2013-07-25,12.97,18.3,183
2013-07-24,13.18,19.1,191
2013-07-23,12.66,18.7,187
2013-07-22,12.29,18.9,189
2013-07-19,12.54,19.8,198
2013-07-18,13.77,20.5,205
2013-07-17,13.78,21.2,212
2013-07-16,14.42,22.6,226
2013-07-15,13.79,21.6,216
2013-07-12,13.84,22.6,226
2013-07-11,14.01,22.1,221
2013-07-10,14.21,23.6,236
2013-07-09,14.35,24.1,241
2013-07-08,14.78,24.8,248
2013-07-05,14.89,26.9,269
2013-07-03,16.2,29.7,297
2013-07-02,16.44,30.3,303
2013-07-01,16.37,29.5,295
2013-06-28,16.86,31.2,312
2013-06-27,16.86,31.7,317
2013-06-26,17.21,34.3,343
2013-06-25,18.47,36,360
2013-06-24,20.11,38,380
2013-06-21,18.9,34.2,342
2013-06-20,20.49,36.6,366
2013-06-19,16.64,30,300
2013-06-18,16.61,30.3,303
2013-06-17,16.8,30.9,309
2013-06-14,17.15,32.1,321
2013-06-13,16.41,30.8,308
2013-06-12,18.59,33.4,334
2013-06-11,17.07,30.1,301
2013-06-10,15.44,27.1,271
2013-06-07,15.14,27.5,275
2013-06-06,16.63,30.1,301
2013-06-05,17.5,30.6,306
2013-06-04,16.27,28.5,285
2013-06-03,16.28,28,280
2013-05-31,16.3,27.9,279
2013-05-30,14.53,26.4,264
2013-05-29,14.83,26.4,264
2013-05-28,14.48,25.7,257
2013-05-24,13.99,26.8,268
2013-05-23,14.07,27.1,271
2013-05-22,13.82,26.7,267
2013-05-21,13.37,26.1,261
2013-05-20,13.02,25.8,258
2013-05-17,12.45,25.2,252
2013-05-16,13.07,26.6,266
2013-05-15,12.81,26.2,262
2013-05-14,12.77,25.8,258
2013-05-13,12.55,26.1,261
2013-05-10,12.59,26.5,265
2013-05-09,13.13,26.8,268
2013-05-08,12.66,26,260
2013-05-07,12.83,25.8,258
2013-05-06,12.66,26.5,265
2013-05-03,12.85,27.4,274
2013-05-02,13.59,28.4,284
2013-05-01,14.49,29.9,299
2013-04-30,13.52,28,280
2013-04-29,13.71,28.5,285
2013-04-26,13.61,28.7,287
2013-04-25,13.62,28.7,287
2013-04-24,13.61,28.6,286
2013-04-23,13.48,28.5,285
2013-04-22,14.39,31.5,315
2013-04-19,14.97,32.6,326
2013-04-18,17.56,37.1,371
2013-04-17,16.51,34.2,342
2013-04-16,13.96,28.8,288
2013-04-15,17.27,33.7,337
2013-04-12,12.06,28.8,288
2013-04-11,12.24,29.8,298
2013-04-10,12.36,30.4,304
2013-04-09,12.84,31.9,319
2013-04-08,13.19,32.9,329
2013-04-05,13.92,34.6,346
2013-04-04,13.89,34.5,345
2013-04-03,14.21,35,350
2013-04-02,12.76,33.1,331
2013-04-01,13.58,35.2,352
2013-03-28,12.7,35.1,351
2013-03-27,13.15,35.1,351
2013-03-26,12.77,35.1,351
2013-03-25,13.74,37,370
2013-03-22,13.57,37.7,377
2013-03-21,13.99,38.1,381
2013-03-20,12.67,36.9,369
2013-03-19,14.39,40.3,403
2013-03-18,13.36,42.2,422
2013-03-15,11.3,39.2,392
2013-03-14,11.3,39.1,391
2013-03-13,11.83,40,400
2013-03-12,12.27,40.1,401
2013-03-11,11.56,39,390
2013-03-08,12.59,41.5,415
2013-03-07,13.06,42.3,423
2013-03-06,13.53,43.8,438
2013-03-05,13.48,43,430
2013-03-04,14.01,46.2,462
2013-03-01,15.36,50.8,508
2013-02-28,15.51,49,490
2013-02-27,14.73,46.9,469
2013-02-26,16.87,53.9,539
2013-02-25,18.99,56.5,565
2013-02-22,14.17,45.2,452
2013-02-21,15.22,47.8,478
2013-02-20,14.68,46.5,465
2013-02-19,12.31,40.3,403
2013-02-15,12.46,43.9,439
2013-02-14,12.66,44.5,445
2013-02-13,12.98,45.6,456
2013-02-12,12.64,45.6,456
2013-02-11,12.94,46.7,467
2013-02-08,13.02,48.1,481
2013-02-07,13.5,50,500
2013-02-06,13.41,50.4,504
2013-02-05,13.72,50.7,507
2013-02-04,14.67,54.5,545
2013-02-01,12.9,49,490
2013-01-31,14.38,53.4,534
2013-01-30,14.32,53.4,534
2013-01-29,13.31,47.6,476
2013-01-28,13.57,50.6,506
2013-01-25,12.89,48,480
2013-01-24,12.69,47.8,478
2013-01-23,12.46,46.9,469
2013-01-22,12.43,50.2,502
2013-01-18,12.46,52.8,528
2013-01-17,13.57,59.5,595
2013-01-16,13.42,59.5,595
2013-01-15,13.55,62.7,627
2013-01-14,13.52,63.1,631
2013-01-11,13.36,65.6,656
2013-01-10,13.49,66.4,664
2013-01-09,13.81,68.5,685
2013-01-08,13.62,69,690
2013-01-07,13.79,70.8,708
2013-01-04,13.83,70.3,703
2013-01-03,14.56,73.5,735
2013-01-02,14.68,73.9,739
2012-12-31,18.02,93.4,934
2012-12-28,21.79,120.9,1209
2012-12-27,19.47,111.3,1113
2012-12-26,19.48,109.8,1098
2012-12-24,17.84,98.3,983
2012-12-21,17.84,101.6,1016
2012-12-20,17.67,90,900
2012-12-19,17.36,86,860
2012-12-18,15.57,79,790
2012-12-17,16.34,86,860
2012-12-14,16.99,90,900
2012-12-13,16.56,88,880
2012-12-12,15.95,85,850
2012-12-11,15.57,83,830
2012-12-10,16.05,88,880
2012-12-07,15.87,87,870
2012-12-06,16.58,91,910
2012-12-05,16.46,90,900
2012-12-04,17.12,94,940
2012-12-03,16.64,90,900
2012-11-30,15.87,87,870
2012-11-29,15.06,86,860
2012-11-28,15.51,87,870
2012-11-27,15.92,93,930
2012-11-26,15.5,90,900
2012-11-23,15.14,95,950
2012-11-21,15.31,104,1040
2012-11-20,15.08,105,1050
2012-11-19,15.24,108,1080
2012-11-16,16.41,128,1280
2012-11-15,17.99,139,1390
2012-11-14,17.92,134,1340
2012-11-13,16.65,133,1330
2012-11-12,16.68,132,1320
2012-11-09,18.61,147,1470
2012-11-08,18.49,147,1470
2012-11-07,19.08,146,1460
2012-11-06,17.58,131,1310
2012-11-05,18.42,140,1400
2012-11-02,17.59,138,1380
2012-11-01,16.69,137,1370
2012-10-31,18.6,152,1520
2012-10-26,17.81,150,1500
2012-10-25,18.12,152,1520
2012-10-24,18.33,159,1590
2012-10-23,18.83,155,1550
2012-10-22,16.62,137,1370
2012-10-19,16.97,140,1400
2012-10-18,15.03,128,1280
2012-10-17,15.07,130,1300
2012-10-16,15.22,131,1310
2012-10-15,15.27,137,1370
2012-10-12,16.14,146,1460
2012-10-11,15.59,143,1430
2012-10-10,16.29,148,1480
2012-10-09,16.37,150,1500
2012-10-08,15.11,139,1390
2012-10-05,14.33,139,1390
2012-10-04,14.55,143,1430
2012-10-03,15.43,147,1470
2012-10-02,15.71,151,1510
2012-10-01,16.32,153,1530
2012-09-28,15.73,152,1520
2012-09-27,14.84,146,1460
2012-09-26,16.81,170,1700
2012-09-25,15.43,159,1590
2012-09-24,14.15,139,1390
2012-09-21,13.98,144,1440
2012-09-20,14.07,147,1470
2012-09-19,13.88,146,1460
2012-09-18,14.18,149,1490
2012-09-17,14.59,155,1550
2012-09-14,14.51,159,1590
2012-09-13,14.05,152,1520
2012-09-12,15.8,177,1770
2012-09-11,16.41,184,1840
2012-09-10,16.28,192,1920
2012-09-07,14.38,175,1750
2012-09-06,15.63,201,2010
2012-09-05,17.74,246,2460
2012-09-04,17.98,254,2540
2012-08-31,17.47,261,2610
2012-08-30,17.83,276,2760
2012-08-29,17.06,266,2660
2012-08-28,16.49,265,2650
2012-08-27,16.35,258,2580
2012-08-24,15.18,254,2540
2012-08-23,15.96,271,2710
2012-08-22,15.11,261,2610
2012-08-21,15.02,262,2620
2012-08-20,14.02,251,2510
2012-08-17,13.45,251,2510
2012-08-16,14.29,262,2620
2012-08-15,14.63,270,2700
2012-08-14,14.85,268,2680
2012-08-13,13.7,247,2470
2012-08-10,14.74,261,2610
2012-08-09,15.28,266,2660
2012-08-08,15.32,272,2720
2012-08-07,15.99,292,2920
2012-08-06,15.95,282,2820
2012-08-03,15.64,301,3010
2012-08-02,17.57,335,3350
2012-08-01,18.96,347,3470
2012-07-31,18.93,360,3600
2012-07-30,18.03,345,3450
2012-07-27,16.7,336,3360
2012-07-26,17.53,353,3530
2012-07-25,19.34,409,4090
2012-07-24,20.47,415,4150
2012-07-23,18.62,390,3900
2012-07-20,16.27,343,3430
2012-07-19,15.45,317,3170
2012-07-18,16.16,323,3230
2012-07-17,16.48,321,3210
2012-07-16,17.11,345,3450
2012-07-13,16.74,362,3620
2012-07-12,18.36,399,3990
2012-07-11,17.95,393,3930
2012-07-10,18.72,419,4190
2012-07-09,18.05,406,4060
2012-07-06,17.1,417,4170
2012-07-05,17.5,421,4210
2012-07-03,16.66,406,4060
2012-07-02,16.8,422,4220
2012-06-29,17.08,491,4910
2012-06-28,19.71,548,5480
2012-06-27,19.45,573,5730
2012-06-26,19.72,572,5720
2012-06-25,20.38,597,5970
2012-06-22,18.11,551,5510
2012-06-21,20.08,643,6430
2012-06-20,17.24,585,5850
2012-06-19,18.38,618,6180
2012-06-18,18.32,641,6410
2012-06-15,21.11,719,7190
2012-06-14,21.68,776,7760
2012-06-13,24.27,852,8520
2012-06-12,22.09,786,7860
2012-06-11,23.56,811,8110
2012-06-08,21.23,726,7260
2012-06-07,21.72,795,7950
2012-06-06,22.16,809,8090
2012-06-05,24.68,932,9320
2012-06-04,26.12,974,9740
2012-06-01,26.66,1036,10360
2012-05-31,24.06,911,9110
2012-05-30,24.14,880,8800
2012-05-29,21.03,800,8000
2012-05-25,21.76,872,8720
2012-05-24,21.54,880,8800
2012-05-23,22.33,869,8690
2012-05-22,22.48,910,9100
2012-05-21,22.01,872,8720
2012-05-18,25.1,1080,10800
2012-05-17,24.49,953,9530
2012-05-16,22.27,886,8860
2012-05-15,21.97,828,8280
2012-05-14,21.87,761,7610
2012-05-11,19.89,701,7010
2012-05-10,18.83,688,6880
2012-05-09,20.08,715,7150
2012-05-08,19.05,672,6720
2012-05-07,18.94,666,6660
2012-05-04,19.16,691,6910
2012-05-03,17.56,640,6400
2012-05-02,16.88,620,6200
2012-05-01,16.6,632,6320
2012-04-30,17.15,668,6680
2012-04-27,16.32,658,6580
2012-04-26,16.24,653,6530
2012-04-25,16.82,697,6970
2012-04-24,18.1,766,7660
2012-04-23,18.97,787,7870
2012-04-20,17.44,762,7620
2012-04-19,18.36,803,8030
2012-04-18,18.64,787,7870
2012-04-17,18.46,787,7870
2012-04-16,19.55,841,8410
2012-04-13,19.55,853,8530
2012-04-12,17.2,802,8020
2012-04-11,20.02,941,9410
2012-04-10,20.39,967,9670
2012-04-09,18.81,845,8450
2012-04-05,16.7,769,7690
2012-04-04,16.42,745,7450
2012-04-03,15.66,722,7220
2012-04-02,15.64,704,7040
2012-03-30,15.5,723,7230
2012-03-29,15.48,731,7310
2012-03-28,15.47,720,7200
2012-03-27,15.57,697,6970
2012-03-26,14.26,588,5880
2012-03-23,14.82,716,7160
2012-03-22,15.68,1020,10200
2012-03-21,15.13,1443,14430
2012-03-20,15.58,1513,15130
2012-03-19,15.04,1507,15070
2012-03-16,14.43,1481,14810
2012-03-15,15.43,1419,14190
2012-03-14,15.31,1407,14070
2012-03-13,14.73,1372,13720
2012-03-12,15.64,1403,14030
2012-03-09,17.11,1489,14890
2012-03-08,18.02,1512,15120
2012-03-07,19.07,1618,16180
2012-03-06,20.84,1708,17080
2012-03-05,18.05,1636,16360
2012-03-02,17.29,1622,16220
2012-03-01,17.26,1629,16290
2012-02-29,18.43,1672,16720
2012-02-28,17.95,1660,16600
2012-02-27,18.18,1669,16690
2012-02-24,17.31,1666,16660
2012-02-23,16.83,1600,16000
2012-02-22,18.19,1690,16900
2012-02-21,18.19,1701,17010
2012-02-17,17.78,1705,17050
2012-02-16,19.22,1760,17600
2012-02-15,21.14,1908,19080
2012-02-14,19.54,1719,17190
2012-02-13,19.04,1619,16190
2012-02-10,20.77,1905,19050
2012-02-09,18.63,1628,16280
2012-02-08,18.16,1482,14820
2012-02-07,17.67,1418,14180
2012-02-06,17.76,1393,13930
2012-02-03,17.1,1426,14260
2012-02-02,17.98,1594,15940
2012-02-01,18.55,1694,16940
2012-01-31,19.44,1796,17960
2012-01-30,19.4,1795,17950
2012-01-27,18.53,1690,16900
2012-01-26,18.57,1768,17680
2012-01-25,18.31,1772,17720
2012-01-24,18.91,1930,19300
2012-01-23,18.67,1910,19100
2012-01-20,18.28,2020,20200
2012-01-19,19.87,2150,21500
2012-01-18,20.89,2276,22760
2012-01-17,22.2,2444,24440
2012-01-13,20.91,2483,24830
2012-01-12,20.47,2358,23580
2012-01-11,21.05,2434,24340
2012-01-10,20.69,2354,23540
2012-01-09,21.07,2462,24620
2012-01-06,20.63,2530,25300
2012-01-05,21.48,2616,26160
2012-01-04,22.22,2740,27400
2012-01-03,22.97,2851,28510
2011-12-30,23.4,3195,31950
2011-12-29,22.65,3081,30810
2011-12-28,23.52,3240,32400
2011-12-27,21.91,3000,30000
2011-12-23,20.73,3050,30500
2011-12-22,21.16,2907,29070
2011-12-21,21.43,2903,29030
2011-12-20,23.22,3346,33460
2011-12-19,24.92,3819,38190
2011-12-16,24.29,3911,39110
2011-12-15,25.11,3936,39360
2011-12-14,26.04,4265,42650
2011-12-13,25.41,4250,42500
2011-12-12,25.67,4276,42760
2011-12-09,26.38,4267,42670
2011-12-08,30.59,4946,49460
2011-12-07,28.67,4523,45230
2011-12-06,28.13,4275,42750
2011-12-05,27.84,4307,43070
2011-12-02,27.52,4341,43410
2011-12-01,27.41,4348,43480
2011-11-30,27.8,4553,45530
2011-11-29,30.64,5527,55270
2011-11-28,32.13,5760,57600
2011-11-25,34.47,6398,63980
2011-11-23,33.98,6221,62210
2011-11-22,31.97,5700,57000
2011-11-21,32.91,5964,59640
2011-11-18,32,5850,58500
2011-11-17,34.51,6231,62310
2011-11-16,33.51,5713,57130
2011-11-15,31.22,5198,51980
2011-11-14,31.13,5306,53060
2011-11-11,30.04,5050,50500
2011-11-10,32.81,5508,55080
2011-11-09,36.16,6324,63240
2011-11-08,27.48,4604,46040
2011-11-07,29.85,5075,50750
2011-11-04,30.16,5200,52000
2011-11-03,30.5,4967,49670
2011-11-02,32.74,5481,54810
2011-11-01,34.77,5722,57220
2011-10-31,29.96,4540,45400
2011-10-28,24.53,3725,37250
2011-10-27,25.46,3800,38000
2011-10-26,29.86,5133,51330
2011-10-25,32.22,5625,56250
2011-10-24,29.26,4964,49640
2011-10-21,31.32,5665,56650
2011-10-20,34.78,6365,63650
2011-10-19,34.44,6258,62580
2011-10-18,31.56,5521,55210
2011-10-17,33.39,6004,60040
2011-10-14,28.24,4989,49890
2011-10-13,30.7,5627,56270
2011-10-12,31.26,5648,56480
2011-10-11,32.86,6511,65110
2011-10-10,33.02,6700,67000
2011-10-07,36.2,7790,77900
2011-10-06,36.27,7560,75600
2011-10-05,37.81,7801,78010
2011-10-04,40.82,8681,86810
2011-10-03,45.45,10090,100900
2011-09-30,42.96,8943,89430
2011-09-29,38.84,7818,78180
2011-09-28,41.08,8115,81150
2011-09-27,37.71,7212,72120
2011-09-26,39.02,7470,74700
2011-09-23,41.25,8014,80140
2011-09-22,41.35,7870,78700
2011-09-21,37.32,6550,65500
2011-09-20,32.86,5914,59140
2011-09-19,32.73,5905,59050
2011-09-16,30.98,5551,55510
2011-09-15,31.97,5771,57710
2011-09-14,34.6,6416,64160
2011-09-13,36.91,6789,67890
2011-09-12,38.59,6925,69250
2011-09-09,38.52,6783,67830
2011-09-08,34.32,5704,57040
2011-09-07,33.38,5532,55320
2011-09-06,37,5958,59580
2011-09-02,33.92,5621,56210
2011-09-01,31.82,5113,51130
2011-08-31,31.62,4980,49800
2011-08-30,32.89,4966,49660
2011-08-29,32.28,4849,48490
2011-08-26,35.59,5554,55540
2011-08-25,39.76,5738,57380
2011-08-24,35.9,5511,55110
2011-08-23,36.27,5741,57410
2011-08-22,42.44,6367,63670
2011-08-19,43.05,5994,59940
2011-08-18,42.67,5405,54050
2011-08-17,31.58,3839,38390
2011-08-16,32.85,3693,36930
2011-08-15,31.87,3536,35360
2011-08-12,36.36,3974,39740
2011-08-11,39,3909,39090
2011-08-10,42.99,4236,42360
2011-08-09,35.06,3459,34590
2011-08-08,48,4426,44260
2011-08-05,32,3442,34420
2011-08-04,31.66,3129,31290
2011-08-03,23.38,2225,22250
2011-08-02,24.79,2209,22090
2011-08-01,23.66,1938,19380
2011-07-29,25.25,2116,21160
2011-07-28,23.74,2195,21950
2011-07-27,22.98,2100,21000
2011-07-26,20.23,1883,18830
2011-07-25,19.35,1800,18000
2011-07-22,17.52,1675,16750
2011-07-21,17.56,1696,16960
2011-07-20,19.09,1900,19000
2011-07-19,19.21,1981,19810
2011-07-18,20.95,2198,21980
2011-07-15,19.53,2101,21010
2011-07-14,20.8,2157,21570
2011-07-13,19.91,2008,20080
2011-07-12,19.87,2006,20060
2011-07-11,18.39,1916,19160
2011-07-08,15.95,1637,16370
2011-07-07,15.95,1598,15980
2011-07-06,16.34,1696,16960
2011-07-05,16.06,1646,16460
2011-07-01,15.87,1628,16280
2011-06-30,16.52,1772,17720
2011-06-29,17.27,1933,19330
2011-06-28,19.17,2144,21440
2011-06-27,20.56,2330,23300
2011-06-24,21.1,2405,24050
2011-06-23,19.29,2225,22250
2011-06-22,18.52,2231,22310
2011-06-21,18.86,2185,21850
2011-06-20,19.99,2344,23440
2011-06-17,21.85,2565,25650
2011-06-16,22.73,2666,26660
2011-06-15,21.32,2414,24140
2011-06-14,18.26,2066,20660
2011-06-13,19.61,2206,22060
2011-06-10,18.86,2134,21340
2011-06-09,17.77,1992,19920
2011-06-08,18.79,2133,21330
2011-06-07,18.07,2059,20590
2011-06-06,18.49,2114,21140
2011-06-03,17.95,2045,20450
2011-06-02,18.09,2042,20420
2011-06-01,18.3,2097,20970
2011-05-31,15.45,1864,18640
2011-05-27,15.98,1972,19720
2011-05-26,16.09,2046,20460
2011-05-25,17.07,2139,21390
2011-05-24,17.82,2265,22650
2011-05-23,18.27,2274,22740
2011-05-20,17.43,2133,21330
2011-05-19,15.52,2086,20860
2011-05-18,16.23,2188,21880
2011-05-17,17.55,2313,23130
2011-05-16,18.24,2403,24030
2011-05-13,17.07,2307,23070
2011-05-12,16.03,2253,22530
2011-05-11,16.95,2300,23000
2011-05-10,15.91,2221,22210
2011-05-09,17.16,2385,23850
2011-05-06,18.4,2559,25590
2011-05-05,18.2,2668,26680
2011-05-04,17.08,2519,25190
2011-05-03,16.7,2463,24630
2011-05-02,15.99,2365,23650
2011-04-29,14.75,2236,22360
2011-04-28,14.62,2228,22280
2011-04-27,15.35,2284,22840
2011-04-26,15.62,2349,23490
2011-04-25,15.77,2453,24530
2011-04-21,14.69,2571,25710
2011-04-20,15.07,2738,27380
2011-04-19,15.83,2987,29870
2011-04-18,16.96,3314,33140
2011-04-15,15.32,3170,31700
2011-04-14,16.27,3326,33260
2011-04-13,16.92,3384,33840
2011-04-12,17.09,3494,34940
2011-04-11,16.59,3440,34400
2011-04-08,17.87,3503,35030
2011-04-07,17.11,3388,33880
2011-04-06,16.9,3338,33380
2011-04-05,17.25,3365,33650
2011-04-04,17.5,3495,34950
2011-04-01,17.4,3563,35630
2011-03-31,17.74,3629,36290
2011-03-30,17.71,3650,36500
2011-03-29,18.16,3780,37800
2011-03-28,19.44,3969,39690
2011-03-25,17.91,3889,38890
2011-03-24,18,3889,38890
2011-03-23,19.17,4112,41120
2011-03-22,20.21,4455,44550
2011-03-21,20.61,4499,44990
2011-03-18,24.44,5299,52990
2011-03-17,26.37,5659,56590
2011-03-16,29.4,6019,60190
2011-03-15,24.32,5162,51620
2011-03-14,21.13,4746,47460
2011-03-11,20.08,4657,46570
2011-03-10,21.79,4931,49310
2011-03-09,20.22,4463,44630
2011-03-08,19.82,4342,43420
2011-03-07,20.66,4540,45400
2011-03-04,19.06,4296,42960
2011-03-03,18.6,4107,41070
2011-03-02,20.7,4565,45650
2011-03-01,21.01,4557,45570
2011-02-28,18.35,3973,39730
2011-02-25,19.22,4340,43400
2011-02-24,21.32,4978,49780
2011-02-23,22.13,5076,50760
2011-02-22,20.8,4666,46660
2011-02-18,16.43,3752,37520
2011-02-17,16.59,3685,36850
2011-02-16,16.72,3590,35900
2011-02-15,16.37,3516,35160
2011-02-14,15.95,3429,34290
2011-02-11,15.69,3490,34900
2011-02-10,16.09,3616,36160
2011-02-09,15.87,3626,36260
2011-02-08,15.81,3595,35950
2011-02-07,16.28,3694,36940
2011-02-04,15.93,3813,38130
2011-02-03,16.69,4000,40000
2011-02-02,17.3,4121,41210
2011-02-01,17.63,4145,41450
2011-01-31,19.53,4564,45640
2011-01-28,20.04,4611,46110
2011-01-27,16.15,3960,39600
2011-01-26,16.64,4134,41340
2011-01-25,17.59,4400,44000
2011-01-24,17.65,4511,45110
2011-01-21,18.47,4725,47250
2011-01-20,17.99,4623,46230
2011-01-19,17.31,4685,46850
2011-01-18,15.87,4228,42280
2011-01-14,15.46,4530,45300
2011-01-13,16.39,4978,49780
2011-01-12,16.24,5077,50770
2011-01-11,16.89,5541,55410
2011-01-10,17.54,5895,58950
2011-01-07,17.14,5923,59230
2011-01-06,17.4,5894,58940
2011-01-05,17.02,5862,58620
2011-01-04,17.38,5999,59990
2011-01-03,17.61,6050,60500
2010-12-31,17.75,6472,64720
2010-12-30,17.52,6586,65860
2010-12-29,17.28,6701,67010
2010-12-28,17.52,6913,69130
2010-12-27,17.67,6768,67680
2010-12-23,16.47,6491,64910
2010-12-22,15.45,6129,61290
2010-12-21,16.49,6170,61700
2010-12-20,16.41,6400,64000
2010-12-17,16.11,6731,67310
2010-12-16,17.39,7158,71580
2010-12-15,17.94,7280,72800
2010-12-14,17.61,6950,69500
2010-12-13,17.55,6875,68750
2010-12-10,17.61,6635,66350
2010-12-09,17.25,6749,67490
2010-12-08,17.74,7092,70920
2010-12-07,17.99,7413,74130
2010-12-06,18.02,7569,75690
2010-12-03,18.01,7878,78780
2010-12-02,19.39,8659,86590
2010-12-01,21.36,10069,100690
2010-11-30,23.54,11235,112350
2010-11-29,21.53,,
2010-11-26,22.22,,
2010-11-24,19.56,,
2010-11-23,20.63,,
2010-11-22,18.37,,
2010-11-19,18.04,,
2010-11-18,18.75,,
2010-11-17,21.76,,
2010-11-16,22.58,,
2010-11-15,20.2,,
2010-11-12,20.61,,
2010-11-11,18.64,,
2010-11-10,18.47,,
2010-11-09,19.08,,
2010-11-08,18.29,,
2010-11-05,18.26,,
2010-11-04,18.52,,
2010-11-03,19.56,,
2010-11-02,21.57,,
2010-11-01,21.83,,
2010-10-29,21.2,,
2010-10-28,20.88,,
2010-10-27,20.71,,
2010-10-26,20.22,,
2010-10-25,19.85,,
2010-10-22,18.78,,
2010-10-21,19.27,,
2010-10-20,19.79,,
2010-10-19,20.63,,
2010-10-18,19.09,,
2010-10-15,19.03,,
2010-10-14,19.88,,
2010-10-13,19.07,,
2010-10-12,18.93,,
2010-10-11,18.96,,
2010-10-08,20.71,,
2010-10-07,21.56,,
2010-10-06,21.49,,
2010-10-05,21.76,,
2010-10-04,23.53,,
2010-10-01,22.5,,
2010-09-30,23.7,,
2010-09-29,23.25,,
2010-09-28,22.6,,
2010-09-27,22.54,,
2010-09-24,21.71,,
2010-09-23,23.87,,
2010-09-22,22.51,,
2010-09-21,22.35,,
2010-09-20,21.5,,
2010-09-17,22.01,,
2010-09-16,21.72,,
2010-09-15,22.1,,
2010-09-14,21.56,,
2010-09-13,21.21,,
2010-09-10,21.99,,
2010-09-09,22.81,,
2010-09-08,23.25,,
2010-09-07,23.8,,
2010-09-03,21.31,,
2010-09-02,23.19,,
2010-09-01,23.89,,
2010-08-31,26.05,,
2010-08-30,27.21,,
2010-08-27,24.45,,
2010-08-26,27.37,,
2010-08-25,26.7,,
2010-08-24,27.46,,
2010-08-23,25.66,,
2010-08-20,25.49,,
2010-08-19,26.44,,
2010-08-18,24.59,,
2010-08-17,24.33,,
2010-08-16,26.1,,
2010-08-13,26.24,,
2010-08-12,25.73,,
2010-08-11,25.39,,
2010-08-10,22.37,,
2010-08-09,22.14,,
2010-08-06,21.74,,
2010-08-05,22.1,,
2010-08-04,22.21,,
2010-08-03,22.63,,
2010-08-02,22.01,,
2010-07-30,23.5,,
2010-07-29,24.13,,
2010-07-28,24.25,,
2010-07-27,23.19,,
2010-07-26,22.73,,
2010-07-23,23.47,,
2010-07-22,24.63,,
2010-07-21,25.64,,
2010-07-20,23.93,,
2010-07-19,25.97,,
2010-07-16,26.25,,
2010-07-15,25.14,,
2010-07-14,24.89,,
2010-07-13,24.56,,
2010-07-12,24.43,,
2010-07-09,24.98,,
2010-07-08,25.71,,
2010-07-07,26.84,,
2010-07-06,29.65,,
2010-07-02,30.12,,
2010-07-01,32.86,,
2010-06-30,34.54,,
2010-06-29,34.13,,
2010-06-28,29,,
2010-06-25,28.53,,
2010-06-24,29.74,,
2010-06-23,26.91,,
2010-06-22,27.05,,
2010-06-21,24.88,,
2010-06-18,23.95,,
2010-06-17,25.05,,
2010-06-16,25.92,,
2010-06-15,25.87,,
2010-06-14,28.58,,
2010-06-11,28.79,,
2010-06-10,30.57,,
2010-06-09,33.73,,
2010-06-08,33.7,,
2010-06-07,36.57,,
2010-06-04,35.48,,
2010-06-03,29.46,,
2010-06-02,30.17,,
2010-06-01,35.54,,
2010-05-28,32.07,,
2010-05-27,29.68,,
2010-05-26,35.02,,
2010-05-25,34.61,,
2010-05-24,38.32,,
2010-05-21,40.1,,
2010-05-20,45.79,,
2010-05-19,35.32,,
2010-05-18,33.55,,
2010-05-17,30.84,,
2010-05-14,31.24,,
2010-05-13,26.68,,
2010-05-12,25.52,,
2010-05-11,28.32,,
2010-05-10,28.84,,
2010-05-07,40.95,,
2010-05-06,32.8,,
2010-05-05,24.91,,
2010-05-04,23.84,,
2010-05-03,20.19,,
2010-04-30,22.05,,
2010-04-29,18.44,,
2010-04-28,21.08,,
2010-04-27,22.81,,
2010-04-26,17.47,,
2010-04-23,16.62,,
2010-04-22,16.47,,
2010-04-21,16.32,,
2010-04-20,15.73,,
2010-04-19,17.34,,
2010-04-16,18.36,,
2010-04-15,15.89,,
2010-04-14,15.59,,
2010-04-13,16.2,,
2010-04-12,15.58,,
2010-04-09,16.14,,
2010-04-08,16.48,,
2010-04-07,16.62,,
2010-04-06,16.23,,
2010-04-05,17.02,,
2010-04-01,17.47,,
2010-03-31,17.59,,
2010-03-30,17.13,,
2010-03-29,17.59,,
2010-03-26,17.77,,
2010-03-25,18.4,,
2010-03-24,17.55,,
2010-03-23,16.35,,
2010-03-22,16.87,,
2010-03-19,16.97,,
2010-03-18,16.62,,
2010-03-17,16.91,,
2010-03-16,17.69,,
2010-03-15,18,,
2010-03-12,17.58,,
2010-03-11,18.06,,
2010-03-10,18.57,,
2010-03-09,17.92,,
2010-03-08,17.79,,
2010-03-05,17.42,,
2010-03-04,18.72,,
2010-03-03,18.83,,
2010-03-02,19.06,,
2010-03-01,19.26,,
2010-02-26,19.5,,
2010-02-25,20.1,,
2010-02-24,20.27,,
2010-02-23,21.37,,
2010-02-22,19.94,,
2010-02-19,20.02,,
2010-02-18,20.63,,
2010-02-17,21.72,,
2010-02-16,22.25,,
2010-02-12,22.73,,
2010-02-11,23.96,,
2010-02-10,25.4,,
2010-02-09,26,,
2010-02-08,26.51,,
2010-02-05,26.11,,
2010-02-04,26.08,,
2010-02-03,21.6,,
2010-02-02,21.48,,
2010-02-01,22.59,,
2010-01-29,24.62,,
2010-01-28,23.73,,
2010-01-27,23.14,,
2010-01-26,24.55,,
2010-01-25,25.41,,
2010-01-22,27.31,,
2010-01-21,22.27,,
2010-01-20,18.68,,
2010-01-19,17.58,,
2010-01-15,17.91,,
2010-01-14,17.63,,
2010-01-13,17.85,,
2010-01-12,18.25,,
2010-01-11,17.55,,
2010-01-08,18.13,,
2010-01-07,19.06,,
2010-01-06,19.16,,
2010-01-05,19.35,,
2010-01-04,20.04,,
2009-12-31,21.68,,
2009-12-30,19.96,,
2009-12-29,20.01,,
2009-12-28,19.93,,
2009-12-24,19.47,,
2009-12-23,19.71,,
2009-12-22,19.54,,
2009-12-21,20.49,,
2009-12-18,21.68,,
2009-12-17,22.57,,
2009-12-16,20.54,,
2009-12-15,21.5,,
2009-12-14,21.15,,
2009-12-11,21.59,,
2009-12-10,22.32,,
2009-12-09,22.66,,
2009-12-08,23.69,,
2009-12-07,22.1,,
2009-12-04,21.25,,
2009-12-03,22.46,,
2009-12-02,21.12,,
2009-12-01,21.92,,
2009-11-30,24.51,,
2009-11-27,24.74,,
2009-11-25,20.48,,
2009-11-24,20.47,,
2009-11-23,21.16,,
2009-11-20,22.19,,
2009-11-19,22.63,,
2009-11-18,21.63,,
2009-11-17,22.41,,
2009-11-16,22.89,,
2009-11-13,23.36,,
2009-11-12,24.24,,
2009-11-11,23,,
2009-11-10,22.84,,
2009-11-09,23.15,,
2009-11-06,24.19,,
2009-11-05,25.43,,
2009-11-04,27.72,,
2009-11-03,28.81,,
2009-11-02,29.78,,
2009-10-30,30.69,,
2009-10-29,24.76,,
2009-10-28,27.91,,
2009-10-27,24.83,,
2009-10-26,24.31,,
2009-10-23,22.27,,
2009-10-22,20.69,,
2009-10-21,22.22,,
2009-10-20,20.9,,
2009-10-19,21.49,,
2009-10-16,21.43,,
2009-10-15,21.72,,
2009-10-14,22.86,,
2009-10-13,22.99,,
2009-10-12,23.01,,
2009-10-09,23.12,,
2009-10-08,24.18,,
2009-10-07,24.68,,
2009-10-06,25.7,,
2009-10-05,26.84,,
2009-10-02,28.68,,
2009-10-01,28.27,,
2009-09-30,25.61,,
2009-09-29,25.19,,
2009-09-28,24.88,,
2009-09-25,25.61,,
2009-09-24,24.95,,
2009-09-23,23.49,,
2009-09-22,23.08,,
2009-09-21,24.06,,
2009-09-18,23.92,,
2009-09-17,23.65,,
2009-09-16,23.69,,
2009-09-15,23.42,,
2009-09-14,23.86,,
2009-09-11,24.15,,
2009-09-10,23.55,,
2009-09-09,24.32,,
2009-09-08,25.62,,
2009-09-04,25.26,,
2009-09-03,27.1,,
2009-09-02,28.9,,
2009-09-01,29.15,,
2009-08-31,26.01,,
2009-08-28,24.76,,
2009-08-27,24.68,,
2009-08-26,24.95,,
2009-08-25,24.92,,
2009-08-24,25.14,,
2009-08-21,25.01,,
2009-08-20,25.09,,
2009-08-19,26.26,,
2009-08-18,26.18,,
2009-08-17,27.89,,
2009-08-14,24.27,,
2009-08-13,24.71,,
2009-08-12,25.45,,
2009-08-11,25.99,,
2009-08-10,24.99,,
2009-08-07,24.76,,
2009-08-06,25.67,,
2009-08-05,24.9,,
2009-08-04,24.89,,
2009-08-03,25.56,,
2009-07-31,25.92,,
2009-07-30,25.4,,
2009-07-29,25.61,,
2009-07-28,25.01,,
2009-07-27,24.28,,
2009-07-24,23.09,,
2009-07-23,23.43,,
2009-07-22,23.47,,
2009-07-21,23.87,,
2009-07-20,24.4,,
2009-07-17,24.34,,
2009-07-16,25.42,,
2009-07-15,25.89,,
2009-07-14,25.02,,
2009-07-13,26.31,,
2009-07-10,29.02,,
2009-07-09,29.78,,
2009-07-08,31.3,,
2009-07-07,30.85,,
2009-07-06,29,,
2009-07-02,27.95,,
2009-07-01,26.22,,
2009-06-30,26.35,,
2009-06-29,25.35,,
2009-06-26,25.93,,
2009-06-25,26.36,,
2009-06-24,29.05,,
2009-06-23,30.58,,
2009-06-22,31.17,,
2009-06-19,27.99,,
2009-06-18,30.03,,
2009-06-17,31.54,,
2009-06-16,32.68,,
2009-06-15,30.81,,
2009-06-12,28.15,,
2009-06-11,28.11,,
2009-06-10,28.46,,
2009-06-09,28.27,,
2009-06-08,29.77,,
2009-06-05,29.62,,
2009-06-04,30.18,,
2009-06-03,31.02,,
2009-06-02,29.63,,
2009-06-01,30.04,,
2009-05-29,28.92,,
2009-05-28,31.67,,
2009-05-27,32.36,,
2009-05-26,30.62,,
2009-05-22,32.63,,
2009-05-21,31.35,,
2009-05-20,29.03,,
2009-05-19,28.8,,
2009-05-18,30.24,,
2009-05-15,33.12,,
2009-05-14,31.37,,
2009-05-13,33.65,,
2009-05-12,31.8,,
2009-05-11,32.87,,
2009-05-08,32.05,,
2009-05-07,33.44,,
2009-05-06,32.45,,
2009-05-05,33.36,,
2009-05-04,34.53,,
2009-05-01,35.3,,
2009-04-30,36.5,,
2009-04-29,36.08,,
2009-04-28,37.95,,
2009-04-27,38.32,,
2009-04-24,36.82,,
2009-04-23,37.15,,
2009-04-22,38.1,,
2009-04-21,37.14,,
2009-04-20,39.18,,
2009-04-17,33.94,,
2009-04-16,35.79,,
2009-04-15,36.17,,
2009-04-14,37.67,,
2009-04-13,37.81,,
2009-04-09,36.53,,
2009-04-08,38.85,,
2009-04-07,40.39,,
2009-04-06,40.93,,
2009-04-03,39.7,,
2009-04-02,42.04,,
2009-04-01,42.28,,
2009-03-31,44.14,,
2009-03-30,45.54,,
2009-03-27,41.04,,
2009-03-26,40.36,,
2009-03-25,42.25,,
2009-03-24,42.93,,
2009-03-23,43.23,,
2009-03-20,45.89,,
2009-03-19,43.68,,
2009-03-18,40.06,,
2009-03-17,40.8,,
2009-03-16,43.74,,
2009-03-13,42.36,,
2009-03-12,41.18,,
2009-03-11,43.61,,
2009-03-10,44.37,,
2009-03-09,49.68,,
2009-03-06,49.33,,
2009-03-05,50.17,,
2009-03-04,47.56,,
2009-03-03,50.93,,
2009-03-02,52.65,,
2009-02-27,46.35,,
2009-02-26,44.66,,
2009-02-25,44.67,,
2009-02-24,45.49,,
2009-02-23,52.62,,
2009-02-20,49.3,,
2009-02-19,47.08,,
2009-02-18,48.46,,
2009-02-17,48.66,,
2009-02-13,42.93,,
2009-02-12,41.25,,
2009-02-11,44.53,,
2009-02-10,46.67,,
2009-02-09,43.64,,
2009-02-06,43.37,,
2009-02-05,43.73,,
2009-02-04,43.85,,
2009-02-03,43.06,,
2009-02-02,45.52,,
2009-01-30,44.84,,
2009-01-29,42.63,,
2009-01-28,39.66,,
2009-01-27,42.25,,
2009-01-26,45.69,,
2009-01-23,47.27,,
2009-01-22,47.29,,
2009-01-21,46.42,,
2009-01-20,56.65,,
2009-01-16,46.11,,
2009-01-15,51,,
2009-01-14,49.14,,
2009-01-13,43.27,,
2009-01-12,45.84,,
2009-01-09,42.82,,
2009-01-08,42.56,,
2009-01-07,43.39,,
2009-01-06,38.56,,
2009-01-05,39.08,,
2009-01-02,39.19,,
2008-12-31,40,,
2008-12-30,41.63,,
2008-12-29,43.9,,
2008-12-26,43.38,,
2008-12-24,44.21,,
2008-12-23,45.02,,
2008-12-22,44.56,,
2008-12-19,44.93,,
2008-12-18,47.34,,
2008-12-17,49.84,,
2008-12-16,52.37,,
2008-12-15,56.76,,
2008-12-12,54.28,,
2008-12-11,55.78,,
2008-12-10,55.73,,
2008-12-09,58.91,,
2008-12-08,58.49,,
2008-12-05,59.93,,
2008-12-04,63.64,,
2008-12-03,60.72,,
2008-12-02,62.98,,
2008-12-01,68.51,,
2008-11-28,55.28,,
2008-11-26,54.92,,
2008-11-25,60.9,,
2008-11-24,64.7,,
2008-11-21,72.67,,
2008-11-20,80.86,,
2008-11-19,74.26,,
2008-11-18,67.64,,
2008-11-17,69.15,,
2008-11-14,66.31,,
2008-11-13,59.83,,
2008-11-12,66.46,,
2008-11-11,61.44,,
2008-11-10,59.98,,
2008-11-07,56.1,,
2008-11-06,63.68,,
2008-11-05,54.56,,
2008-11-04,47.73,,
2008-11-03,53.68,,
2008-10-31,59.89,,
2008-10-30,62.9,,
2008-10-29,69.96,,
2008-10-28,66.96,,
2008-10-27,80.06,,
2008-10-24,79.13,,
2008-10-23,67.8,,
2008-10-22,69.65,,
2008-10-21,53.11,,
2008-10-20,52.97,,
2008-10-17,70.33,,
2008-10-16,67.61,,
2008-10-15,69.25,,
2008-10-14,55.13,,
2008-10-13,54.99,,
2008-10-10,69.95,,
2008-10-09,63.92,,
2008-10-08,57.53,,
2008-10-07,53.68,,
2008-10-06,52.05,,
2008-10-03,45.14,,
2008-10-02,45.26,,
2008-10-01,39.81,,
2008-09-30,39.39,,
2008-09-29,46.72,,
2008-09-26,34.74,,
2008-09-25,32.82,,
2008-09-24,35.19,,
2008-09-23,35.72,,
2008-09-22,33.85,,
2008-09-19,32.07,,
2008-09-18,33.1,,
2008-09-17,36.22,,
2008-09-16,30.3,,
2008-09-15,31.7,,
2008-09-12,25.66,,
2008-09-11,24.39,,
2008-09-10,24.52,,
2008-09-09,25.47,,
2008-09-08,22.64,,
2008-09-05,23.06,,
2008-09-04,24.03,,
2008-09-03,21.43,,
2008-09-02,21.99,,
2008-08-29,20.65,,
2008-08-28,19.43,,
2008-08-27,19.76,,
2008-08-26,20.49,,
2008-08-25,20.97,,
2008-08-22,18.81,,
2008-08-21,19.82,,
2008-08-20,20.42,,
2008-08-19,21.28,,
2008-08-18,20.98,,
2008-08-15,19.58,,
2008-08-14,20.34,,
2008-08-13,21.55,,
2008-08-12,21.17,,
2008-08-11,20.12,,
2008-08-08,20.66,,
2008-08-07,21.15,,
2008-08-06,20.23,,
2008-08-05,21.14,,
2008-08-04,23.49,,
2008-08-01,22.57,,
2008-07-31,22.94,,
2008-07-30,21.21,,
2008-07-29,22.03,,
2008-07-28,24.23,,
2008-07-25,22.91,,
2008-07-24,23.44,,
2008-07-23,21.31,,
2008-07-22,21.18,,
2008-07-21,23.05,,
2008-07-18,24.05,,
2008-07-17,25.01,,
2008-07-16,25.1,,
2008-07-15,28.54,,
2008-07-14,28.48,,
2008-07-11,27.49,,
2008-07-10,25.59,,
2008-07-09,25.23,,
2008-07-08,23.15,,
2008-07-07,25.78,,
2008-07-03,24.79,,
2008-07-02,25.92,,
2008-07-01,23.65,,
2008-06-30,23.95,,
2008-06-27,23.44,,
2008-06-26,23.93,,
2008-06-25,21.14,,
2008-06-24,22.42,,
2008-06-23,22.64,,
2008-06-20,22.87,,
2008-06-19,21.58,,
2008-06-18,22.24,,
2008-06-17,21.13,,
2008-06-16,20.95,,
2008-06-13,21.22,,
2008-06-12,23.33,,
2008-06-11,24.12,,
2008-06-10,23.18,,
2008-06-09,23.12,,
2008-06-06,23.56,,
2008-06-05,18.63,,
2008-06-04,20.8,,
2008-06-03,20.24,,
2008-06-02,19.83,,
2008-05-30,17.83,,
2008-05-29,18.14,,
2008-05-28,19.07,,
2008-05-27,19.64,,
2008-05-23,19.55,,
2008-05-22,18.05,,
2008-05-21,18.59,,
2008-05-20,17.58,,
2008-05-19,17.01,,
2008-05-16,16.47,,
2008-05-15,16.3,,
2008-05-14,17.66,,
2008-05-13,17.98,,
2008-05-12,17.79,,
2008-05-09,19.41,,
2008-05-08,19.4,,
2008-05-07,19.73,,
2008-05-06,18.21,,
2008-05-05,18.9,,
2008-05-02,18.18,,
2008-05-01,18.88,,
2008-04-30,20.79,,
2008-04-29,20.24,,
2008-04-28,19.64,,
2008-04-25,19.59,,
2008-04-24,20.06,,
2008-04-23,20.26,,
2008-04-22,20.87,,
2008-04-21,20.5,,
2008-04-18,20.13,,
2008-04-17,20.37,,
2008-04-16,20.53,,
2008-04-15,22.78,,
2008-04-14,23.82,,
2008-04-11,23.46,,
2008-04-10,21.98,,
2008-04-09,22.81,,
2008-04-08,22.36,,
2008-04-07,22.42,,
2008-04-04,22.45,,
2008-04-03,23.21,,
2008-04-02,23.43,,
2008-04-01,22.68,,
2008-03-31,25.61,,
2008-03-28,25.71,,
2008-03-27,25.88,,
2008-03-26,26.08,,
2008-03-25,25.72,,
2008-03-24,25.73,,
2008-03-20,26.62,,
2008-03-19,29.84,,
2008-03-18,25.79,,
2008-03-17,32.24,,
2008-03-14,31.16,,
2008-03-13,27.29,,
2008-03-12,27.22,,
2008-03-11,26.36,,
2008-03-10,29.38,,
2008-03-07,27.49,,
2008-03-06,27.55,,
2008-03-05,24.6,,
2008-03-04,25.52,,
2008-03-03,26.28,,
2008-02-29,26.54,,
2008-02-28,23.53,,
2008-02-27,22.69,,
2008-02-26,21.9,,
2008-02-25,23.03,,
2008-02-22,24.06,,
2008-02-21,25.12,,
2008-02-20,24.4,,
2008-02-19,25.59,,
2008-02-15,25.02,,
2008-02-14,25.54,,
2008-02-13,24.88,,
2008-02-12,26.33,,
2008-02-11,27.6,,
2008-02-08,28.01,,
2008-02-07,27.66,,
2008-02-06,28.97,,
2008-02-05,28.24,,
2008-02-04,25.99,,
2008-02-01,24.02,,
2008-01-31,26.2,,
2008-01-30,27.62,,
2008-01-29,27.32,,
2008-01-28,27.78,,
2008-01-25,29.08,,
2008-01-24,27.78,,
2008-01-23,29.02,,
2008-01-22,31.01,,
2008-01-18,27.18,,
2008-01-17,28.46,,
2008-01-16,24.38,,
2008-01-15,23.34,,
2008-01-14,22.9,,
2008-01-11,23.68,,
2008-01-10,23.45,,
2008-01-09,24.12,,
2008-01-08,25.43,,
2008-01-07,23.79,,
2008-01-04,23.94,,
2008-01-03,22.49,,
2008-01-02,23.17,,
2007-12-31,22.5,,
2007-12-28,20.74,,
2007-12-27,20.26,,
2007-12-26,18.66,,
2007-12-24,18.6,,
2007-12-21,18.47,,
2007-12-20,20.58,,
2007-12-19,21.68,,
2007-12-18,22.64,,
2007-12-17,24.52,,
2007-12-14,23.27,,
2007-12-13,22.56,,
2007-12-12,22.47,,
2007-12-11,23.59,,
2007-12-10,20.74,,
2007-12-07,20.85,,
2007-12-06,20.96,,
2007-12-05,22.53,,
2007-12-04,23.79,,
2007-12-03,23.61,,
2007-11-30,22.87,,
2007-11-29,23.97,,
2007-11-28,24.11,,
2007-11-27,26.28,,
2007-11-26,28.91,,
2007-11-23,25.96,,
2007-11-21,26.84,,
2007-11-20,24.88,,
2007-11-19,26.01,,
2007-11-16,25.49,,
2007-11-15,28.06,,
2007-11-14,25.94,,
2007-11-13,24.1,,
2007-11-12,31.09,,
2007-11-09,28.5,,
2007-11-08,26.16,,
2007-11-07,26.49,,
2007-11-06,21.39,,
2007-11-05,24.31,,
2007-11-02,23.01,,
2007-11-01,23.21,,
2007-10-31,18.53,,
2007-10-30,21.07,,
2007-10-29,19.87,,
2007-10-26,19.56,,
2007-10-25,21.17,,
2007-10-24,20.8,,
2007-10-23,20.41,,
2007-10-22,21.64,,
2007-10-19,22.96,,
2007-10-18,18.5,,
2007-10-17,18.54,,
2007-10-16,20.02,,
2007-10-15,19.25,,
2007-10-12,17.73,,
2007-10-11,18.88,,
2007-10-10,16.67,,
2007-10-09,16.12,,
2007-10-08,17.46,,
2007-10-05,16.91,,
2007-10-04,18.44,,
2007-10-03,18.8,,
2007-10-02,18.49,,
2007-10-01,17.84,,
2007-09-28,18,,
2007-09-27,17,,
2007-09-26,17.63,,
2007-09-25,18.6,,
2007-09-24,19.37,,
2007-09-21,19,,
2007-09-20,20.45,,
2007-09-19,20.03,,
2007-09-18,20.35,,
2007-09-17,26.48,,
2007-09-14,24.92,,
2007-09-13,24.76,,
2007-09-12,24.96,,
2007-09-11,25.27,,
2007-09-10,27.38,,
2007-09-07,26.23,,
2007-09-06,23.99,,
2007-09-05,24.58,,
2007-09-04,22.78,,
2007-08-31,23.38,,
2007-08-30,25.06,,
2007-08-29,23.81,,
2007-08-28,26.3,,
2007-08-27,22.72,,
2007-08-24,20.72,,
2007-08-23,22.62,,
2007-08-22,22.89,,
2007-08-21,25.25,,
2007-08-20,26.33,,
2007-08-17,29.99,,
2007-08-16,30.83,,
2007-08-15,30.67,,
2007-08-14,27.68,,
2007-08-13,26.57,,
2007-08-10,28.3,,
2007-08-09,26.48,,
2007-08-08,21.45,,
2007-08-07,21.56,,
2007-08-06,22.6,,
2007-08-03,25.16,,
2007-08-02,21.22,,
2007-08-01,23.67,,
2007-07-31,23.52,,
2007-07-30,20.87,,
2007-07-27,24.17,,
2007-07-26,20.74,,
2007-07-25,18.1,,
2007-07-24,18.55,,
2007-07-23,16.81,,
2007-07-20,16.95,,
2007-07-19,15.23,,
2007-07-18,16,,
2007-07-17,15.63,,
2007-07-16,15.59,,
2007-07-13,15.15,,
2007-07-12,15.54,,
2007-07-11,16.64,,
2007-07-10,17.57,,
2007-07-09,15.16,,
2007-07-06,14.72,,
2007-07-05,15.48,,
2007-07-03,15.29,,
2007-07-02,15.4,,
2007-06-29,16.23,,
2007-06-28,15.54,,
2007-06-27,15.53,,
2007-06-26,18.89,,
2007-06-25,16.65,,
2007-06-22,15.75,,
2007-06-21,14.21,,
2007-06-20,14.67,,
2007-06-19,12.85,,
2007-06-18,13.42,,
2007-06-15,13.94,,
2007-06-14,13.64,,
2007-06-13,14.73,,
2007-06-12,16.67,,
2007-06-11,14.71,,
2007-06-08,14.84,,
2007-06-07,17.06,,
2007-06-06,14.87,,
2007-06-05,13.63,,
2007-06-04,13.29,,
2007-06-01,12.78,,
2007-05-31,13.05,,
2007-05-30,12.83,,
2007-05-29,13.53,,
2007-05-25,13.34,,
2007-05-24,14.08,,
2007-05-23,13.24,,
2007-05-22,13.02,,
2007-05-21,13.3,,
2007-05-18,12.76,,
2007-05-17,13.51,,
2007-05-16,13.5,,
2007-05-15,14.01,,
2007-05-14,13.96,,
2007-05-11,12.95,,
2007-05-10,13.6,,
2007-05-09,12.88,,
2007-05-08,13.21,,
2007-05-07,13.15,,
2007-05-04,12.91,,
2007-05-03,13.09,,
2007-05-02,13.08,,
2007-05-01,13.51,,
2007-04-30,14.22,,
2007-04-27,12.45,,
2007-04-26,12.79,,
2007-04-25,13.21,,
2007-04-24,13.12,,
2007-04-23,13.04,,
2007-04-20,12.07,,
2007-04-19,12.54,,
2007-04-18,12.42,,
2007-04-17,12.14,,
2007-04-16,11.98,,
2007-04-13,12.2,,
2007-04-12,12.71,,
2007-04-11,13.49,,
2007-04-10,12.68,,
2007-04-09,13.14,,
2007-04-05,13.23,,
2007-04-04,13.24,,
2007-04-03,13.46,,
2007-04-02,14.53,,
2007-03-30,14.64,,
2007-03-29,15.14,,
2007-03-28,14.98,,
2007-03-27,13.48,,
2007-03-26,13.11,,
2007-03-23,12.95,,
2007-03-22,12.93,,
2007-03-21,12.19,,
2007-03-20,13.27,,
2007-03-19,14.59,,
2007-03-16,16.79,,
2007-03-15,16.43,,
2007-03-14,17.27,,
2007-03-13,18.13,,
2007-03-12,13.99,,
2007-03-09,14.09,,
2007-03-08,14.29,,
2007-03-07,15.24,,
2007-03-06,15.96,,
2007-03-05,19.63,,
2007-03-02,18.61,,
2007-03-01,15.82,,
2007-02-28,15.42,,
2007-02-27,18.31,,
2007-02-26,11.15,,
2007-02-23,10.58,,
2007-02-22,10.18,,
2007-02-21,10.2,,
2007-02-20,10.24,,
2007-02-16,10.02,,
2007-02-15,10.22,,
2007-02-14,10.23,,
2007-02-13,10.34,,
2007-02-12,11.61,,
2007-02-09,11.1,,
2007-02-08,10.44,,
2007-02-07,10.32,,
2007-02-06,10.65,,
2007-02-05,10.55,,
2007-02-02,10.08,,
2007-02-01,10.31,,
2007-01-31,10.42,,
2007-01-30,10.96,,
2007-01-29,11.45,,
2007-01-26,11.13,,
2007-01-25,11.22,,
2007-01-24,9.89,,
2007-01-23,10.34,,
2007-01-22,10.77,,
2007-01-19,10.4,,
2007-01-18,10.85,,
2007-01-17,10.59,,
2007-01-16,10.74,,
2007-01-12,10.15,,
2007-01-11,10.87,,
2007-01-10,11.47,,
2007-01-09,11.91,,
2007-01-08,12,,
2007-01-05,12.14,,
2007-01-04,11.51,,
2007-01-03,12.04,,
2006-12-29,11.56,,
2006-12-28,10.99,,
2006-12-27,10.64,,
2006-12-26,11.26,,
2006-12-22,11.36,,
2006-12-21,10.53,,
2006-12-20,10.26,,
2006-12-19,10.3,,
2006-12-18,10.6,,
2006-12-15,10.05,,
2006-12-14,9.97,,
2006-12-13,10.18,,
2006-12-12,10.65,,
2006-12-11,10.71,,
2006-12-08,12.08,,
2006-12-07,12.67,,
2006-12-06,11.33,,
2006-12-05,11.27,,
2006-12-04,11.23,,
2006-12-01,11.66,,
2006-11-30,10.91,,
2006-11-29,10.83,,
2006-11-28,11.62,,
2006-11-27,12.3,,
2006-11-24,10.73,,
2006-11-22,10.14,,
2006-11-21,9.9,,
2006-11-20,9.97,,
2006-11-17,10.05,,
2006-11-16,10.16,,
2006-11-15,10.31,,
2006-11-14,10.5,,
2006-11-13,10.86,,
2006-11-10,10.79,,
2006-11-09,11.01,,
2006-11-08,10.75,,
2006-11-07,11.09,,
2006-11-06,11.16,,
2006-11-03,11.16,,
2006-11-02,11.42,,
2006-11-01,11.51,,
2006-10-31,11.1,,
2006-10-30,11.2,,
2006-10-27,10.8,,
2006-10-26,10.56,,
2006-10-25,10.66,,
2006-10-24,10.78,,
2006-10-23,11.08,,
2006-10-20,10.63,,
2006-10-19,10.9,,
2006-10-18,11.34,,
2006-10-17,11.75,,
2006-10-16,11.09,,
2006-10-13,10.75,,
2006-10-12,11.09,,
2006-10-11,11.62,,
2006-10-10,11.52,,
2006-10-09,11.68,,
2006-10-06,11.56,,
2006-10-05,11.98,,
2006-10-04,11.86,,
2006-10-03,12.24,,
2006-10-02,12.57,,
2006-09-29,11.98,,
2006-09-28,11.72,,
2006-09-27,11.58,,
2006-09-26,11.53,,
2006-09-25,12.12,,
2006-09-22,12.59,,
2006-09-21,12.25,,
2006-09-20,11.39,,
2006-09-19,11.98,,
2006-09-18,11.78,,
2006-09-15,11.76,,
2006-09-14,11.55,,
2006-09-13,11.18,,
2006-09-12,11.92,,
2006-09-11,12.99,,
2006-09-08,13.16,,
2006-09-07,13.88,,
2006-09-06,13.74,,
2006-09-05,12.63,,
2006-09-01,11.96,,
2006-08-31,12.31,,
2006-08-30,12.22,,
2006-08-29,12.28,,
2006-08-28,12.18,,
2006-08-25,12.31,,
2006-08-24,12.4,,
2006-08-23,12.4,,
2006-08-22,12.19,,
2006-08-21,12.22,,
2006-08-18,11.64,,
2006-08-17,12.24,,
2006-08-16,12.41,,
2006-08-15,13.42,,
2006-08-14,14.26,,
2006-08-11,14.3,,
2006-08-10,14.46,,
2006-08-09,15.2,,
2006-08-08,15.23,,
2006-08-07,15.23,,
2006-08-04,14.34,,
2006-08-03,14.46,,
2006-08-02,14.34,,
2006-08-01,15.05,,
2006-07-31,14.95,,
2006-07-28,14.33,,
2006-07-27,14.94,,
2006-07-26,14.62,,
2006-07-25,14.85,,
2006-07-24,14.98,,
2006-07-21,17.4,,
2006-07-20,16.21,,
2006-07-19,15.55,,
2006-07-18,17.74,,
2006-07-17,18.64,,
2006-07-14,18.05,,
2006-07-13,17.79,,
2006-07-12,14.49,,
2006-07-11,13.14,,
2006-07-10,14.02,,
2006-07-07,13.97,,
2006-07-06,13.65,,
2006-07-05,14.15,,
2006-07-03,13.05,,
2006-06-30,13.08,,
2006-06-29,13.03,,
2006-06-28,15.79,,
2006-06-27,16.4,,
2006-06-26,15.62,,
2006-06-23,15.89,,
2006-06-22,15.88,,
2006-06-21,15.52,,
2006-06-20,16.69,,
2006-06-19,17.83,,
2006-06-16,17.25,,
2006-06-15,15.9,,
2006-06-14,21.46,,
2006-06-13,23.81,,
2006-06-12,20.96,,
2006-06-09,18.12,,
2006-06-08,18.35,,
2006-06-07,17.8,,
2006-06-06,17.34,,
2006-06-05,16.65,,
2006-06-02,14.32,,
2006-06-01,14.52,,
2006-05-31,16.44,,
2006-05-30,18.66,,
2006-05-26,14.26,,
2006-05-25,15.5,,
2006-05-24,17.36,,
2006-05-23,18.26,,
2006-05-22,17.72,,
2006-05-19,17.18,,
2006-05-18,16.99,,
2006-05-17,16.26,,
2006-05-16,13.35,,
2006-05-15,13.57,,
2006-05-12,14.19,,
2006-05-11,12.49,,
2006-05-10,11.78,,
2006-05-09,11.99,,
2006-05-08,12,,
2006-05-05,11.62,,
2006-05-04,11.86,,
2006-05-03,11.99,,
2006-05-02,11.99,,
2006-05-01,12.54,,
2006-04-28,11.59,,
2006-04-27,11.84,,
2006-04-26,11.76,,
2006-04-25,11.75,,
2006-04-24,11.75,,
2006-04-21,11.59,,
2006-04-20,11.64,,
2006-04-19,11.32,,
2006-04-18,11.4,,
2006-04-17,12.58,,
2006-04-13,12.38,,
2006-04-12,12.76,,
2006-04-11,13,,
2006-04-10,12.19,,
2006-04-07,12.26,,
2006-04-06,11.45,,
2006-04-05,11.13,,
2006-04-04,11.14,,
2006-04-03,11.57,,
2006-03-31,11.39,,
2006-03-30,11.57,,
2006-03-29,10.95,,
2006-03-28,11.58,,
2006-03-27,11.46,,
2006-03-24,11.19,,
2006-03-23,11.17,,
2006-03-22,11.21,,
2006-03-21,11.62,,
2006-03-20,11.79,,
2006-03-17,12.12,,
2006-03-16,11.98,,
2006-03-15,11.35,,
2006-03-14,10.74,,
2006-03-13,11.37,,
2006-03-10,11.85,,
2006-03-09,12.68,,
2006-03-08,12.32,,
2006-03-07,12.66,,
2006-03-06,12.74,,
2006-03-03,11.96,,
2006-03-02,11.72,,
2006-03-01,11.54,,
2006-02-28,12.34,,
2006-02-27,11.59,,
2006-02-24,11.46,,
2006-02-23,11.87,,
2006-02-22,11.88,,
2006-02-21,12.41,,
2006-02-17,12.01,,
2006-02-16,11.48,,
2006-02-15,12.31,,
2006-02-14,12.25,,
2006-02-13,13.35,,
2006-02-10,12.87,,
2006-02-09,13.12,,
2006-02-08,12.83,,
2006-02-07,13.59,,
2006-02-06,13.04,,
2006-02-03,12.96,,
2006-02-02,13.23,,
2006-02-01,12.36,,
2006-01-31,12.95,,
2006-01-30,12.39,,
2006-01-27,11.97,,
2006-01-26,12.42,,
2006-01-25,12.87,,
2006-01-24,13.31,,
2006-01-23,13.93,,
2006-01-20,14.56,,
2006-01-19,11.98,,
2006-01-18,12.25,,
2006-01-17,11.91,,
2006-01-13,11.23,,
2006-01-12,11.2,,
2006-01-11,10.94,,
2006-01-10,10.86,,
2006-01-09,11.13,,
2006-01-06,11,,
2006-01-05,11.31,,
2006-01-04,11.37,,
2006-01-03,11.14,,
2005-12-30,12.07,,
2005-12-29,11.61,,
2005-12-28,11.35,,
2005-12-27,11.57,,
2005-12-23,10.27,,
2005-12-22,10.29,,
2005-12-21,10.81,,
2005-12-20,11.19,,
2005-12-19,11.38,,
2005-12-16,10.68,,
2005-12-15,10.73,,
2005-12-14,10.48,,
2005-12-13,11.11,,
2005-12-12,11.47,,
2005-12-09,11.69,,
2005-12-08,12.21,,
2005-12-07,12.18,,
2005-12-06,11.52,,
2005-12-05,11.6,,
2005-12-02,11.01,,
2005-12-01,11.24,,
2005-11-30,12.06,,
2005-11-29,11.89,,
2005-11-28,11.84,,
2005-11-25,10.88,,
2005-11-23,10.96,,
2005-11-22,10.6,,
2005-11-21,10.82,,
2005-11-18,11.12,,
2005-11-17,11.25,,
2005-11-16,12.26,,
2005-11-15,12.23,,
2005-11-14,12.18,,
2005-11-11,11.63,,
2005-11-10,11.9,,
2005-11-09,12.8,,
2005-11-08,13.08,,
2005-11-07,13.1,,
2005-11-04,13.17,,
2005-11-03,13,,
2005-11-02,13.48,,
2005-11-01,14.85,,
2005-10-31,15.32,,
2005-10-28,14.25,,
2005-10-27,16.02,,
2005-10-26,14.59,,
2005-10-25,14.53,,
2005-10-24,14.74,,
2005-10-21,16.13,,
2005-10-20,16.11,,
2005-10-19,13.5,,
2005-10-18,15.33,,
2005-10-17,14.67,,
2005-10-14,14.87,,
2005-10-13,16.47,,
2005-10-12,16.22,,
2005-10-11,15.63,,
2005-10-10,15.55,,
2005-10-07,14.59,,
2005-10-06,14.96,,
2005-10-05,14.55,,
2005-10-04,13.2,,
2005-10-03,12.46,,
2005-09-30,11.92,,
2005-09-29,12.24,,
2005-09-28,12.63,,
2005-09-27,12.76,,
2005-09-26,13.04,,
2005-09-23,12.96,,
2005-09-22,13.33,,
2005-09-21,13.79,,
2005-09-20,12.64,,
2005-09-19,12.14,,
2005-09-16,11.22,,
2005-09-15,12.49,,
2005-09-14,12.91,,
2005-09-13,12.39,,
2005-09-12,11.65,,
2005-09-09,11.98,,
2005-09-08,12.93,,
2005-09-07,12.52,,
2005-09-06,12.93,,
2005-09-02,13.57,,
2005-09-01,13.15,,
2005-08-31,12.6,,
2005-08-30,13.65,,
2005-08-29,13.52,,
2005-08-26,13.72,,
2005-08-25,13.73,,
2005-08-24,14.17,,
2005-08-23,13.34,,
2005-08-22,13.42,,
2005-08-19,13.42,,
2005-08-18,13.42,,
2005-08-17,13.3,,
2005-08-16,13.52,,
2005-08-15,12.26,,
2005-08-12,12.74,,
2005-08-11,12.42,,
2005-08-10,12.38,,
2005-08-09,12.4,,
2005-08-08,13.21,,
2005-08-05,12.48,,
2005-08-04,12.52,,
2005-08-03,11.83,,
2005-08-02,11.75,,
2005-08-01,12.08,,
2005-07-29,11.57,,
2005-07-28,10.52,,
2005-07-27,10.36,,
2005-07-26,10.99,,
2005-07-25,11.1,,
2005-07-22,10.52,,
2005-07-21,10.97,,
2005-07-20,10.23,,
2005-07-19,10.45,,
2005-07-18,10.77,,
2005-07-15,10.33,,
2005-07-14,10.81,,
2005-07-13,10.84,,
2005-07-12,10.95,,
2005-07-11,11.28,,
2005-07-08,11.45,,
2005-07-07,12.49,,
2005-07-06,12.27,,
2005-07-05,11.68,,
2005-07-01,11.4,,
2005-06-30,12.04,,
2005-06-29,11.77,,
2005-06-28,11.58,,
2005-06-27,12.52,,
2005-06-24,12.18,,
2005-06-23,12.13,,
2005-06-22,11.05,,
2005-06-21,11.08,,
2005-06-20,11.47,,
2005-06-17,11.48,,
2005-06-16,11.15,,
2005-06-15,11.46,,
2005-06-14,11.79,,
2005-06-13,11.65,,
2005-06-10,11.96,,
2005-06-09,12.08,,
2005-06-08,12.7,,
2005-06-07,12.39,,
2005-06-06,12.28,,
2005-06-03,12.15,,
2005-06-02,11.84,,
2005-06-01,12.36,,
2005-05-31,13.29,,
2005-05-27,12.15,,
2005-05-26,12.24,,
2005-05-25,12.58,,
2005-05-24,12.69,,
2005-05-23,12.95,,
2005-05-20,13.14,,
2005-05-19,13.32,,
2005-05-18,13.63,,
2005-05-17,14.57,,
2005-05-16,15.68,,
2005-05-13,16.32,,
2005-05-12,16.12,,
2005-05-11,14.45,,
2005-05-10,14.91,,
2005-05-09,13.75,,
2005-05-06,14.05,,
2005-05-05,13.98,,
2005-05-04,13.85,,
2005-05-03,14.53,,
2005-05-02,15.12,,
2005-04-29,15.31,,
2005-04-28,16.86,,
2005-04-27,14.87,,
2005-04-26,14.91,,
2005-04-25,14.62,,
2005-04-22,15.38,,
2005-04-21,14.41,,
2005-04-20,16.92,,
2005-04-19,14.96,,
2005-04-18,16.56,,
2005-04-15,17.74,,
2005-04-14,14.53,,
2005-04-13,13.31,,
2005-04-12,11.3,,
2005-04-11,11.98,,
2005-04-08,12.62,,
2005-04-07,12.33,,
2005-04-06,13.15,,
2005-04-05,13.68,,
2005-04-04,14.11,,
2005-04-01,14.09,,
2005-03-31,14.02,,
2005-03-30,13.64,,
2005-03-29,14.49,,
2005-03-28,13.75,,
2005-03-24,13.42,,
2005-03-23,14.06,,
2005-03-22,14.27,,
2005-03-21,13.61,,
2005-03-18,13.14,,
2005-03-17,13.29,,
2005-03-16,13.49,,
2005-03-15,13.15,,
2005-03-14,12.39,,
2005-03-11,12.8,,
2005-03-10,12.49,,
2005-03-09,12.7,,
2005-03-08,12.4,,
2005-03-07,12.26,,
2005-03-04,11.94,,
2005-03-03,12.93,,
2005-03-02,12.5,,
2005-03-01,12.04,,
2005-02-28,12.08,,
2005-02-25,11.49,,
2005-02-24,11.57,,
2005-02-23,12.39,,
2005-02-22,13.14,,
2005-02-18,11.18,,
2005-02-17,11.77,,
2005-02-16,11.1,,
2005-02-15,11.27,,
2005-02-14,11.52,,
2005-02-11,11.43,,
2005-02-10,11.51,,
2005-02-09,12,,
2005-02-08,11.6,,
2005-02-07,11.73,,
2005-02-04,11.21,,
2005-02-03,11.79,,
2005-02-02,11.66,,
2005-02-01,12.03,,
2005-01-31,12.82,,
2005-01-28,13.24,,
2005-01-27,13.24,,
2005-01-26,13.44,,
2005-01-25,14.06,,
2005-01-24,14.65,,
2005-01-21,14.36,,
2005-01-20,13.83,,
2005-01-19,13.18,,
2005-01-18,12.47,,
2005-01-14,12.43,,
2005-01-13,12.84,,
2005-01-12,12.56,,
2005-01-11,13.19,,
2005-01-10,13.23,,
2005-01-07,13.49,,
2005-01-06,13.58,,
2005-01-05,14.09,,
2005-01-04,13.98,,
2005-01-03,14.08,,
2004-12-31,13.29,,
2004-12-30,12.56,,
2004-12-29,11.62,,
2004-12-28,12,,
2004-12-27,12.14,,
2004-12-23,11.23,,
2004-12-22,11.45,,
2004-12-21,11.55,,
2004-12-20,11.83,,
2004-12-17,11.95,,
2004-12-16,12.27,,
2004-12-15,12.35,,
2004-12-14,12.73,,
2004-12-13,12.54,,
2004-12-10,12.76,,
2004-12-09,12.88,,
2004-12-08,13.19,,
2004-12-07,13.67,,
2004-12-06,13.19,,
2004-12-03,12.96,,
2004-12-02,12.98,,
2004-12-01,12.97,,
2004-11-30,13.24,,
2004-11-29,13.3,,
2004-11-26,12.78,,
2004-11-24,12.72,,
2004-11-23,12.67,,
2004-11-22,12.97,,
2004-11-19,13.5,,
2004-11-18,12.98,,
2004-11-17,13.21,,
2004-11-16,13.21,,
2004-11-15,13.38,,
2004-11-12,13.33,,
2004-11-11,13.04,,
2004-11-10,13.08,,
2004-11-09,13.61,,
2004-11-08,13.8,,
2004-11-05,13.84,,
2004-11-04,13.97,,
2004-11-03,14.04,,
2004-11-02,16.18,,
2004-11-01,16.27,,
2004-10-29,16.27,,
2004-10-28,15.39,,
2004-10-27,15.72,,
2004-10-26,16.39,,
2004-10-25,16.58,,
2004-10-22,15.28,,
2004-10-21,14.54,,
2004-10-20,14.85,,
2004-10-19,15.13,,
2004-10-18,14.71,,
2004-10-15,15.04,,
2004-10-14,16.43,,
2004-10-13,15.42,,
2004-10-12,15.05,,
2004-10-11,14.71,,
2004-10-08,15.05,,
2004-10-07,14.5,,
2004-10-06,13.28,,
2004-10-05,13.95,,
2004-10-04,13.41,,
2004-10-01,12.75,,
2004-09-30,13.34,,
2004-09-29,13.21,,
2004-09-28,13.83,,
2004-09-27,14.62,,
2004-09-24,14.28,,
2004-09-23,14.8,,
2004-09-22,14.74,,
2004-09-21,13.66,,
2004-09-20,14.43,,
2004-09-17,14.03,,
2004-09-16,14.39,,
2004-09-15,14.64,,
2004-09-14,13.56,,
2004-09-13,13.17,,
2004-09-10,13.76,,
2004-09-09,14.01,,
2004-09-08,14.06,,
2004-09-07,14.07,,
2004-09-03,13.91,,
2004-09-02,14.28,,
2004-09-01,14.91,,
2004-08-31,15.29,,
2004-08-30,15.44,,
2004-08-27,14.71,,
2004-08-26,14.91,,
2004-08-25,14.98,,
2004-08-24,15.33,,
2004-08-23,15.88,,
2004-08-20,16,,
2004-08-19,16.96,,
2004-08-18,16.23,,
2004-08-17,17.02,,
2004-08-16,17.57,,
2004-08-13,17.98,,
2004-08-12,19.08,,
2004-08-11,18.04,,
2004-08-10,17.47,,
2004-08-09,18.89,,
2004-08-06,19.34,,
2004-08-05,18.32,,
2004-08-04,16.21,,
2004-08-03,16.03,,
2004-08-02,15.37,,
2004-07-30,15.32,,
2004-07-29,15.68,,
2004-07-28,16.15,,
2004-07-27,16.55,,
2004-07-26,17.3,,
2004-07-23,16.5,,
2004-07-22,15.75,,
2004-07-21,16.41,,
2004-07-20,14.17,,
2004-07-19,15.17,,
2004-07-16,14.34,,
2004-07-15,14.71,,
2004-07-14,13.76,,
2004-07-13,14.46,,
2004-07-12,14.96,,
2004-07-09,15.78,,
2004-07-08,16.2,,
2004-07-07,15.81,,
2004-07-06,16.25,,
2004-07-02,15.08,,
2004-07-01,15.2,,
2004-06-30,14.34,,
2004-06-29,15.47,,
2004-06-28,16.07,,
2004-06-25,15.19,,
2004-06-24,14.81,,
2004-06-23,13.98,,
2004-06-22,14.31,,
2004-06-21,15.26,,
2004-06-18,14.99,,
2004-06-17,15.15,,
2004-06-16,14.79,,
2004-06-15,15.05,,
2004-06-14,16.07,,
2004-06-10,15.04,,
2004-06-09,15.39,,
2004-06-08,15.01,,
2004-06-07,15.39,,
2004-06-04,16.78,,
2004-06-03,17.03,,
2004-06-02,16.08,,
2004-06-01,16.3,,
2004-05-28,15.5,,
2004-05-27,15.28,,
2004-05-26,15.97,,
2004-05-25,15.96,,
2004-05-24,18.08,,
2004-05-21,18.49,,
2004-05-20,18.67,,
2004-05-19,18.93,,
2004-05-18,19.33,,
2004-05-17,19.96,,
2004-05-14,18.47,,
2004-05-13,18.86,,
2004-05-12,18.14,,
2004-05-11,18.57,,
2004-05-10,19.77,,
2004-05-07,18.13,,
2004-05-06,17.05,,
2004-05-05,15.77,,
2004-05-04,16.55,,
2004-05-03,16.62,,
2004-04-30,17.19,,
2004-04-29,16.6,,
2004-04-28,16.29,,
2004-04-27,15.07,,
2004-04-26,14.77,,
2004-04-23,14.01,,
2004-04-22,14.61,,
2004-04-21,15.6,,
2004-04-20,16.67,,
2004-04-19,15.42,,
2004-04-16,14.94,,
2004-04-15,15.74,,
2004-04-14,15.62,,
2004-04-13,17.26,,
2004-04-12,15.28,,
2004-04-08,16.26,,
2004-04-07,15.76,,
2004-04-06,15.32,,
2004-04-05,14.97,,
2004-04-02,15.64,,
2004-04-01,16.65,,
2004-03-31,16.74,,
2004-03-30,16.28,,
2004-03-29,16.5,,
2004-03-26,17.33,,
