2017-05-16,15.94
2017-05-15,16.047
2017-05-12,16.139
2017-05-11,16.366
2017-05-10,16.559
2017-05-09,16.545
2017-05-08,16.526
2017-05-05,16.463
2017-05-04,16.682
2017-05-03,16.778
2017-05-02,16.799
2017-05-01,16.88
2017-04-28,16.873
2017-04-27,16.945
2017-04-26,16.969
2017-04-25,16.958
2017-04-24,16.95
2017-04-21,16.992
2017-04-20,17
2017-04-19,17.091
2017-04-18,14.781
2017-04-17,14.732
2017-04-13,14.549
2017-04-12,14.517
2017-04-11,14.628
2017-04-10,14.476
2017-04-07,14.425
2017-04-06,14.397
2017-04-05,14.432
2017-04-04,14.408
2017-04-03,14.403
2017-03-31,14.242
2017-03-30,14.135
2017-03-29,14.172
2017-03-28,13.937
2017-03-27,13.836
2017-03-24,13.839
2017-03-23,13.722
2017-03-22,13.725
2017-03-21,12.175
2017-03-20,11.625
2017-03-17,11.775
2017-03-16,11.925
2017-03-15,12.275
2017-03-14,12.625
2017-03-13,12.125
2017-03-10,12.525
2017-03-09,12.775
2017-03-08,12.675
2017-03-07,12.625
2017-03-06,12.675
2017-03-03,12.825
2017-03-02,13.275
2017-03-01,13.275
2017-02-28,13.525
2017-02-27,13.275
2017-02-24,13.325
2017-02-23,13.525
2017-02-22,13.225
2017-02-21,13.175
2017-02-17,13.125
2017-02-16,12.975
2017-02-15,12.875
2017-02-14,11.175
2017-02-13,11.425
2017-02-10,11.725
2017-02-09,12.025
2017-02-08,12.575
2017-02-07,12.575
2017-02-06,12.475
2017-02-03,12.475
2017-02-02,12.925
2017-02-01,12.675
2017-01-31,12.925
2017-01-30,12.875
2017-01-27,12.525
2017-01-26,12.675
2017-01-25,12.725
2017-01-24,13.025
2017-01-23,13.575
2017-01-20,13.825
2017-01-19,14.225
2017-01-18,14.175
2017-01-17,12.175
2017-01-13,12.175
2017-01-12,12.475
2017-01-11,12.525
2017-01-10,12.875
2017-01-09,12.925
2017-01-06,12.875
2017-01-05,13.025
2017-01-04,13.175
2017-01-03,13.775
2016-12-30,15.125
2016-12-29,14.825
2016-12-28,14.625
2016-12-27,13.975
2016-12-23,14.275
2016-12-22,14.275
2016-12-21,14.025
2016-12-20,11.575
2016-12-19,12.125
2016-12-16,12.725
2016-12-15,13.025
2016-12-14,13.425
2016-12-13,13.275
2016-12-12,13.425
2016-12-09,13.025
2016-12-08,13.425
2016-12-07,13.325
2016-12-06,13.125
2016-12-05,13.525
2016-12-02,15.075
2016-12-01,15.025
2016-11-30,14.525
2016-11-29,14.275
2016-11-28,14.425
2016-11-25,14.325
2016-11-23,14.425
2016-11-22,14.425
2016-11-21,14.475
2016-11-18,14.975
2016-11-17,15.025
2016-11-16,15.575
2016-11-15,13.2
2016-11-14,14.475
2016-11-11,14.925
2016-11-10,15.325
2016-11-09,14.875
2016-11-08,15.975
2016-11-07,16.025
2016-11-04,19.325
2016-11-03,19.775
2016-11-02,18.525
2016-11-01,17.825
2016-10-31,17.225
2016-10-28,16.625
2016-10-27,16.075
2016-10-26,15.625
2016-10-25,15.225
2016-10-24,14.925
2016-10-21,15.575
2016-10-20,15.775
2016-10-19,16.075
2016-10-18,15.675
2016-10-17,16.525
2016-10-14,16.625
2016-10-13,17.025
2016-10-12,16.325
2016-10-11,15.825
2016-10-10,14.675
2016-10-07,15.325
2016-10-06,14.975
2016-10-05,15.125
2016-10-04,15.325
2016-10-03,15.475
2016-09-30,15.775
2016-09-29,15.925
2016-09-28,15.225
2016-09-27,15.525
2016-09-26,16.275
2016-09-23,15.575
2016-09-22,15.325
2016-09-21,16.075
2016-09-20,15.875
2016-09-19,15.675
2016-09-16,16.025
2016-09-15,17.075
2016-09-14,18.375
2016-09-13,17.775
2016-09-12,15.325
2016-09-09,16.475
2016-09-08,13.375
2016-09-07,13.225
2016-09-06,13.375
2016-09-02,13.925
2016-09-01,14.575
2016-08-31,14.575
2016-08-30,14.525
2016-08-29,14.675
2016-08-26,15.125
2016-08-25,14.975
2016-08-24,15.125
2016-08-23,14.675
2016-08-22,14.725
2016-08-19,14.675
2016-08-18,14.575
2016-08-17,14.825
2016-08-16,12.825
2016-08-15,12.225
2016-08-12,12.325
2016-08-11,12.625
2016-08-10,12.875
2016-08-09,13.375
2016-08-08,12.475
2016-08-05,12.875
2016-08-04,13.425
2016-08-03,13.825
2016-08-02,14.225
2016-08-01,13.625
2016-07-29,13.825
2016-07-28,14.375
2016-07-27,14.775
2016-07-26,15.175
2016-07-25,15.325
2016-07-22,15.375
2016-07-21,15.825
2016-07-20,15.475
2016-07-19,12.225
2016-07-18,13.075
2016-07-15,13.825
2016-07-14,14.025
2016-07-13,14.175
2016-07-12,14.275
2016-07-11,14.625
2016-07-08,14.775
2016-07-07,15.925
2016-07-06,16.175
2016-07-05,16.825
2016-07-01,16.775
2016-06-30,16.975
2016-06-29,17.475
2016-06-28,18.875
2016-06-27,23.65
2016-06-24,22.65
2016-06-23,16.675
2016-06-22,19.425
2016-06-21,18.675
2016-06-20,18.475
2016-06-17,20.075
2016-06-16,20.025
2016-06-15,20.575
2016-06-14,20.575
2016-06-13,21.325
2016-06-10,17.525
2016-06-09,15.475
2016-06-08,14.975
2016-06-07,14.725
2016-06-06,14.475
2016-06-03,14.725
2016-06-02,14.825
2016-06-01,15.275
2016-05-31,15.275
2016-05-27,15.375
2016-05-26,15.825
2016-05-25,16.175
2016-05-24,16.475
2016-05-23,17.575
2016-05-20,17.325
2016-05-19,17.975
2016-05-18,18.075
2016-05-17,15.425
2016-05-16,15.125
2016-05-13,15.875
2016-05-12,15.225
2016-05-11,15.625
2016-05-10,14.525
2016-05-09,15.475
2016-05-06,15.725
2016-05-05,16.725
2016-05-04,16.875
2016-05-03,16.625
2016-05-02,15.775
2016-04-29,16.875
2016-04-28,16.475
2016-04-27,15.475
2016-04-26,15.925
2016-04-25,16.225
2016-04-22,16.175
2016-04-21,16.775
2016-04-20,16.425
2016-04-19,13.25
2016-04-18,13.825
2016-04-15,14.725
2016-04-14,14.675
2016-04-13,14.825
2016-04-12,15.925
2016-04-11,17.075
2016-04-08,16.675
2016-04-07,17.275
2016-04-06,15.625
2016-04-05,16.775
2016-04-04,15.925
2016-04-01,15.425
2016-03-31,15.925
2016-03-30,15.85
2016-03-29,16.075
2016-03-28,17.125
2016-03-24,17.375
2016-03-23,17.725
2016-03-22,16.825
2016-03-21,16.975
2016-03-18,17.725
2016-03-17,17.775
2016-03-16,18.275
2016-03-15,16.9
2016-03-14,17.425
2016-03-11,17.625
2016-03-10,18.95
2016-03-09,19.075
2016-03-08,19.625
2016-03-07,18.575
2016-03-04,18.925
2016-03-03,18.325
2016-03-02,19.275
2016-03-01,19.425
2016-02-29,21.775
2016-02-26,21.475
2016-02-25,20.825
2016-02-24,21.775
2016-02-23,22.175
2016-02-22,21.025
2016-02-19,22.375
2016-02-18,22.775
2016-02-17,22.925
2016-02-16,24.725
2016-02-12,26.875
2016-02-11,28.75
2016-02-10,26.275
2016-02-09,26.125
2016-02-08,25.425
2016-02-05,24.125
2016-02-04,23.075
2016-02-03,22.775
2016-02-02,23.175
2016-02-01,21.525
2016-01-29,21.625
2016-01-28,23.275
2016-01-27,23.775
2016-01-26,22.925
2016-01-25,24.025
2016-01-22,22.725
2016-01-21,25.075
2016-01-20,24.725
2016-01-19,25.85
2016-01-15,26.475
2016-01-14,23.575
2016-01-13,24.725
2016-01-12,22.075
2016-01-11,23.475
2016-01-08,25.275
2016-01-07,23.525
2016-01-06,20.325
2016-01-05,19.425
2016-01-04,19.825
2015-12-31,18.525
2015-12-30,18.35
2015-12-29,17.475
2015-12-28,17.825
2015-12-24,18.225
2015-12-23,17.875
2015-12-22,17.825
2015-12-21,18.825
2015-12-18,20.425
2015-12-17,19.275
2015-12-16,18.125
2015-12-15,20.625
2015-12-14,22.425
2015-12-11,23.65
2015-12-10,19.325
2015-12-09,18.975
2015-12-08,17.775
2015-12-07,16.525
2015-12-04,16.225
2015-12-03,18.325
2015-12-02,16.775
2015-12-01,16.125
2015-11-30,16.975
2015-11-27,17.175
2015-11-25,16.775
2015-11-24,17.425
2015-11-23,17.025
2015-11-20,17.425
2015-11-19,18.175
2015-11-18,17.775
2015-11-17,18.975
2015-11-16,18.075
2015-11-13,20.325
2015-11-12,18.575
2015-11-11,16.775
2015-11-10,16.225
2015-11-09,17.025
2015-11-06,15.675
2015-11-05,16.025
2015-11-04,16.725
2015-11-03,16.125
2015-11-02,15.875
2015-10-30,16.625
2015-10-29,16.175
2015-10-28,15.975
2015-10-27,16.475
2015-10-26,16.925
2015-10-23,16.6
2015-10-22,16.025
2015-10-21,18.225
2015-10-20,16.075
2015-10-19,15.275
2015-10-16,16.1
2015-10-15,16.575
2015-10-14,18.325
2015-10-13,18.275
2015-10-12,16.725
2015-10-09,18.175
2015-10-08,18.425
2015-10-07,19.475
2015-10-06,20.325
2015-10-05,19.875
2015-10-02,21.075
2015-10-01,22.225
2015-09-30,23.025
2015-09-29,23.875
2015-09-28,24.075
2015-09-25,22.325
2015-09-24,21.875
2015-09-23,21.125
2015-09-22,21.775
2015-09-21,19.675
2015-09-18,21.525
2015-09-17,20.425
2015-09-16,18.975
2015-09-15,22.575
2015-09-14,23.725
2015-09-11,23.8
2015-09-10,24.7
2015-09-09,25.825
2015-09-08,24.625
2015-09-04,28.025
2015-09-03,25.625
2015-09-02,25.975
2015-09-01,29.725
2015-08-31,26.425
2015-08-28,24.425
2015-08-27,24.175
2015-08-26,23.725
2015-08-25,25.325
2015-08-24,25.125
2015-08-21,19.9
2015-08-20,17.325
2015-08-19,15.725
2015-08-18,14.275
2015-08-17,13.825
2015-08-14,14.275
2015-08-13,14.175
2015-08-12,14.325
2015-08-11,14.475
2015-08-10,13.575
2015-08-07,14.275
2015-08-06,14.475
2015-08-05,13.925
2015-08-04,14.125
2015-08-03,13.875
2015-07-31,13.975
2015-07-30,13.925
2015-07-29,14.075
2015-07-28,14.375
2015-07-27,15.775
2015-07-24,14.9
2015-07-23,14.275
2015-07-22,14.175
2015-07-21,12.375
2015-07-20,12.525
2015-07-17,12.925
2015-07-16,12.925
2015-07-15,13.975
2015-07-14,14.075
2015-07-13,14.475
2015-07-10,16.775
2015-07-09,18.825
2015-07-08,18.425
2015-07-07,16.325
2015-07-06,17.225
2015-07-02,16.925
2015-07-01,15.925
2015-06-30,17.325
2015-06-29,17.375
2015-06-26,14.525
2015-06-25,14.625
2015-06-24,14.575
2015-06-23,14.075
2015-06-22,14.525
2015-06-19,15.425
2015-06-18,14.975
2015-06-17,15.625
2015-06-16,14.925
2015-06-15,15.475
2015-06-12,14.2
2015-06-11,13.525
2015-06-10,13.875
2015-06-09,14.825
2015-06-08,15.225
2015-06-05,14.725
2015-06-04,14.975
2015-06-03,14.375
2015-06-02,14.875
2015-06-01,14.575
2015-05-29,14.625
2015-05-28,14.475
2015-05-27,14.525
2015-05-26,14.925
2015-05-22,14.425
2015-05-21,14.325
2015-05-20,14.875
2015-05-19,13.125
2015-05-18,13.275
2015-05-15,13.675
2015-05-14,13.725
2015-05-13,14.325
2015-05-12,14.625
2015-05-11,14.925
2015-05-08,14.375
2015-05-07,15.425
2015-05-06,15.675
2015-05-05,15.225
2015-05-04,14.475
2015-05-01,14.475
2015-04-30,15.525
2015-04-29,15.075
2015-04-28,14.475
2015-04-27,15.125
2015-04-24,14.625
2015-04-23,14.725
2015-04-22,14.925
2015-04-21,15.125
2015-04-20,15.175
2015-04-17,15.675
2015-04-16,15.125
2015-04-15,15.325
2015-04-14,13.575
2015-04-13,14.325
2015-04-10,13.425
2015-04-09,14.075
2015-04-08,14.825
2015-04-07,15.275
2015-04-06,15.275
2015-04-02,15.625
2015-04-01,16.025
2015-03-31,16.275
2015-03-30,15.775
2015-03-27,16.225
2015-03-26,16.475
2015-03-25,16.575
2015-03-24,15.875
2015-03-23,16.075
2015-03-20,16.175
2015-03-19,16.525
2015-03-18,16.525
2015-03-17,15.625
2015-03-16,16.125
2015-03-13,16.425
2015-03-12,15.875
2015-03-11,17.225
2015-03-10,16.925
2015-03-09,15.825
2015-03-06,16.225
2015-03-05,15.325
2015-03-04,15.725
2015-03-03,15.775
2015-03-02,15.325
2015-02-27,15.825
2015-02-26,16.025
2015-02-25,16.425
2015-02-24,16.125
2015-02-23,17.025
2015-02-20,16.925
2015-02-19,17.625
2015-02-18,17.875
2015-02-17,16.2
2015-02-13,16.5
2015-02-12,16.875
2015-02-11,18.425
2015-02-10,18.575
2015-02-09,19.625
2015-02-06,19.175
2015-02-05,18.675
2015-02-04,19.775
2015-02-03,18.875
2015-02-02,19.975
2015-01-30,21.025
2015-01-29,19.075
2015-01-28,20.475
2015-01-27,17.875
2015-01-26,17.225
2015-01-23,18.375
2015-01-22,17.875
2015-01-21,18.875
2015-01-20,20.175
2015-01-16,20.625
2015-01-15,21.475
2015-01-14,20.575
2015-01-13,20.175
2015-01-12,19.575
2015-01-09,18.625
2015-01-08,17.675
2015-01-07,18.85
2015-01-06,19.875
2015-01-05,19.125
2015-01-02,17.825
2014-12-31,18.025
2014-12-30,16.425
2014-12-29,16.075
2014-12-26,15.825
2014-12-24,16.225
2014-12-23,15.925
2014-12-22,16.425
2014-12-19,16.55
2014-12-18,17.2
2014-12-17,17.65
2014-12-16,23.1
2014-12-15,19.6
2014-12-12,19.6
2014-12-11,19.1
2014-12-10,17.4
2014-12-09,14.9
2014-12-08,14.7
2014-12-05,13.6
2014-12-04,13.95
2014-12-03,14.25
2014-12-02,14.25
2014-12-01,15.6
2014-11-28,14.85
2014-11-26,14.2
2014-11-25,14.45
2014-11-24,14.55
2014-11-21,14.95
2014-11-20,15.15
2014-11-19,15.5
2014-11-18,14
2014-11-17,14.35
2014-11-14,14.35
2014-11-13,14.7
2014-11-12,14.4
2014-11-11,14.1
2014-11-10,14
2014-11-07,14.8
2014-11-06,14.9
2014-11-05,15.3
2014-11-04,15.85
2014-11-03,15.95
2014-10-31,15.8
2014-10-30,16.15
2014-10-29,16.3
2014-10-28,15.7
2014-10-27,16.95
2014-10-24,16.95
2014-10-23,17.3
2014-10-22,18.1
2014-10-21,16.35
2014-10-20,18.5
2014-10-17,21
2014-10-16,22.3
2014-10-15,23.95
2014-10-14,20.9
2014-10-13,22.75
2014-10-10,19.8
2014-10-09,17.2
2014-10-08,15.25
2014-10-07,17.1
2014-10-06,15.75
2014-10-03,15.2
2014-10-02,16.55
2014-10-01,16.9
2014-09-30,16.3
2014-09-29,16.25
2014-09-26,15.35
2014-09-25,15.8
2014-09-24,14.65
2014-09-23,15.4
2014-09-22,14.9
2014-09-19,14.15
2014-09-18,14.05
2014-09-17,14.25
2014-09-16,13.05
2014-09-15,14.4
2014-09-12,14.05
2014-09-11,13.55
2014-09-10,13.7
2014-09-09,13.85
2014-09-08,13.35
2014-09-05,13.2
2014-09-04,13.55
2014-09-03,13.5
2014-09-02,13.75
2014-08-29,13.8
2014-08-28,13.6
2014-08-27,13.55
2014-08-26,13.45
2014-08-25,13.35
2014-08-22,13.5
2014-08-21,13.4
2014-08-20,13.5
2014-08-19,12.2
2014-08-18,12.55
2014-08-15,13.25
2014-08-14,12.95
2014-08-13,13.55
2014-08-12,14.65
2014-08-11,14.8
2014-08-08,16
2014-08-07,16.65
2014-08-06,16.2
2014-08-05,16.15
2014-08-04,14.95
2014-08-01,16.05
2014-07-31,15.2
2014-07-30,13.55
2014-07-29,13.45
2014-07-28,13.35
2014-07-25,13.5
2014-07-24,13.2
2014-07-23,13.05
2014-07-22,13
2014-07-21,13.4
2014-07-18,13
2014-07-17,13.7
2014-07-16,12.7
2014-07-15,12.2
2014-07-14,12.05
2014-07-11,12.65
2014-07-10,13
2014-07-09,12.25
2014-07-08,12.4
2014-07-07,12.15
2014-07-03,11.8
2014-07-02,11.95
2014-07-01,12.1
2014-06-30,12.45
2014-06-27,12.65
2014-06-26,12.75
2014-06-25,12.65
2014-06-24,13.1
2014-06-23,12.6
2014-06-20,12.9
2014-06-19,12.8
2014-06-18,12.7
2014-06-17,12.35
2014-06-16,13.05
2014-06-13,12.95
2014-06-12,13.2
2014-06-11,12.5
2014-06-10,12.05
2014-06-09,12.2
2014-06-06,12
2014-06-05,12.65
2014-06-04,13.2
2014-06-03,13.3
2014-06-02,13.2
2014-05-30,13.3
2014-05-29,13.3
2014-05-28,13.45
2014-05-27,13.45
2014-05-23,13.9
2014-05-22,14.05
2014-05-21,14.1
2014-05-20,13.05
2014-05-19,13
2014-05-16,13.25
2014-05-15,13.7
2014-05-14,13.25
2014-05-13,13.5
2014-05-12,13.5
2014-05-09,14.05
2014-05-08,14.45
2014-05-07,14.4
2014-05-06,14.75
2014-05-05,14.6
2014-05-02,14.9
2014-05-01,14.9
2014-04-30,15
2014-04-29,15
2014-04-28,15.2
2014-04-25,15.6
2014-04-24,15.5
2014-04-23,15.4
2014-04-22,15.25
2014-04-21,15.4
2014-04-17,15.6
2014-04-16,15.9
2014-04-15,15.6
2014-04-14,16.2
2014-04-11,16.85
2014-04-10,15.85
2014-04-09,14.5
2014-04-08,15.15
2014-04-07,15.5
2014-04-04,14.85
2014-04-03,14.45
2014-04-02,14.6
2014-04-01,14.5
2014-03-31,15.15
2014-03-28,15.6
2014-03-27,15.75
2014-03-26,16.05
2014-03-25,15.7
2014-03-24,15.95
2014-03-21,16
2014-03-20,15.75
2014-03-19,16
2014-03-18,15.6
2014-03-17,16.15
2014-03-14,17.7
2014-03-13,16.6
2014-03-12,15.3
2014-03-11,15.55
2014-03-10,15.3
2014-03-07,15.5
2014-03-06,15.05
2014-03-05,15.15
2014-03-04,15.1
2014-03-03,16.6
2014-02-28,15.25
2014-02-27,15.1
2014-02-26,15.3
2014-02-25,14.9
2014-02-24,15
2014-02-21,15.15
2014-02-20,14.95
2014-02-19,15.4
2014-02-18,14.25
2014-02-14,14.2
2014-02-13,14.6
2014-02-12,14.55
2014-02-11,15.05
2014-02-10,15.65
2014-02-07,15.5
2014-02-06,17
2014-02-05,19.15
2014-02-04,18.65
2014-02-03,19.2
2014-01-31,17.6
2014-01-30,16.65
2014-01-29,16.4
2014-01-28,15.2
2014-01-27,16.1
2014-01-24,16.2
2014-01-23,14.2
2014-01-22,13.85
2014-01-21,13.25
2014-01-17,13.45
2014-01-16,13.45
2014-01-15,13.15
2014-01-14,13.1
2014-01-13,13.8
2014-01-10,13.25
2014-01-09,13.65
2014-01-08,13.7
2014-01-07,13.65
2014-01-06,13.9
2014-01-03,14.05
2014-01-02,14.2
2013-12-31,13.95
2013-12-30,13.9
2013-12-27,13.7
2013-12-26,13.4
2013-12-24,13.4
2013-12-23,13.9
2013-12-20,14.45
2013-12-19,14.45
2013-12-18,14.5
2013-12-17,16.25
2013-12-16,15.9
2013-12-13,15.5
2013-12-12,15.4
2013-12-11,14.9
2013-12-10,13.95
2013-12-09,13.75
2013-12-06,13.95
2013-12-05,14.55
2013-12-04,14.25
2013-12-03,14.65
2013-12-02,14.3
2013-11-29,13.95
2013-11-27,13.85
2013-11-26,13.75
2013-11-25,13.65
2013-11-22,13.6
2013-11-21,13.7
2013-11-20,14.15
2013-11-19,13.6
2013-11-18,13.3
2013-11-15,12.95
2013-11-14,13.05
2013-11-13,13.25
2013-11-12,13.35
2013-11-11,13.3
2013-11-08,13.6
2013-11-07,14.25
2013-11-06,13.7
2013-11-05,14
2013-11-04,13.95
2013-11-01,14.45
2013-10-31,14.5
2013-10-30,14.55
2013-10-29,14.45
2013-10-28,14.55
2013-10-25,14.5
2013-10-24,14.45
2013-10-23,14.7
2013-10-22,14.6
2013-10-21,14.6
2013-10-18,14.35
2013-10-17,14.55
2013-10-16,15.55
2013-10-15,18.2
2013-10-14,15.9
2013-10-11,15.7
2013-10-10,16.4
2013-10-09,18.85
2013-10-08,19.4
2013-10-07,18.5
2013-10-04,16.8
2013-10-03,17.25
2013-10-02,16.35
2013-10-01,15.45
2013-09-30,16.2
2013-09-27,15.5
2013-09-26,14.8
2013-09-25,15.05
2013-09-24,15.05
2013-09-23,15.35
2013-09-20,15
2013-09-19,14.75
2013-09-18,14.7
2013-09-17,14.65
2013-09-16,14.7
2013-09-13,14.8
2013-09-12,14.8
2013-09-11,14.55
2013-09-10,15.15
2013-09-09,15.8
2013-09-06,16.5
2013-09-05,16.4
2013-09-04,16.7
2013-09-03,16.85
2013-08-30,17.5
2013-08-29,17.35
2013-08-28,17.35
2013-08-27,17.2
2013-08-26,15.85
2013-08-23,15.2
2013-08-22,15.45
2013-08-21,16.1
2013-08-20,15
2013-08-19,15.05
2013-08-16,14.45
2013-08-15,14.25
2013-08-14,13.35
2013-08-13,13.1
2013-08-12,13.35
2013-08-09,13.55
2013-08-08,13.25
2013-08-07,13.55
2013-08-06,13.4
2013-08-05,13.05
2013-08-02,13.15
2013-08-01,13.6
2013-07-31,13.9
2013-07-30,14.3
2013-07-29,14.65
2013-07-26,14.45
2013-07-25,14.5
2013-07-24,14.8
2013-07-23,14.65
2013-07-22,14.7
2013-07-19,14.9
2013-07-18,15.45
2013-07-17,15.6
2013-07-16,14.25
2013-07-15,14.05
2013-07-12,14.65
2013-07-11,14.5
2013-07-10,14.85
2013-07-09,15.1
2013-07-08,15.35
2013-07-05,15.95
2013-07-03,17.25
2013-07-02,17.6
2013-07-01,17.65
2013-06-28,18.05
2013-06-27,18.2
2013-06-26,18.85
2013-06-25,19.45
2013-06-24,20.15
2013-06-21,19
2013-06-20,19.65
2013-06-19,17.55
2013-06-18,16.8
2013-06-17,16.95
2013-06-14,17.55
2013-06-13,16.8
2013-06-12,18.25
2013-06-11,16.9
2013-06-10,15.6
2013-06-07,15.8
2013-06-06,16.55
2013-06-05,17.05
2013-06-04,16.1
2013-06-03,16
2013-05-31,16.05
2013-05-30,15.4
2013-05-29,15.4
2013-05-28,15.2
2013-05-24,15.5
2013-05-23,15.5
2013-05-22,15.3
2013-05-21,13.55
2013-05-20,13.3
2013-05-17,13.2
2013-05-16,13.95
2013-05-15,13.7
2013-05-14,13.55
2013-05-13,13.65
2013-05-10,13.85
2013-05-09,14.2
2013-05-08,14
2013-05-07,13.85
2013-05-06,13.9
2013-05-03,14.25
2013-05-02,14.55
2013-05-01,15.15
2013-04-30,14.45
2013-04-29,14.75
2013-04-26,14.8
2013-04-25,14.8
2013-04-24,14.65
2013-04-23,14.55
2013-04-22,15.3
2013-04-19,15.95
2013-04-18,17.2
2013-04-17,16.45
2013-04-16,13.95
2013-04-15,16.7
2013-04-12,12.75
2013-04-11,13.15
2013-04-10,13.1
2013-04-09,13.6
2013-04-08,13.65
2013-04-05,14.35
2013-04-04,14.25
2013-04-03,14.65
2013-04-02,13.8
2013-04-01,14.4
2013-03-28,14.2
2013-03-27,14.4
2013-03-26,14.2
2013-03-25,14.55
2013-03-22,14.8
2013-03-21,14.95
2013-03-20,14.5
2013-03-19,14.8
2013-03-18,13.7
2013-03-15,12.55
2013-03-14,12.55
2013-03-13,12.95
2013-03-12,13.25
2013-03-11,13
2013-03-08,13.8
2013-03-07,14.2
2013-03-06,14.7
2013-03-05,14.55
2013-03-04,15
2013-03-01,16.4
2013-02-28,16.15
2013-02-27,15.4
2013-02-26,17.05
2013-02-25,17.65
2013-02-22,14.85
2013-02-21,15.5
2013-02-20,15.4
2013-02-19,13.9
2013-02-15,14.5
2013-02-14,14.55
2013-02-13,14.75
2013-02-12,13
2013-02-11,13.5
2013-02-08,13.8
2013-02-07,14.1
2013-02-06,14.15
2013-02-05,14.4
2013-02-04,15.3
2013-02-01,14.3
2013-01-31,14.9
2013-01-30,15.15
2013-01-29,14.05
2013-01-28,14.6
2013-01-25,14.1
2013-01-24,13.95
2013-01-23,13.7
2013-01-22,14.05
2013-01-18,14.65
2013-01-17,15.7
2013-01-16,15.5
2013-01-15,14.2
2013-01-14,14.1
2013-01-11,14.15
2013-01-10,14.2
2013-01-09,14.7
2013-01-08,14.65
2013-01-07,14.75
2013-01-04,15.3
2013-01-03,15.9
2013-01-02,15.6
2012-12-31,17.7
2012-12-28,22.35
2012-12-27,19.1
2012-12-26,19.5
2012-12-24,18.65
2012-12-21,18.25
2012-12-20,17.5
2012-12-19,17.1
2012-12-18,15.55
2012-12-17,16.2
2012-12-14,16.85
2012-12-13,16.6
2012-12-12,16.1
2012-12-11,15.55
2012-12-10,16
2012-12-07,16
2012-12-06,16.4
2012-12-05,16.1
2012-12-04,16.5
2012-12-03,16.4
2012-11-30,15.55
2012-11-29,15.25
2012-11-28,15.5
2012-11-27,16.15
2012-11-26,15.6
2012-11-23,16.1
2012-11-21,16.45
2012-11-20,15.15
2012-11-19,15.25
2012-11-16,16.75
2012-11-15,18.05
2012-11-14,17.85
2012-11-13,16.95
2012-11-12,17.1
2012-11-09,18.6
2012-11-08,18.5
2012-11-07,18.85
2012-11-06,17.05
2012-11-05,18.1
2012-11-02,17.8
2012-11-01,16.9
2012-10-31,18.95
2012-10-26,18.25
2012-10-25,18.3
2012-10-24,18.75
2012-10-23,19.2
2012-10-22,17.35
2012-10-19,17.6
2012-10-18,16.7
2012-10-17,16.45
2012-10-16,15.5
2012-10-15,15.7
2012-10-12,16.65
2012-10-11,16.2
2012-10-10,16.75
2012-10-09,16.7
2012-10-08,15.9
2012-10-05,15.75
2012-10-04,15.8
2012-10-03,16.5
2012-10-02,16.6
2012-10-01,16.95
2012-09-28,16.4
2012-09-27,16.1
2012-09-26,17.75
2012-09-25,17.15
2012-09-24,15.9
2012-09-21,16.05
2012-09-20,16.4
2012-09-19,16.05
2012-09-18,14.3
2012-09-17,15
2012-09-14,15.75
2012-09-13,14.9
2012-09-12,15.8
2012-09-11,16.6
2012-09-10,16.5
2012-09-07,15.1
2012-09-06,16.1
2012-09-05,18.15
2012-09-04,18.65
2012-08-31,18.95
2012-08-30,19.7
2012-08-29,19.25
2012-08-28,19
2012-08-27,18.8
2012-08-24,18.55
2012-08-23,19.3
2012-08-22,19
2012-08-21,14.9
2012-08-20,14.65
2012-08-17,15.1
2012-08-16,15.9
2012-08-15,16.2
2012-08-14,16.4
2012-08-13,15.8
2012-08-10,16.35
2012-08-09,16.55
2012-08-08,16.8
2012-08-07,17.65
2012-08-06,16.85
2012-08-03,17.2
2012-08-02,18.7
2012-08-01,19.7
2012-07-31,19.9
2012-07-30,19.5
2012-07-27,18.6
2012-07-26,19.15
2012-07-25,21.1
2012-07-24,21.85
2012-07-23,20.8
2012-07-20,19.15
2012-07-19,18.2
2012-07-18,18.65
2012-07-17,16.65
2012-07-16,17.3
2012-07-13,17.45
2012-07-12,18.5
2012-07-11,18.3
2012-07-10,19.25
2012-07-09,18.4
2012-07-06,18.25
2012-07-05,18.8
2012-07-03,17.7
2012-07-02,18.15
2012-06-29,19.55
2012-06-28,21.35
2012-06-27,21.7
2012-06-26,21.75
2012-06-25,22.45
2012-06-22,21.85
2012-06-21,23.35
2012-06-20,20.45
2012-06-19,18.45
2012-06-18,19
2012-06-15,21.5
2012-06-14,22.95
2012-06-13,24.95
2012-06-12,23.45
2012-06-11,24.55
2012-06-08,21.7
2012-06-07,23.05
2012-06-06,23.4
2012-06-05,25.6
2012-06-04,26.95
2012-06-01,27.75
2012-05-31,26
2012-05-30,25.7
2012-05-29,23
2012-05-25,24.55
2012-05-24,24.25
2012-05-23,24.8
2012-05-22,24.95
2012-05-21,24.25
2012-05-18,28.2
2012-05-17,26.2
2012-05-16,24.4
2012-05-15,21.85
2012-05-14,21.95
2012-05-11,20.1
2012-05-10,19.35
2012-05-09,20.5
2012-05-08,19.55
2012-05-07,19.35
2012-05-04,20
2012-05-03,18.8
2012-05-02,18.05
2012-05-01,18
2012-04-30,18.45
2012-04-27,18.05
2012-04-26,18
2012-04-25,18.55
2012-04-24,19.75
2012-04-23,20.6
2012-04-20,19.7
2012-04-19,20.4
2012-04-18,20.55
2012-04-17,18.2
2012-04-16,19.85
2012-04-13,19.95
2012-04-12,18.2
2012-04-11,20.7
2012-04-10,21.15
2012-04-09,19.6
2012-04-05,18.45
2012-04-04,17.95
2012-04-03,17.25
2012-04-02,17
2012-03-30,16.8
2012-03-29,17.1
2012-03-28,17.65
2012-03-27,17.6
2012-03-26,15.6
2012-03-23,17
2012-03-22,18.35
2012-03-21,18.1
2012-03-20,15.65
2012-03-19,15.55
2012-03-16,16.15
2012-03-15,17.05
2012-03-14,17.8
2012-03-13,17
2012-03-12,17.75
2012-03-09,19.05
2012-03-08,19.7
2012-03-07,20.65
2012-03-06,22.5
2012-03-05,20.15
2012-03-02,20.4
2012-03-01,20.05
2012-02-29,21
2012-02-28,20.85
2012-02-27,21.55
2012-02-24,21.2
2012-02-23,20.25
2012-02-22,21.8
2012-02-21,22.55
2012-02-17,22.6
2012-02-16,22.8
2012-02-15,24.25
2012-02-14,19.8
2012-02-13,19.25
2012-02-10,21.75
2012-02-09,20
2012-02-08,19.2
2012-02-07,18.4
2012-02-06,18.1
2012-02-03,17.95
2012-02-02,19.15
2012-02-01,19.85
2012-01-31,20.9
2012-01-30,20.7
2012-01-27,20.15
2012-01-26,20.55
2012-01-25,20.6
2012-01-24,21.2
2012-01-23,21.3
2012-01-20,21.85
2012-01-19,22.55
2012-01-18,23.2
2012-01-17,22.45
2012-01-13,22.55
2012-01-12,22.2
2012-01-11,22.95
2012-01-10,22.35
2012-01-09,22.85
2012-01-06,23.05
2012-01-05,23.75
2012-01-04,24.2
2012-01-03,24.8
2011-12-30,26.7
2011-12-29,25.95
2011-12-28,26.7
2011-12-27,25.45
2011-12-23,25.7
2011-12-22,25.1
2011-12-21,24.5
2011-12-20,23.85
2011-12-19,25.6
2011-12-16,26.1
2011-12-15,26.35
2011-12-14,27.1
2011-12-13,27.1
2011-12-12,27.6
2011-12-09,27.2
2011-12-08,30.15
2011-12-07,28.6
2011-12-06,28.1
2011-12-05,27.8
2011-12-02,27.8
2011-12-01,27.9
2011-11-30,28.35
2011-11-29,31.35
2011-11-28,32
2011-11-25,34.5
2011-11-23,33.6
2011-11-22,32.3
2011-11-21,32.95
2011-11-18,32.35
2011-11-17,33.75
2011-11-16,32.65
2011-11-15,32.05
2011-11-14,32.1
2011-11-11,31.4
2011-11-10,33.45
2011-11-09,36.45
2011-11-08,28.9
2011-11-07,31.1
2011-11-04,31.4
2011-11-03,30.95
2011-11-02,32.7
2011-11-01,33.95
2011-10-31,29.95
2011-10-28,26.25
2011-10-27,26.2
2011-10-26,30.5
2011-10-25,32.4
2011-10-24,29.75
2011-10-21,31.6
2011-10-20,34.1
2011-10-19,33.85
2011-10-18,32.15
2011-10-17,34.2
2011-10-14,29.75
2011-10-13,32.1
2011-10-12,32.25
2011-10-11,34.5
2011-10-10,34.7
2011-10-07,37.95
2011-10-06,37.85
2011-10-05,38.45
2011-10-04,40.8
2011-10-03,45.05
2011-09-30,42.15
2011-09-29,38.6
2011-09-28,39.45
2011-09-27,36.75
2011-09-26,37.5
2011-09-23,39.1
2011-09-22,38.55
2011-09-21,35.75
2011-09-20,33.5
2011-09-19,33.7
2011-09-16,32.05
2011-09-15,33.2
2011-09-14,35.75
2011-09-13,37.85
2011-09-12,38.3
2011-09-09,38.55
2011-09-08,34.6
2011-09-07,33.55
2011-09-06,35.75
2011-09-02,34.5
2011-09-01,32.15
2011-08-31,31.65
2011-08-30,32.5
2011-08-29,31.65
2011-08-26,34
2011-08-25,34.75
2011-08-24,33.55
2011-08-23,34.3
2011-08-22,36.45
2011-08-19,35.35
2011-08-18,33.4
2011-08-17,27.95
2011-08-16,33.65
2011-08-15,32.1
2011-08-12,35
2011-08-11,35.15
2011-08-10,36
2011-08-09,30.5
2011-08-08,36.55
2011-08-05,29.15
2011-08-04,27.45
2011-08-03,22
2011-08-02,22.3
2011-08-01,20.7
2011-07-29,21.1
2011-07-28,21.35
2011-07-27,21.3
2011-07-26,19.65
2011-07-25,19.35
2011-07-22,18.25
2011-07-21,18.35
2011-07-20,19.35
2011-07-19,19.25
2011-07-18,21.15
2011-07-15,20.15
2011-07-14,20.65
2011-07-13,19.9
2011-07-12,19.6
2011-07-11,18.85
2011-07-08,17.1
2011-07-07,16.75
2011-07-06,17.25
2011-07-05,16.95
2011-07-01,16.95
2011-06-30,17.7
2011-06-29,18.5
2011-06-28,19.5
2011-06-27,20.6
2011-06-24,21.05
2011-06-23,19.85
2011-06-22,20.3
2011-06-21,19.95
2011-06-20,20.45
2011-06-17,21.45
2011-06-16,21.95
2011-06-15,20.95
2011-06-14,18.2
2011-06-13,19.55
2011-06-10,18.9
2011-06-09,17.75
2011-06-08,18.5
2011-06-07,18.1
2011-06-06,18.2
2011-06-03,17.95
2011-06-02,17.8
2011-06-01,17.95
2011-05-31,16.55
2011-05-27,17.1
2011-05-26,17.45
2011-05-25,17.95
2011-05-24,18.3
2011-05-23,18.55
2011-05-20,18.05
2011-05-19,17.65
2011-05-18,18.05
2011-05-17,17.75
2011-05-16,18
2011-05-13,17.35
2011-05-12,16.65
2011-05-11,17.2
2011-05-10,16.65
2011-05-09,17.45
2011-05-06,18.15
2011-05-05,18.3
2011-05-04,17.95
2011-05-03,17.7
2011-05-02,17.25
2011-04-29,16.7
2011-04-28,16.75
2011-04-27,17
2011-04-26,17.3
2011-04-25,17.45
2011-04-21,17.9
2011-04-20,18.15
2011-04-19,16
2011-04-18,17.3
2011-04-15,16.75
2011-04-14,17.9
2011-04-13,18.3
2011-04-12,18.7
2011-04-11,18.4
2011-04-08,18.65
2011-04-07,18.4
2011-04-06,18.35
2011-04-05,18.55
2011-04-04,18.7
2011-04-01,19.05
2011-03-31,19.3
2011-03-30,19.25
2011-03-29,19.6
2011-03-28,20.3
2011-03-25,19.75
2011-03-24,19.95
2011-03-23,20.5
2011-03-22,21.5
2011-03-21,21.6
2011-03-18,23.35
2011-03-17,24.15
2011-03-16,24.9
2011-03-15,24.6
2011-03-14,21.7
2011-03-11,21.3
2011-03-10,22.25
2011-03-09,21.05
2011-03-08,20.45
2011-03-07,21.05
2011-03-04,20.05
2011-03-03,19.7
2011-03-02,21.1
2011-03-01,21.2
2011-02-28,19.2
2011-02-25,20.15
2011-02-24,21.85
2011-02-23,22.25
2011-02-22,21.15
2011-02-18,18.6
2011-02-17,18.45
2011-02-16,18.3
2011-02-15,16.7
2011-02-14,16.45
2011-02-11,16.6
2011-02-10,16.9
2011-02-09,16.85
2011-02-08,16.85
2011-02-07,16.95
2011-02-04,17.25
2011-02-03,17.7
2011-02-02,18.05
2011-02-01,17.95
2011-01-31,19.1
2011-01-28,19.4
2011-01-27,17.25
2011-01-26,17.55
2011-01-25,18.2
2011-01-24,18.4
2011-01-21,18.85
2011-01-20,18.65
2011-01-19,18.75
2011-01-18,15.9
2011-01-14,16.25
2011-01-13,16.95
2011-01-12,17
2011-01-11,17.95
2011-01-10,18.65
2011-01-07,18.7
2011-01-06,18.65
2011-01-05,18.7
2011-01-04,19.1
2011-01-03,19.3
2010-12-31,19.7
2010-12-30,20.1
2010-12-29,20.25
2010-12-28,20.55
2010-12-27,20.45
2010-12-23,19.85
2010-12-22,19.25
2010-12-21,16.75
2010-12-20,16.75
2010-12-17,17.6
2010-12-16,18.4
2010-12-15,19.05
2010-12-14,18.7
2010-12-13,18.3
2010-12-10,18.05
2010-12-09,18
2010-12-08,18.2
2010-12-07,18.6
2010-12-06,18.6
2010-12-03,19.05
2010-12-02,19.85
2010-12-01,21.9
2010-11-30,23.2
2010-11-29,21.45
2010-11-26,21.25
2010-11-24,19.8
2010-11-23,20.75
2010-11-22,19.8
2010-11-19,20.5
2010-11-18,20.75
2010-11-17,22.3
2010-11-16,22.25
2010-11-15,19.75
2010-11-12,20.35
2010-11-11,18.95
2010-11-10,18.65
2010-11-09,18.9
2010-11-08,18.7
2010-11-05,18.55
2010-11-04,18.5
2010-11-03,19.8
2010-11-02,21
2010-11-01,21.55
2010-10-29,21.75
2010-10-28,21.75
2010-10-27,21.85
2010-10-26,21.4
2010-10-25,20.95
2010-10-22,21.1
2010-10-21,22
2010-10-20,22.6
2010-10-19,20.95
2010-10-18,19.85
2010-10-15,20.95
2010-10-14,21.55
2010-10-13,20.65
2010-10-12,20.65
2010-10-11,21.3
2010-10-08,21.95
2010-10-07,22.95
2010-10-06,23.25
2010-10-05,23.65
2010-10-04,25.15
2010-10-01,24.75
2010-09-30,25.45
2010-09-29,24.7
2010-09-28,24.3
2010-09-27,24.35
2010-09-24,24.2
2010-09-23,25.8
2010-09-22,24.95
2010-09-21,24.45
2010-09-20,24.35
2010-09-17,25.05
2010-09-16,25.1
2010-09-15,25.2
2010-09-14,21.7
2010-09-13,21.7
2010-09-10,23.05
2010-09-09,23.75
2010-09-08,23.85
2010-09-07,24.45
2010-09-03,23.6
2010-09-02,25
2010-09-01,25.8
2010-08-31,27.9
2010-08-30,28.45
2010-08-27,27.55
2010-08-26,29.55
2010-08-25,29.15
2010-08-24,29.8
2010-08-23,29
2010-08-20,29.6
2010-08-19,29.9
2010-08-18,29
2010-08-17,24.35
2010-08-16,26
2010-08-13,26.75
2010-08-12,26.15
2010-08-11,25.7
2010-08-10,23.25
2010-08-09,23.1
2010-08-06,23.7
2010-08-05,23.8
2010-08-04,23.75
2010-08-03,24.1
2010-08-02,23.85
2010-07-30,25.45
2010-07-29,25.75
2010-07-28,25.75
2010-07-27,25.45
2010-07-26,25.55
2010-07-23,26.6
2010-07-22,27.3
2010-07-21,28.85
2010-07-20,24.4
2010-07-19,26.8
2010-07-16,28.1
2010-07-15,26.5
2010-07-14,26.75
2010-07-13,25.8
2010-07-12,25.85
2010-07-09,26.55
2010-07-08,27.05
2010-07-07,27.6
2010-07-06,29.8
2010-07-02,32.05
2010-07-01,33.35
2010-06-30,33.9
2010-06-29,33.5
2010-06-28,30.15
2010-06-25,29.75
2010-06-24,30.65
2010-06-23,28.75
2010-06-22,28.4
2010-06-21,27.1
2010-06-18,26.85
2010-06-17,27.3
2010-06-16,27.8
2010-06-15,25.85
2010-06-14,28.55
2010-06-11,29.3
2010-06-10,30.65
2010-06-09,33.4
2010-06-08,33.45
2010-06-07,35.45
2010-06-04,33.55
2010-06-03,29.6
2010-06-02,29.85
2010-06-01,32.55
2010-05-28,30.4
2010-05-27,29.65
2010-05-26,32.8
2010-05-25,33.75
2010-05-24,35.1
2010-05-21,35.75
2010-05-20,35.95
2010-05-19,31.65
2010-05-18,32.7
2010-05-17,30.3
2010-05-14,30.1
2010-05-13,25.85
2010-05-12,25.05
2010-05-11,27.1
2010-05-10,27.45
2010-05-07,32.95
2010-05-06,29.2
2010-05-05,24.15
2010-05-04,23
2010-05-03,20.55
2010-04-30,21.6
2010-04-29,19.65
2010-04-28,20.8
2010-04-27,21.05
2010-04-26,18.75
2010-04-23,18.5
2010-04-22,18.65
2010-04-21,18.7
2010-04-20,16
2010-04-19,17.4
2010-04-16,18.2
2010-04-15,16.7
2010-04-14,16.7
2010-04-13,17.15
2010-04-12,17.1
2010-04-09,17.2
2010-04-08,17.45
2010-04-07,17.9
2010-04-06,17.45
2010-04-05,18
2010-04-01,18.8
2010-03-31,18.95
2010-03-30,19.1
2010-03-29,19.5
2010-03-26,19.9
2010-03-25,20.1
2010-03-24,19.9
2010-03-23,19.45
2010-03-22,19.9
2010-03-19,20.2
2010-03-18,19.8
2010-03-17,20.1
2010-03-16,17.45
2010-03-15,18.1
2010-03-12,18.35
2010-03-11,18.6
2010-03-10,18.6
2010-03-09,18.5
2010-03-08,18.35
2010-03-05,18.55
2010-03-04,19.6
2010-03-03,19.6
2010-03-02,19.8
2010-03-01,20
2010-02-26,20.4
2010-02-25,20.95
2010-02-24,21.1
2010-02-23,21.65
2010-02-22,20.95
2010-02-19,21.35
2010-02-18,21.8
2010-02-17,22.75
2010-02-16,22.6
2010-02-12,24.45
2010-02-11,24.45
2010-02-10,25.5
2010-02-09,25.55
2010-02-08,26.4
2010-02-05,26.1
2010-02-04,25.6
2010-02-03,22.15
2010-02-02,22.1
2010-02-01,23.05
2010-01-29,24.65
2010-01-28,24
2010-01-27,23.75
2010-01-26,24.55
2010-01-25,24.35
2010-01-22,24.75
2010-01-21,22.65
2010-01-20,21.4
2010-01-19,17.85
2010-01-15,19.65
2010-01-14,18.95
2010-01-13,19.4
2010-01-12,20.25
2010-01-11,19.5
2010-01-08,19.9
2010-01-07,20.45
2010-01-06,20.8
2010-01-05,21.55
2010-01-04,22.1
2009-12-31,22.95
2009-12-30,22.4
2009-12-29,22
2009-12-28,21.85
2009-12-24,22.1
2009-12-23,22.45
2009-12-22,22.65
2009-12-21,23.25
2009-12-18,24.1
2009-12-17,24.45
2009-12-16,24.1
2009-12-15,21.35
2009-12-14,21.1
2009-12-11,22.1
2009-12-10,22.5
2009-12-09,23.05
2009-12-08,23.5
2009-12-07,22.5
2009-12-04,22.6
2009-12-03,23.25
2009-12-02,22.65
2009-12-01,23.05
2009-11-30,24.1
2009-11-27,24.05
2009-11-25,22.35
2009-11-24,22.7
2009-11-23,22.85
2009-11-20,24.2
2009-11-19,24.7
2009-11-18,24.4
2009-11-17,22.55
2009-11-16,23.4
2009-11-13,24.25
2009-11-12,24.8
2009-11-11,23.65
2009-11-10,23.5
2009-11-09,23.5
2009-11-06,25.1
2009-11-05,25.9
2009-11-04,27.6
2009-11-03,28.1
2009-11-02,28
2009-10-30,27.85
2009-10-29,25.05
2009-10-28,26.65
2009-10-27,24.65
2009-10-26,24.55
2009-10-23,24.05
2009-10-22,23.65
2009-10-21,24.55
2009-10-20,21.1
2009-10-19,21.4
2009-10-16,22.35
2009-10-15,22.35
2009-10-14,23.25
2009-10-13,23.55
2009-10-12,24.05
2009-10-09,24.55
2009-10-08,25.05
2009-10-07,25.4
2009-10-06,26
2009-10-05,26.8
2009-10-02,27.85
2009-10-01,27.8
2009-09-30,26.3
2009-09-29,25.9
2009-09-28,25.85
2009-09-25,27
2009-09-24,26.9
2009-09-23,26.35
2009-09-22,26.1
2009-09-21,26.7
2009-09-18,26.75
2009-09-17,26.1
2009-09-16,25.95
2009-09-15,23.5
2009-09-14,23.85
2009-09-11,24.75
2009-09-10,24.45
2009-09-09,25.95
2009-09-08,26.7
2009-09-04,27.6
2009-09-03,28.95
2009-09-02,30.5
2009-09-01,30.05
2009-08-31,28.5
2009-08-28,28.1
2009-08-27,27.8
2009-08-26,28.3
2009-08-25,27.75
2009-08-24,27.4
2009-08-21,27.35
2009-08-20,27.8
2009-08-19,28.35
2009-08-18,26.35
2009-08-17,27.6
2009-08-14,25.2
2009-08-13,25.05
2009-08-12,25.55
2009-08-11,26.2
2009-08-10,25.6
2009-08-07,25.65
2009-08-06,26.6
2009-08-05,26.05
2009-08-04,26.3
2009-08-03,26.45
2009-07-31,27.25
2009-07-30,27.05
2009-07-29,27.65
2009-07-28,27.3
2009-07-27,26.35
2009-07-24,26
2009-07-23,26.25
2009-07-22,27.2
2009-07-21,24.05
2009-07-20,24.55
2009-07-17,25.6
2009-07-16,25.9
2009-07-15,26.45
2009-07-14,27
2009-07-13,27.55
2009-07-10,29.8
2009-07-09,29.75
2009-07-08,30.8
2009-07-07,30.25
2009-07-06,29
2009-07-02,29.3
2009-07-01,27.65
2009-06-30,28.05
2009-06-29,27.45
2009-06-26,28.55
2009-06-25,29.1
2009-06-24,30.6
2009-06-23,32.05
2009-06-22,32.75
2009-06-19,31.35
2009-06-18,32.4
2009-06-17,32.65
2009-06-16,31.85
2009-06-15,30.2
2009-06-12,28.35
2009-06-11,28.1
2009-06-10,29.1
2009-06-09,29.1
2009-06-08,30.25
2009-06-05,30.55
2009-06-04,30.8
2009-06-03,31.15
2009-06-02,29.6
2009-06-01,29.6
2009-05-29,30.35
2009-05-28,31.55
2009-05-27,32.1
2009-05-26,31.15
2009-05-22,32.75
2009-05-21,32.2
2009-05-20,30.5
2009-05-19,28.5
2009-05-18,29.85
2009-05-15,33.15
2009-05-14,31.6
2009-05-13,33.4
2009-05-12,31.95
2009-05-11,32.45
2009-05-08,32.2
2009-05-07,33.7
2009-05-06,33.05
2009-05-05,34.6
2009-05-04,34.8
2009-05-01,36.35
2009-04-30,36.95
2009-04-29,36.45
2009-04-28,38.2
2009-04-27,38.75
2009-04-24,37.8
2009-04-23,37.8
2009-04-22,38.45
2009-04-21,37.9
2009-04-20,39.5
2009-04-17,36.6
2009-04-16,37.35
2009-04-15,38.8
2009-04-14,37.85
2009-04-13,37.05
2009-04-09,38.3
2009-04-08,40.6
2009-04-07,41.65
2009-04-06,41.95
2009-04-03,41.7
2009-04-02,42.95
2009-04-01,43.65
2009-03-31,45.05
2009-03-30,46.35
2009-03-27,42.95
2009-03-26,41.45
2009-03-25,42.75
2009-03-24,44
2009-03-23,43.35
2009-03-20,47.05
2009-03-19,43.7
2009-03-18,40.95
2009-03-17,40.05
2009-03-16,43
2009-03-13,42.1
2009-03-12,41.1
2009-03-11,42.65
2009-03-10,43.15
2009-03-09,47.05
2009-03-06,46.65
2009-03-05,47.35
2009-03-04,44.75
2009-03-03,48.45
2009-03-02,47.85
2009-02-27,44.45
2009-02-26,44
2009-02-25,43.45
2009-02-24,44.5
2009-02-23,49.05
2009-02-20,46.7
2009-02-19,44.55
2009-02-18,44.85
2009-02-17,48
2009-02-13,43.6
2009-02-12,42.55
2009-02-11,44.6
2009-02-10,45.6
2009-02-09,42.5
2009-02-06,42.6
2009-02-05,43.25
2009-02-04,43.75
2009-02-03,43.15
2009-02-02,45.35
2009-01-30,44.99
2009-01-29,43.38
2009-01-28,42.31
2009-01-27,45.16
2009-01-26,47.55
2009-01-23,50.16
2009-01-22,50.54
2009-01-21,51.13
2009-01-20,57.9
2009-01-16,49.65
2009-01-15,53.26
2009-01-14,51.79
2009-01-13,46.67
2009-01-12,48.04
2009-01-09,44.55
2009-01-08,42.97
2009-01-07,43.52
2009-01-06,39.53
2009-01-05,39.96
2009-01-02,38.7
2008-12-31,41.94
2008-12-30,44.18
2008-12-29,46.34
2008-12-26,45.15
2008-12-24,45.73
2008-12-23,46.15
2008-12-22,45.51
2008-12-19,47.35
2008-12-18,50.31
2008-12-17,52.07
2008-12-16,52.44
2008-12-15,55.7
2008-12-12,54.58
2008-12-11,55.06
2008-12-10,55.26
2008-12-09,56.4
2008-12-08,55.26
2008-12-05,58.32
2008-12-04,60.49
2008-12-03,57.73
2008-12-02,57.93
2008-12-01,60.45
2008-11-28,53.21
2008-11-26,53.18
2008-11-25,57.18
2008-11-24,58.64
2008-11-21,62.78
2008-11-20,66.23
2008-11-19,62.9
2008-11-18,67.04
2008-11-17,67.95
2008-11-14,62.9
2008-11-13,56.87
2008-11-12,63.71
2008-11-11,58.38
2008-11-10,56.19
2008-11-07,54.65
2008-11-06,57.58
2008-11-05,50.2
2008-11-04,46.43
2008-11-03,51.96
2008-10-31,54.57
2008-10-30,55.37
2008-10-29,56.41
2008-10-28,53.7
2008-10-27,59.29
2008-10-24,55.82
2008-10-23,50.02
2008-10-22,48.33
2008-10-21,52.8
2008-10-20,52.31
2008-10-17,63.25
2008-10-16,63.88
2008-10-15,58.18
2008-10-14,49.05
2008-10-13,50.64
2008-10-10,56.71
2008-10-09,52.3
2008-10-08,45.56
2008-10-07,41.83
2008-10-06,37.37
2008-10-03,35.67
2008-10-02,34.1
2008-10-01,31.87
2008-09-30,30.66
2008-09-29,32.69
2008-09-26,28.64
2008-09-25,27.74
2008-09-24,28.65
2008-09-23,29.02
2008-09-22,26.56
2008-09-19,24.74
2008-09-18,25.31
2008-09-17,26.61
2008-09-16,29.68
2008-09-15,28.84
2008-09-12,24.68
2008-09-11,23.83
2008-09-10,23.59
2008-09-09,24.22
2008-09-08,21.99
2008-09-05,23.08
2008-09-04,23.78
2008-09-03,21.64
2008-09-02,22.08
2008-08-29,21.7
2008-08-28,21.12
2008-08-27,21.8
2008-08-26,22.4
2008-08-25,22.64
2008-08-22,21.59
2008-08-21,22.19
2008-08-20,22.45
2008-08-19,21
2008-08-18,20.66
2008-08-15,20.18
2008-08-14,20.8
2008-08-13,21.5
2008-08-12,21.28
2008-08-11,20.29
2008-08-08,20.91
2008-08-07,21.51
2008-08-06,20.7
2008-08-05,21.44
2008-08-04,22.78
2008-08-01,22.95
2008-07-31,22.77
2008-07-30,21.57
2008-07-29,22.68
2008-07-28,24.25
2008-07-25,23.45
2008-07-24,23.55
2008-07-23,22.43
2008-07-22,22.47
2008-07-21,23.4
2008-07-18,24.05
2008-07-17,24.25
2008-07-16,24.72
2008-07-15,28.43
2008-07-14,28.03
2008-07-11,27.15
2008-07-10,25.61
2008-07-09,25.47
2008-07-08,23.96
2008-07-07,25.85
2008-07-03,25.39
2008-07-02,25.53
2008-07-01,24.19
2008-06-30,24.19
2008-06-27,24.55
2008-06-26,24.72
2008-06-25,22.61
2008-06-24,23.63
2008-06-23,23.51
2008-06-20,23.51
2008-06-19,22.93
2008-06-18,23.35
2008-06-17,21.05
2008-06-16,20.86
2008-06-13,21.62
2008-06-12,22.85
2008-06-11,23.75
2008-06-10,22.72
2008-06-09,22.7
2008-06-06,22.98
2008-06-05,19.91
2008-06-04,21.3
2008-06-03,21.07
2008-06-02,20.64
2008-05-30,19.38
2008-05-29,19.97
2008-05-28,21.33
2008-05-27,21.49
2008-05-23,22.23
2008-05-22,21.72
2008-05-21,22.14
2008-05-20,17.37
2008-05-19,16.64
2008-05-16,17.15
2008-05-15,17.43
2008-05-14,18.3
2008-05-13,18.7
2008-05-12,18.94
2008-05-09,19.84
2008-05-08,19.67
2008-05-07,19.7
2008-05-06,18.82
2008-05-05,19.69
2008-05-02,19.66
2008-05-01,19.86
2008-04-30,21.24
2008-04-29,20.81
2008-04-28,20.54
2008-04-25,20.69
2008-04-24,21.23
2008-04-23,21.86
2008-04-22,22.1
2008-04-21,21.92
2008-04-18,22.2
2008-04-17,23.03
2008-04-16,22.96
2008-04-15,22.87
2008-04-14,23.84
2008-04-11,23.91
2008-04-10,22.85
2008-04-09,23.63
2008-04-08,23.02
2008-04-07,23.01
2008-04-04,23.96
2008-04-03,24.27
2008-04-02,24.64
2008-04-01,24
2008-03-31,26.01
2008-03-28,26.6
2008-03-27,26.64
2008-03-26,26.95
2008-03-25,26.32
2008-03-24,26.35
2008-03-20,27
2008-03-19,27.41
2008-03-18,25.95
2008-03-17,30.57
2008-03-14,29.03
2008-03-13,26.75
2008-03-12,26.68
2008-03-11,26.11
2008-03-10,27.75
2008-03-07,26.91
2008-03-06,26.76
2008-03-05,24.83
2008-03-04,25.72
2008-03-03,26.16
2008-02-29,26.1
2008-02-28,24.58
2008-02-27,23.88
2008-02-26,23.71
2008-02-25,24.17
2008-02-22,24.87
2008-02-21,25.42
2008-02-20,25.45
2008-02-19,25.61
2008-02-15,26.07
2008-02-14,26.28
2008-02-13,26
2008-02-12,27.06
2008-02-11,27.88
2008-02-08,28.39
2008-02-07,27.62
2008-02-06,28.19
2008-02-05,27.39
2008-02-04,25.81
2008-02-01,24.95
2008-01-31,25.64
2008-01-30,26.14
2008-01-29,26.25
2008-01-28,26.16
2008-01-25,26.75
2008-01-24,26.43
2008-01-23,26.4
2008-01-22,27.73
2008-01-18,27.24
2008-01-17,26.97
2008-01-16,24.99
2008-01-15,24.04
2008-01-14,23.36
2008-01-11,24.96
2008-01-10,24.07
2008-01-09,24.89
2008-01-08,25.54
2008-01-07,24.12
2008-01-04,24.68
2008-01-03,23.42
2008-01-02,23.86
2007-12-31,23.12
2007-12-28,22.81
2007-12-27,22.72
2007-12-26,22.02
2007-12-24,22.18
2007-12-21,23.1
2007-12-20,24.17
2007-12-19,24.42
2007-12-18,22.55
2007-12-17,23.75
2007-12-14,22.64
2007-12-13,22.04
2007-12-12,22.19
2007-12-11,22.92
2007-12-10,21.28
2007-12-07,21.97
2007-12-06,21.67
2007-12-05,23.06
2007-12-04,24.48
2007-12-03,24.29
2007-11-30,24.19
2007-11-29,24.86
2007-11-28,24.56
2007-11-27,26.65
2007-11-26,27.32
2007-11-23,25.86
2007-11-21,26.81
2007-11-20,25.08
2007-11-19,25.61
2007-11-16,26.04
2007-11-15,27.42
2007-11-14,25.3
2007-11-13,24.65
2007-11-12,27.64
2007-11-09,26.96
2007-11-08,25.24
2007-11-07,25.22
2007-11-06,22.45
2007-11-05,23.94
2007-11-02,22.98
2007-11-01,22.33
2007-10-31,19.06
2007-10-30,20.96
2007-10-29,20.27
2007-10-26,20.73
2007-10-25,21.71
2007-10-24,22.01
2007-10-23,21.56
2007-10-22,22.27
2007-10-19,22.54
2007-10-18,21.09
2007-10-17,21.07
2007-10-16,20.03
2007-10-15,19.17
2007-10-12,17.95
2007-10-11,18.53
2007-10-10,17.31
2007-10-09,17.06
2007-10-08,18.2
2007-10-05,17.93
2007-10-04,19.26
2007-10-03,19.1
2007-10-02,18.92
2007-10-01,18.43
2007-09-28,18.92
2007-09-27,18.72
2007-09-26,19.03
2007-09-25,19.88
2007-09-24,19.71
2007-09-21,19.87
2007-09-20,20.82
2007-09-19,20.57
2007-09-18,20.18
2007-09-17,25.37
2007-09-14,24.8
2007-09-13,24.85
2007-09-12,24.94
2007-09-11,25.01
2007-09-10,26.72
2007-09-07,25.83
2007-09-06,23.98
2007-09-05,24.16
2007-09-04,22.78
2007-08-31,23.7
2007-08-30,24.45
2007-08-29,24.16
2007-08-28,25.21
2007-08-27,23.28
2007-08-24,22.23
2007-08-23,23.1
2007-08-22,22.7
2007-08-21,25.24
2007-08-20,26.34
2007-08-17,30.07
2007-08-16,30.61
2007-08-15,28.81
2007-08-14,26.94
2007-08-13,26.1
2007-08-10,27.18
2007-08-09,23.26
2007-08-08,20.16
2007-08-07,20.71
2007-08-06,22.08
2007-08-03,22.61
2007-08-02,20.81
2007-08-01,21.8
2007-07-31,20.52
2007-07-30,19.44
2007-07-27,20.07
2007-07-26,19.37
2007-07-25,18.07
2007-07-24,18.18
2007-07-23,17.55
2007-07-20,17.72
2007-07-19,17.18
2007-07-18,17.37
2007-07-17,15.57
2007-07-16,15.67
2007-07-13,15.45
2007-07-12,15.47
2007-07-11,16.24
2007-07-10,16.67
2007-07-09,15.41
2007-07-06,15.3
2007-07-05,15.63
2007-07-03,15.44
2007-07-02,15.72
2007-06-29,16.19
2007-06-28,15.55
2007-06-27,15.61
2007-06-26,16.64
2007-06-25,15.99
2007-06-22,15.77
2007-06-21,15.07
2007-06-20,15.03
2007-06-19,12.88
2007-06-18,13.41
2007-06-15,13.64
2007-06-14,13.86
2007-06-13,14.78
2007-06-12,15.5
2007-06-11,14.69
2007-06-08,15.08
2007-06-07,15.82
2007-06-06,14.33
2007-06-05,13.71
2007-06-04,13.57
2007-06-01,13.41
2007-05-31,13.57
2007-05-30,13.56
2007-05-29,13.83
2007-05-25,13.96
2007-05-24,14.2
2007-05-23,13.75
2007-05-22,13.81
2007-05-21,13.78
2007-05-18,13.99
2007-05-17,14.16
2007-05-16,14.06
2007-05-15,13.96
2007-05-14,13.34
2007-05-11,12.77
2007-05-10,13.35
2007-05-09,12.94
2007-05-08,13.33
2007-05-07,13.22
2007-05-04,13.14
2007-05-03,13.08
2007-05-02,13.16
2007-05-01,13.43
2007-04-30,13.41
2007-04-27,13.02
2007-04-26,13.11
2007-04-25,13.1
2007-04-24,13.21
2007-04-23,13.22
2007-04-20,13.03
2007-04-19,13.02
2007-04-18,13.13
2007-04-17,11.87
2007-04-16,11.67
2007-04-13,12.39
2007-04-12,12.87
2007-04-11,13.28
2007-04-10,12.71
2007-04-09,13.3
2007-04-05,13.53
2007-04-04,13.65
2007-04-03,14
2007-04-02,14.7
2007-03-30,14.49
2007-03-29,14.6
2007-03-28,14.72
2007-03-27,13.93
2007-03-26,13.38
2007-03-23,13.33
2007-03-22,13.36
2007-03-21,13.28
2007-03-20,13.06
2007-03-19,14.32
2007-03-16,15.99
2007-03-15,15.4
2007-03-14,15.81
2007-03-13,15.34
2007-03-12,13.14
2007-03-09,13.6
2007-03-08,13.75
2007-03-07,14.37
2007-03-06,15.03
2007-03-05,16.15
2007-03-02,15.19
2007-03-01,14.16
2007-02-28,13.5
2007-02-27,14.81
2007-02-26,11.44
2007-02-23,11.59
2007-02-22,11.15
2007-02-21,11.24
2007-02-20,11.37
2007-02-16,11.56
2007-02-15,11.55
2007-02-14,11.63
2007-02-13,10.43
2007-02-12,11.36
2007-02-09,11.23
2007-02-08,11.01
2007-02-07,10.95
2007-02-06,11.16
2007-02-05,11.16
2007-02-02,11.2
2007-02-01,11.28
2007-01-31,11.51
2007-01-30,11.6
2007-01-29,11.81
2007-01-26,11.88
2007-01-25,11.83
2007-01-24,11.32
2007-01-23,11.47
2007-01-22,11.85
2007-01-19,11.69
2007-01-18,12.06
2007-01-17,11.91
2007-01-16,10.59
2007-01-12,10.66
2007-01-11,10.98
2007-01-10,11.9
2007-01-09,12.34
2007-01-08,12.25
2007-01-05,12.38
2007-01-04,12.11
2007-01-03,12.3
2006-12-29,12.3
2006-12-28,12.09
2006-12-27,11.95
2006-12-26,12.27
2006-12-22,12.62
2006-12-21,12.44
2006-12-20,12.35
2006-12-19,10.57
2006-12-18,10.56
2006-12-15,10.44
2006-12-14,10.37
2006-12-13,10.54
2006-12-12,11.18
2006-12-11,11.43
2006-12-08,11.98
2006-12-07,12
2006-12-06,11.55
2006-12-05,11.52
2006-12-04,11.49
2006-12-01,11.65
2006-11-30,11.37
2006-11-29,11.46
2006-11-28,12
2006-11-27,12.46
2006-11-24,11.71
2006-11-22,11.61
2006-11-21,11.5
2006-11-20,11.43
2006-11-17,11.67
2006-11-16,11.58
2006-11-15,11.62
2006-11-14,10.25
2006-11-13,10.59
2006-11-10,10.99
2006-11-09,10.99
2006-11-08,10.92
2006-11-07,11.18
2006-11-06,11.12
2006-11-03,11.5
2006-11-02,11.65
2006-11-01,11.55
2006-10-31,11.31
2006-10-30,11.35
2006-10-27,11.31
2006-10-26,11.25
2006-10-25,11.49
2006-10-24,11.78
2006-10-23,11.95
2006-10-20,12.28
2006-10-19,12.52
2006-10-18,12.59
2006-10-17,11.23
2006-10-16,10.62
2006-10-13,11.18
2006-10-12,11.36
2006-10-11,11.62
2006-10-10,11.72
2006-10-09,12.23
2006-10-06,12.48
2006-10-05,12.58
2006-10-04,12.72
2006-10-03,13.49
2006-10-02,13.37
2006-09-29,13.1
2006-09-28,13.18
2006-09-27,13.21
2006-09-26,13.22
2006-09-25,13.5
2006-09-22,13.99
2006-09-21,13.96
2006-09-20,13.59
2006-09-19,11.82
2006-09-18,11.88
2006-09-15,12.09
2006-09-14,12.3
2006-09-13,12.22
2006-09-12,12.57
2006-09-11,13.6
2006-09-08,13.68
2006-09-07,13.83
2006-09-06,13.69
2006-09-05,12.99
2006-09-01,12.95
2006-08-31,13.23
2006-08-30,13.46
2006-08-29,13.56
2006-08-28,13.31
2006-08-25,13.54
2006-08-24,13.86
2006-08-23,13.93
2006-08-22,13.6
2006-08-21,13.69
2006-08-18,13.85
2006-08-17,14.08
2006-08-16,14.19
2006-08-15,13.23
2006-08-14,13.95
2006-08-11,14.73
2006-08-10,14.77
2006-08-09,14.96
2006-08-08,14.98
2006-08-07,15.03
2006-08-04,14.84
2006-08-03,14.6
2006-08-02,14.73
2006-08-01,15.06
2006-07-31,14.71
2006-07-28,14.61
2006-07-27,15.13
2006-07-26,14.87
2006-07-25,14.99
2006-07-24,15.41
2006-07-21,16.71
2006-07-20,16.33
2006-07-19,15.81
2006-07-18,17.86
2006-07-17,17.35
2006-07-14,17.27
2006-07-13,16.36
2006-07-12,14.44
2006-07-11,13.9
2006-07-10,14.32
2006-07-07,14.36
2006-07-06,14.16
2006-07-05,14.4
2006-07-03,13.72
2006-06-30,14.02
2006-06-29,14.34
2006-06-28,15.96
2006-06-27,15.93
2006-06-26,15.56
2006-06-23,15.69
2006-06-22,15.76
2006-06-21,15.67
2006-06-20,16.94
2006-06-19,16.99
2006-06-16,16.65
2006-06-15,16.1
2006-06-14,21.62
2006-06-13,20.78
2006-06-12,18.21
2006-06-09,17.43
2006-06-08,17.13
2006-06-07,16.67
2006-06-06,16.32
2006-06-05,15.87
2006-06-02,14.73
2006-06-01,15.13
2006-05-31,15.9
2006-05-30,16.34
2006-05-26,14.9
2006-05-25,15.4
2006-05-24,16.19
2006-05-23,15.71
2006-05-22,15.84
2006-05-19,14.86
2006-05-18,14.63
2006-05-17,14.42
2006-05-16,12.98
2006-05-15,13.17
2006-05-12,13.12
2006-05-11,12.36
2006-05-10,11.98
2006-05-09,11.96
2006-05-08,12.08
2006-05-05,12.1
2006-05-04,12.26
2006-05-03,12.41
2006-05-02,12.31
2006-05-01,12.53
2006-04-28,12.23
2006-04-27,12.35
2006-04-26,12.42
2006-04-25,12.59
2006-04-24,12.59
2006-04-21,12.64
2006-04-20,12.44
2006-04-19,12.61
2006-04-18,11.48
2006-04-17,12.61
2006-04-13,12.57
2006-04-12,12.63
2006-04-11,12.61
2006-04-10,12.3
2006-04-07,12.07
2006-04-06,11.92
2006-04-05,11.9
2006-04-04,12
2006-04-03,12.09
2006-03-31,12.12
2006-03-30,12
2006-03-29,12.06
2006-03-28,12.35
2006-03-27,12.38
2006-03-24,12.36
2006-03-23,12.45
2006-03-22,12.43
2006-03-21,11.53
2006-03-20,11.5
2006-03-17,11.66
2006-03-16,11.45
2006-03-15,11.48
2006-03-14,11.51
2006-03-13,11.88
2006-03-10,12.21
2006-03-09,12.38
2006-03-08,12.25
2006-03-07,12.44
2006-03-06,12.34
2006-03-03,12.11
2006-03-02,12.07
2006-03-01,12.05
2006-02-28,12.19
2006-02-27,11.96
2006-02-24,12.1
2006-02-23,12.2
2006-02-22,12.19
2006-02-21,12.44
2006-02-17,12.6
2006-02-16,12.74
2006-02-15,12.99
2006-02-14,11.95
2006-02-13,12.65
2006-02-10,12.37
2006-02-09,12.41
2006-02-08,12.47
2006-02-07,13.02
2006-02-06,12.8
2006-02-03,12.87
2006-02-02,12.86
2006-02-01,12.66
2006-01-31,12.7
2006-01-30,12.53
2006-01-27,12.72
2006-01-26,12.92
2006-01-25,13.32
2006-01-24,13.56
2006-01-23,13.74
2006-01-20,13.53
2006-01-19,13.11
2006-01-18,13.27
2006-01-17,11.71
2006-01-13,11.32
2006-01-12,11.3
2006-01-11,11.19
2006-01-10,11.22
2006-01-09,11.33
2006-01-06,11.56
2006-01-05,11.83
2006-01-04,11.84
2006-01-03,12.02
2005-12-30,12.45
2005-12-29,12.32
2005-12-28,12.32
2005-12-27,12.45
2005-12-23,12.21
2005-12-22,12.48
2005-12-21,12.59
2005-12-20,11.15
2005-12-19,11.11
2005-12-16,11.02
2005-12-15,11.16
2005-12-14,11.33
2005-12-13,11.68
2005-12-12,11.96
2005-12-09,12.01
2005-12-08,12.15
2005-12-07,12.15
2005-12-06,11.81
2005-12-05,11.83
2005-12-02,11.77
2005-12-01,12.03
2005-11-30,12.19
2005-11-29,12.11
2005-11-28,12.06
2005-11-25,11.96
2005-11-23,11.94
2005-11-22,12.01
2005-11-21,12.08
2005-11-18,12.05
2005-11-17,12.42
2005-11-16,12.76
2005-11-15,11.87
2005-11-14,11.94
2005-11-11,11.89
2005-11-10,12.39
2005-11-09,12.9
2005-11-08,13.18
2005-11-07,13.12
2005-11-04,13.21
2005-11-03,13.29
2005-11-02,13.89
2005-11-01,14.32
2005-10-31,14.47
2005-10-28,14.51
2005-10-27,14.95
2005-10-26,14.37
2005-10-25,14.54
2005-10-24,14.66
2005-10-21,15.11
2005-10-20,15.17
2005-10-19,14.66
2005-10-18,14.57
2005-10-17,14.3
2005-10-14,14.77
2005-10-13,15.36
2005-10-12,14.77
2005-10-11,14.63
2005-10-10,14.56
2005-10-07,14.05
2005-10-06,14.1
2005-10-05,13.8
2005-10-04,13.18
2005-10-03,12.86
2005-09-30,12.94
2005-09-29,13.15
2005-09-28,13.43
2005-09-27,13.63
2005-09-26,13.75
2005-09-23,13.95
2005-09-22,14.18
2005-09-21,13.98
2005-09-20,13.66
2005-09-19,13.59
2005-09-16,13.51
2005-09-15,13.71
2005-09-14,13.77
2005-09-13,13.78
2005-09-12,13.65
2005-09-09,13.71
2005-09-08,13.94
2005-09-07,13.92
2005-09-06,14.09
2005-09-02,14.23
2005-09-01,14.18
2005-08-31,14.11
2005-08-30,14.3
2005-08-29,14.2
2005-08-26,14.36
2005-08-25,14.28
2005-08-24,14.26
2005-08-23,14.25
2005-08-22,14.24
2005-08-19,14.27
2005-08-18,14.38
2005-08-17,14.49
2005-08-16,12.61
2005-08-15,11.82
2005-08-12,12.05
2005-08-11,11.98
2005-08-10,12.09
2005-08-09,12.4
2005-08-08,12.88
2005-08-05,12.78
2005-08-04,12.7
2005-08-03,12.42
2005-08-02,12.4
2005-08-01,12.45
2005-07-29,12.31
2005-07-28,12.12
2005-07-27,12.31
2005-07-26,12.44
2005-07-25,12.35
2005-07-22,12.26
2005-07-21,12.45
2005-07-20,12.53
2005-07-19,11.55
2005-07-18,11.81
2005-07-15,11.61
2005-07-14,11.91
2005-07-13,12.01
2005-07-12,12.17
2005-07-11,12.41
2005-07-08,12.57
2005-07-07,13.28
2005-07-06,13.12
2005-07-05,12.76
2005-07-01,12.73
2005-06-30,13.06
2005-06-29,12.91
2005-06-28,12.73
2005-06-27,13.32
2005-06-24,13.22
2005-06-23,13.05
2005-06-22,12.47
2005-06-21,12.48
2005-06-20,12.74
2005-06-17,12.73
2005-06-16,12.51
2005-06-15,12.71
2005-06-14,11.16
2005-06-13,11.45
2005-06-10,12.08
2005-06-09,12.23
2005-06-08,12.25
2005-06-07,12.14
2005-06-06,12.49
2005-06-03,12.82
2005-06-02,12.83
2005-06-01,13.01
2005-05-31,13.27
2005-05-27,13.17
2005-05-26,13.1
2005-05-25,13.61
2005-05-24,13.48
2005-05-23,13.55
2005-05-20,13.85
2005-05-19,14.05
2005-05-18,14.31
2005-05-17,14.65
2005-05-16,15.53
2005-05-13,15.93
2005-05-12,15.41
2005-05-11,14.52
2005-05-10,14.42
2005-05-09,13.96
2005-05-06,14.19
2005-05-05,14.09
2005-05-04,14.21
2005-05-03,14.84
2005-05-02,14.95
2005-04-29,15.4
2005-04-28,15.55
2005-04-27,14.78
2005-04-26,14.76
2005-04-25,14.42
2005-04-22,15.03
2005-04-21,14.57
2005-04-20,15.4
2005-04-19,14.99
2005-04-18,16.08
2005-04-15,16.67
2005-04-14,14.73
2005-04-13,13.72
2005-04-12,12.46
2005-04-11,12.97
2005-04-08,13.33
2005-04-07,13.19
2005-04-06,13.75
2005-04-05,14.28
2005-04-04,14.56
2005-04-01,14.44
2005-03-31,14.29
2005-03-30,14.1
2005-03-29,14.76
2005-03-28,14.15
2005-03-24,13.93
2005-03-23,14.35
2005-03-22,14.42
2005-03-21,13.93
2005-03-18,13.64
2005-03-17,13.71
2005-03-16,13.79
2005-03-15,13.08
2005-03-14,12.7
2005-03-11,12.72
2005-03-10,12.65
2005-03-09,12.72
2005-03-08,12.5
2005-03-07,12.28
2005-03-04,12.33
2005-03-03,12.82
2005-03-02,12.46
2005-03-01,12.2
2005-02-28,12.29
2005-02-25,12.04
2005-02-24,12.27
2005-02-23,12.43
2005-02-22,12.5
2005-02-18,12.05
2005-02-17,12.04
2005-02-16,11.93
2005-02-15,11.25
2005-02-14,11.37
2005-02-11,11.37
2005-02-10,11.65
2005-02-09,11.88
2005-02-08,11.54
2005-02-07,11.59
2005-02-04,11.48
2005-02-03,12.29
2005-02-02,12.19
2005-02-01,12.83
2005-01-31,13.26
2005-01-28,13.38
2005-01-27,13.55
2005-01-26,13.71
2005-01-25,14.01
2005-01-24,14.15
2005-01-21,14.22
2005-01-20,13.93
2005-01-19,13.78
2005-01-18,12.32
2005-01-14,12.93
2005-01-13,13.05
2005-01-12,13.24
2005-01-11,13.72
2005-01-10,13.59
2005-01-07,13.67
2005-01-06,13.74
2005-01-05,13.99
2005-01-04,13.92
2005-01-03,13.83
2004-12-31,13.52
2004-12-30,13.48
2004-12-29,13.42
2004-12-28,13.43
2004-12-27,13.47
2004-12-23,13.45
2004-12-22,13.53
2004-12-21,12.53
2004-12-20,12.8
2004-12-17,12.88
2004-12-16,13.02
2004-12-15,13.14
2004-12-14,13.31
2004-12-13,13.21
2004-12-10,13.46
2004-12-09,13.55
2004-12-08,13.75
2004-12-07,14.07
2004-12-06,13.72
2004-12-03,13.89
2004-12-02,13.9
2004-12-01,13.93
2004-11-30,14.16
2004-11-29,14.18
2004-11-26,13.9
2004-11-24,13.88
2004-11-23,13.91
2004-11-22,14.1
2004-11-19,14.48
2004-11-18,14.05
2004-11-17,14.17
2004-11-16,12.58
2004-11-15,12.71
2004-11-12,12.8
2004-11-11,12.74
2004-11-10,13.12
2004-11-09,13.64
2004-11-08,13.84
2004-11-05,13.68
2004-11-04,13.72
2004-11-03,14.29
2004-11-02,15.22
2004-11-01,15.72
2004-10-29,15.6
2004-10-28,15.56
2004-10-27,15.81
2004-10-26,15.76
2004-10-25,16.11
2004-10-22,15.65
2004-10-21,15.32
2004-10-20,16.05
2004-10-19,15.6
2004-10-18,15.47
2004-10-15,15.99
2004-10-14,16.3
2004-10-13,15.99
2004-10-12,15.02
2004-10-11,14.81
2004-10-08,14.73
2004-10-07,14.15
2004-10-06,13.55
2004-10-05,13.87
2004-10-04,13.82
2004-10-01,13.57
2004-09-30,14.23
2004-09-29,14.35
2004-09-28,14.95
2004-09-27,15.52
2004-09-24,15.35
2004-09-23,15.61
2004-09-22,15.6
2004-09-21,15.34
2004-09-20,15.66
2004-09-17,15.54
2004-09-16,15.51
2004-09-15,15.48
2004-09-14,13.5
2004-09-13,13.73
2004-09-10,14.29
2004-09-09,14.46
2004-09-08,14.59
2004-09-07,14.89
2004-09-03,15.26
2004-09-02,15.39
2004-09-01,16.02
2004-08-31,16.17
2004-08-30,16.44
2004-08-27,16.15
2004-08-26,16.41
2004-08-25,16.5
2004-08-24,17.1
2004-08-23,17.47
2004-08-20,17.65
2004-08-19,17.89
2004-08-18,17.81
2004-08-17,16.6
2004-08-16,17.2
2004-08-13,17.87
2004-08-12,18.12
2004-08-11,17.49
2004-08-10,17.43
2004-08-09,18
2004-08-06,18.37
2004-08-05,17.61
2004-08-04,16.73
2004-08-03,16.58
2004-08-02,16.41
2004-07-30,16.68
2004-07-29,16.86
2004-07-28,17.5
2004-07-27,17.88
2004-07-26,18.55
2004-07-23,18.39
2004-07-22,18.42
2004-07-21,19.14
2004-07-20,16.32
2004-07-19,17.08
2004-07-16,16.65
2004-07-15,16.77
2004-07-14,16.25
2004-07-13,14.31
2004-07-12,15.09
2004-07-09,15.74
2004-07-08,15.94
2004-07-07,15.67
2004-07-06,16.22
2004-07-02,15.56
2004-07-01,15.67
2004-06-30,15.38
2004-06-29,15.98
2004-06-28,16.37
2004-06-25,16.23
2004-06-24,16.02
2004-06-23,15.79
2004-06-22,16.77
2004-06-21,17.26
2004-06-18,17
2004-06-17,17.14
2004-06-16,17.1
2004-06-15,15.03
2004-06-14,15.71
2004-06-10,15.71
2004-06-09,16.2
2004-06-08,16.18
2004-06-07,16.58
2004-06-04,17.28
2004-06-03,17.6
2004-06-02,17.65
2004-06-01,17.6
2004-05-28,17.58
2004-05-27,17.35
2004-05-26,17.61
2004-05-25,17.5
2004-05-24,18.77
2004-05-21,19.17
2004-05-20,19.34
2004-05-19,19.17
2004-05-18,19.25
2004-05-17,19.37
2004-05-14,18.55
2004-05-13,18.38
2004-05-12,18.2
2004-05-11,18.38
2004-05-10,19.35
2004-05-07,18.31
2004-05-06,17.48
2004-05-05,16.62
2004-05-04,17.31
2004-05-03,17.69
2004-04-30,18.22
2004-04-29,17.77
2004-04-28,17.37
2004-04-27,16.8
2004-04-26,17.13
2004-04-23,17.34
2004-04-22,17.35
2004-04-21,18.68
2004-04-20,19.15
2004-04-19,18.87
2004-04-16,19
2004-04-15,19.35
2004-04-14,19.46
2004-04-13,19.3
2004-04-12,18.67
2004-04-08,19.05
2004-04-07,19.09
2004-04-06,18.79
2004-04-05,18.53
2004-04-02,18.89
2004-04-01,19.62
2004-03-31,19.75
2004-03-30,19.62
2004-03-29,19.8
2004-03-26,20.32
