2018-02-16,6.04
2018-02-15,6.04
2018-02-14,5.93
2018-02-13,5.3
2018-02-12,5.34
2018-02-09,5.38
2018-02-08,5.1
2018-02-07,6.23
2018-02-06,7.35
2018-02-05,99
2018-02-02,115.550003
2018-02-01,129.350006
2018-01-31,125.550003
2018-01-30,124.900002
2018-01-29,128.259995
2018-01-26,136.729996
2018-01-25,137.610001
2018-01-24,138.600006
2018-01-23,141.820007
2018-01-22,144.699997
2018-01-19,141.25
2018-01-18,140.759995
2018-01-17,140.729996
2018-01-16,137.759995
2018-01-12,144.75
2018-01-11,145
2018-01-10,144.169998
2018-01-09,142.5
2018-01-08,144.059998
2018-01-05,142.259995
2018-01-04,142.149994
2018-01-03,142.020004
2018-01-02,138.690002
2017-12-29,134.440002
2017-12-28,136.770004
2017-12-27,134.029999
2017-12-26,135.300003
2017-12-22,135.279999
2017-12-21,136.089996
2017-12-20,134.800003
2017-12-19,134.809998
2017-12-18,135.240005
2017-12-15,132.660004
2017-12-14,129.149994
2017-12-13,128.210007
2017-12-12,127.709999
2017-12-11,128.100006
2017-12-08,123.75
2017-12-07,119.860001
2017-12-06,116.260002
2017-12-05,116.089996
2017-12-04,115.57
2017-12-01,114.309998
2017-11-30,117.879997
2017-11-29,118.099998
2017-11-28,120.779999
2017-11-27,119.169998
2017-11-24,118.790001
2017-11-22,118.419998
2017-11-21,117.300003
2017-11-20,113.089996
2017-11-17,109.699997
2017-11-16,107.910004
2017-11-15,103.5
2017-11-14,107.690002
2017-11-13,108.559998
2017-11-10,108.830002
2017-11-09,111.389999
2017-11-08,112.809998
2017-11-07,113.059998
2017-11-06,113.620003
2017-11-03,112.470001
2017-11-02,112.300003
2017-11-01,111.110001
2017-10-31,111.800003
2017-10-30,109.800003
2017-10-27,110.660004
2017-10-26,104.68
2017-10-25,104.349998
2017-10-24,107.860001
2017-10-23,109.199997
2017-10-20,112.68
2017-10-19,110.809998
2017-10-18,109.919998
2017-10-17,109.529999
2017-10-16,109.68
2017-10-13,107.839996
2017-10-12,105.870003
2017-10-11,105.080002
2017-10-10,103.050003
2017-10-09,100.800003
2017-10-06,102.76
2017-10-05,102.73
2017-10-04,99.6
2017-10-03,99.8
2017-10-02,99.54
2017-09-29,97.54
2017-09-28,95.77
2017-09-27,94.39
2017-09-26,93.8
2017-09-25,92.69
2017-09-22,92.83
2017-09-21,93.37
2017-09-20,93.36
2017-09-19,93.59
2017-09-18,93.39
2017-09-15,89.61
2017-09-14,87.92
2017-09-13,89.31
2017-09-12,86.48
2017-09-11,84.31
2017-09-08,79.7
2017-09-07,81.79
2017-09-06,81.45
2017-09-05,79.59
2017-09-01,83.72
2017-08-31,83.68
2017-08-30,81.65
2017-08-29,81.29
2017-08-28,82.02
2017-08-25,81.32
2017-08-24,79.04
2017-08-23,81.69
2017-08-22,82.37
2017-08-21,77.1
2017-08-18,73.89
2017-08-17,71.5
2017-08-16,84.96
2017-08-15,84.56
2017-08-14,84
2017-08-11,74.58
2017-08-10,78.18
2017-08-09,90.34
2017-08-08,92.75
2017-08-07,95.35
2017-08-04,94.29
2017-08-03,93.82
2017-08-02,95.09
2017-08-01,95.59
2017-07-31,94.37
2017-07-28,93.62
2017-07-27,94.74
2017-07-26,95.38
2017-07-25,95.54
2017-07-24,95.94
2017-07-21,94.25
2017-07-20,93.47
2017-07-19,92.62
2017-07-18,91.54
2017-07-17,90.52
2017-07-14,88.19
2017-07-13,86.56
2017-07-12,85.62
2017-07-11,83.33
2017-07-10,82.9
2017-07-07,80.91
2017-07-06,78.29
2017-07-05,82.4
2017-07-03,82.3
2017-06-30,83.46
2017-06-29,82.17
2017-06-28,86.47
2017-06-27,84.09
2017-06-26,87.03
2017-06-23,85.2
2017-06-22,84.31
2017-06-21,83.46
2017-06-20,82.71
2017-06-19,84.89
2017-06-16,82.43
2017-06-15,81.63
2017-06-14,82.61
2017-06-13,82.25
2017-06-12,79.44
2017-06-09,80.36
2017-06-08,81.52
2017-06-07,79.74
2017-06-06,78.94
2017-06-05,80.7
2017-06-02,81.05
2017-06-01,81.33
2017-05-31,79.31
2017-05-30,80
2017-05-26,79.54
2017-05-25,78.16
2017-05-24,78.95
2017-05-23,77
2017-05-22,76.9
2017-05-19,73.67
2017-05-18,69.24
2017-05-17,67.71
2017-05-16,82.4
2017-05-15,81.51
2017-05-12,79.85
2017-05-11,79.82
2017-05-10,79.6
2017-05-09,79.86
2017-05-08,79.49
2017-05-05,77.63
2017-05-04,78.11
2017-05-03,76.19
2017-05-02,77.71
2017-05-01,78.04
2017-04-28,75.09
2017-04-27,75.09
2017-04-26,74.36
2017-04-25,75.03
2017-04-24,73.26
2017-04-21,66.26
2017-04-20,66.39
2017-04-19,64.7
2017-04-18,66.29
2017-04-17,65.84
2017-04-13,62.76
2017-04-12,64.02
2017-04-11,64.05
2017-04-10,67.26
2017-04-07,69.67
2017-04-06,72.3
2017-04-05,71.09
2017-04-04,73.54
2017-04-03,72.62
2017-03-31,73.03
2017-03-30,74.49
2017-03-29,74.76
2017-03-28,74.4
2017-03-27,70.59
2017-03-24,69.16
2017-03-23,67.76
2017-03-22,70.27
2017-03-21,70.65
2017-03-20,73.4
2017-03-17,73.58
2017-03-16,72.65
2017-03-15,71.25
2017-03-14,68.56
2017-03-13,69.99
2017-03-10,68.42
2017-03-09,67.55
2017-03-08,67.21
2017-03-07,67.71
2017-03-06,67.7
2017-03-03,66.42
2017-03-02,64.69
2017-03-01,64.66
2017-02-28,63.3
2017-02-27,65.02
2017-02-24,64.52
2017-02-23,63.89
2017-02-22,65.72
2017-02-21,65.86
2017-02-17,66.54
2017-02-16,66.65
2017-02-15,67.16
2017-02-14,69.81
2017-02-13,66.7
2017-02-10,64.64
2017-02-09,63.76
2017-02-08,62.35
2017-02-07,62.1
2017-02-06,62.55
2017-02-03,62.69
2017-02-02,61.26
2017-02-01,61.93
2017-01-31,60.75
2017-01-30,60.39
2017-01-27,62.33
2017-01-26,61.52
2017-01-25,61.92
2017-01-24,60.45
2017-01-23,57.72
2017-01-20,57.25
2017-01-19,55.1
2017-01-18,55.55
2017-01-17,55.41
2017-01-13,55.28
2017-01-12,55.37
2017-01-11,55.34
2017-01-10,54.17
2017-01-09,53.75
2017-01-06,53.67
2017-01-05,52.99
2017-01-04,52.86
2017-01-03,50.29
2016-12-30,46.75
2016-12-29,47.77
2016-12-28,48.51
2016-12-27,50.43
2016-12-23,49.59
2016-12-22,49.44
2016-12-21,50.34
2016-12-20,49.53
2016-12-19,48.55
2016-12-16,46.97
2016-12-15,46.28
2016-12-14,45.66
2016-12-13,45.44
2016-12-12,45.88
2016-12-09,46.38
2016-12-08,45.7
2016-12-07,45.95
2016-12-06,46.06
2016-12-05,44.73
2016-12-02,41.85
2016-12-01,41.9
2016-11-30,43.52
2016-11-29,43.65
2016-11-28,43.31
2016-11-25,43.65
2016-11-23,43.4
2016-11-22,43.44
2016-11-21,43.74
2016-11-18,41.84
2016-11-17,41.7
2016-11-16,40.45
2016-11-15,40.77
2016-11-14,39.09
2016-11-11,38.85
2016-11-10,38.12
2016-11-09,39.09
2016-11-08,38.135
2016-11-07,37.15
2016-11-04,33
2016-11-03,33.06
2016-11-02,35
2016-11-01,35.88
2016-10-31,36.93
2016-10-28,37.65
2016-10-27,39.35
2016-10-26,40.01
2016-10-25,41.1
2016-10-24,41.52
2016-10-21,40.08
2016-10-20,39.29
2016-10-19,38.81
2016-10-18,37.98
2016-10-17,36.39
2016-10-14,36.24
2016-10-13,35.9
2016-10-12,36.97
2016-10-11,37.05
2016-10-10,39.19
2016-10-07,38.39
2016-10-06,38.5
2016-10-05,38.19
2016-10-04,37.8
2016-10-03,37.82
2016-09-30,37.46
2016-09-29,36.03
2016-09-28,38.38
2016-09-27,37.86
2016-09-26,35.97
2016-09-23,38.12
2016-09-22,38.47
2016-09-21,37.01
2016-09-20,34.44
2016-09-19,34.26
2016-09-16,33.4
2016-09-15,32.82
2016-09-14,31.78
2016-09-13,31.57
2016-09-12,36.21
2016-09-09,33.93
2016-09-08,40.38
2016-09-07,40.47
2016-09-06,39.99
2016-09-02,38.59
2016-09-01,37.59
2016-08-31,37.44
2016-08-30,37.58
2016-08-29,37.3
2016-08-26,36.56
2016-08-25,36.62
2016-08-24,36.77
2016-08-23,37.58
2016-08-22,37.44
2016-08-19,37.55
2016-08-18,37.55
2016-08-17,37.17
2016-08-16,36.17
2016-08-15,37.45
2016-08-12,36.85
2016-08-11,36.52
2016-08-10,36.34
2016-08-09,37.22
2016-08-08,36.64
2016-08-05,35.78
2016-08-04,34.58
2016-08-03,33.65
2016-08-02,32.91
2016-08-01,34.24
2016-07-29,33.69
2016-07-28,32.48
2016-07-27,31.9
2016-07-26,31.19
2016-07-25,30.9
2016-07-22,30.74
2016-07-21,30.01
2016-07-20,30.91
2016-07-19,30.03
2016-07-18,30.08
2016-07-15,29.47
2016-07-14,29.39
2016-07-13,29.38
2016-07-12,28.89
2016-07-11,28.21
2016-07-08,28.3
2016-07-07,26.52
2016-07-06,26.11
2016-07-05,25.5
2016-07-01,25.94
2016-06-30,24.99
2016-06-29,24.33
2016-06-28,23.22
2016-06-27,21.46
2016-06-24,22
2016-06-23,30.05
2016-06-22,27.34
2016-06-21,28.35
2016-06-20,28.49
2016-06-17,26.63
2016-06-16,26.67
2016-06-15,25.95
2016-06-14,25.69
2016-06-13,25.15
2016-06-10,29.59
2016-06-09,32.56
2016-06-08,33.16
2016-06-07,33.43
2016-06-06,33.42
2016-06-03,33
2016-06-02,32.82
2016-06-01,31.95
2016-05-31,31.75
2016-05-27,31.69
2016-05-26,30.84
2016-05-25,30.5
2016-05-24,29.98
2016-05-23,28.78
2016-05-20,28.63
2016-05-19,27.66
2016-05-18,27.74
2016-05-17,27.67
2016-05-16,28.93
2016-05-13,27.66
2016-05-12,28.68
2016-05-11,28.4
2016-05-10,29.46
2016-05-09,28.06
2016-05-06,27.43
2016-05-05,26.25
2016-05-04,26.2
2016-05-03,26.54
2016-05-02,27.88
2016-04-29,26.18
2016-04-28,27.08
2016-04-27,28.81
2016-04-26,28.02
2016-04-25,27.34
2016-04-22,27.74
2016-04-21,27.07
2016-04-20,27.57
2016-04-19,27.72
2016-04-18,27.99
2016-04-15,26.3
2016-04-14,25.96
2016-04-13,25.9
2016-04-12,24.66
2016-04-11,23.85
2016-04-08,24.22
2016-04-07,23.63
2016-04-06,26.06
2016-04-05,24.42
2016-04-04,25.91
2016-04-01,26.61
2016-03-31,25.88
2016-03-30,26.08
2016-03-29,25.42
2016-03-28,24.06
2016-03-24,23.69
2016-03-23,23.59
2016-03-22,24.75
2016-03-21,24.44
2016-03-18,23.71
2016-03-17,23.64
2016-03-16,22.9
2016-03-15,22.09
2016-03-14,22.43
2016-03-11,22.09
2016-03-10,20.98
2016-03-09,20.62
2016-03-08,20.35
2016-03-07,21.18
2016-03-04,21.26
2016-03-03,21.52
2016-03-02,20.85
2016-03-01,20.55
2016-02-29,18.84
2016-02-26,19.21
2016-02-25,19.44
2016-02-24,18.77
2016-02-23,18.7
2016-02-22,19.69
2016-02-19,18.65
2016-02-18,18.19
2016-02-17,18.11
2016-02-16,17.46
2016-02-12,16.68
2016-02-11,15.98
2016-02-10,17.01
2016-02-09,17.15
2016-02-08,17.3
2016-02-05,18.16
2016-02-04,18.91
2016-02-03,19.09
2016-02-02,18.88
2016-02-01,20.23
2016-01-29,20.02
2016-01-28,19.25
2016-01-27,18.63
2016-01-26,19.4
2016-01-25,18.55
2016-01-22,19.54
2016-01-21,18.02
2016-01-20,17.96
2016-01-19,18.42
2016-01-15,18.44
2016-01-14,20.5
2016-01-13,19.79
2016-01-12,21.98
2016-01-11,21
2016-01-08,20.45
2016-01-07,21.64
2016-01-06,24.21
2016-01-05,24.95
2016-01-04,24.15
2015-12-31,25.8
2015-12-30,26.41
2015-12-29,27.23
2015-12-28,26.8
2015-12-24,26.53
2015-12-23,26.99
2015-12-22,26.39
2015-12-21,25.17
2015-12-18,24.1
2015-12-17,26.21
2015-12-16,27.28
2015-12-15,25.57
2015-12-14,24.52
2015-12-11,23.11
2015-12-10,27.12
2015-12-09,27.47
2015-12-08,28.65
2015-12-07,29.57
2015-12-04,30.34
2015-12-03,27.67
2015-12-02,29.89
2015-12-01,31.15
2015-11-30,29.85
2015-11-27,29.63
2015-11-25,29.96
2015-11-24,29.52
2015-11-23,29.73
2015-11-20,28.94
2015-11-19,28.03
2015-11-18,28.99
2015-11-17,27.08
2015-11-16,28.71
2015-11-13,26.05
2015-11-12,27.94
2015-11-11,30.65
2015-11-10,31.32
2015-11-09,30.54
2015-11-06,32.28
2015-11-05,31.62
2015-11-04,31.02
2015-11-03,32.02
2015-11-02,32.7
2015-10-30,31.09
2015-10-29,31.57
2015-10-28,31.98
2015-10-27,31.1
2015-10-26,30.51
2015-10-23,31.53
2015-10-22,31.93
2015-10-21,29.51
2015-10-20,31.71
2015-10-19,32.91
2015-10-16,30.73
2015-10-15,30.51
2015-10-14,28.45
2015-10-13,29.08
2015-10-12,30.85
2015-10-09,29.01
2015-10-08,29.04
2015-10-07,27.67
2015-10-06,27.06
2015-10-05,27.39
2015-10-02,25.94
2015-10-01,24.64
2015-09-30,24.35
2015-09-29,23.24
2015-09-28,23.31
2015-09-25,25.04
2015-09-24,25.72
2015-09-23,26.41
2015-09-22,25.94
2015-09-21,27.72
2015-09-18,25.89
2015-09-17,29.44
2015-09-16,29.38
2015-09-15,27.75
2015-09-14,25.25
2015-09-11,25.27
2015-09-10,24.68
2015-09-09,24.09
2015-09-08,24.66
2015-09-04,22.75
2015-09-03,24.53
2015-09-02,24.44
2015-09-01,22.01
2015-08-31,25.64
2015-08-28,26.63
2015-08-27,27.99
2015-08-26,28.66
2015-08-25,26.1
2015-08-24,29.58
2015-08-21,36.04
2015-08-20,43.09
2015-08-19,46.94
2015-08-18,47.88
2015-08-17,48.45
2015-08-14,47.84
2015-08-13,47.79
2015-08-12,47.17
2015-08-11,47.21
2015-08-10,49.44
2015-08-07,47.61
2015-08-06,47.16
2015-08-05,48.88
2015-08-04,48.54
2015-08-03,48.76
2015-07-31,48.04
2015-07-30,47.97
2015-07-29,47.65
2015-07-28,46.95
2015-07-27,43.75
2015-07-24,46.2
2015-07-23,47.59
2015-07-22,48.34
2015-07-21,48.11
2015-07-20,47.69
2015-07-17,47.56
2015-07-16,47.24
2015-07-15,44.24
2015-07-14,44.06
2015-07-13,43.77
2015-07-10,39.91
2015-07-09,37.15
2015-07-08,37.48
2015-07-07,41.66
2015-07-06,39.59
2015-07-02,40.59
2015-07-01,43.3
2015-06-30,40.61
2015-06-29,40.47
2015-06-26,48.6
2015-06-25,48.31
2015-06-24,48.78
2015-06-23,49.68
2015-06-22,48.46
2015-06-19,46.53
2015-06-18,46.97
2015-06-17,45.66
2015-06-16,45.49
2015-06-15,44.72
2015-06-12,46.7
2015-06-11,47.34
2015-06-10,46.34
2015-06-09,44.41
2015-06-08,43.98
2015-06-05,44.85
2015-06-04,44.1
2015-06-03,45.65
2015-06-02,44.87
2015-06-01,45.61
2015-05-29,45.19
2015-05-28,45.47
2015-05-27,45.99
2015-05-26,44.31
2015-05-22,46.09
2015-05-21,46.18
2015-05-20,44.95
2015-05-19,45.03
2015-05-18,44.4
2015-05-15,42.99
2015-05-14,42.65
2015-05-13,41.78
2015-05-12,41.06
2015-05-11,40.96
2015-05-08,41.98
2015-05-07,39.9
2015-05-06,39.68
2015-05-05,40.34
2015-05-04,41.69
2015-05-01,41.82
2015-04-30,39.92
2015-04-29,41.02
2015-04-28,42.16
2015-04-27,40.75
2015-04-24,41.92
2015-04-23,41.53
2015-04-22,41.16
2015-04-21,40.71
2015-04-20,40.72
2015-04-17,39.37
2015-04-16,40.77
2015-04-15,39.94
2015-04-14,39.1
2015-04-13,38.78
2015-04-10,39.89
2015-04-09,38.19
2015-04-08,36.91
2015-04-07,36.215
2015-04-06,36.09
2015-04-02,35.35
2015-04-01,34.66
2015-03-31,34.64
2015-03-30,35.53
2015-03-27,34.47
2015-03-26,34.09
2015-03-25,33.78
2015-03-24,35.38
2015-03-23,35.25
2015-03-20,34.63
2015-03-19,34.09
2015-03-18,34.12
2015-03-17,32.69
2015-03-16,32.51
2015-03-13,31.79
2015-03-12,32.53
2015-03-11,30.73
2015-03-10,31.5
2015-03-09,32.51
2015-03-06,32.09
2015-03-05,33.59
2015-03-04,33.17
2015-03-03,33.09
2015-03-02,33.85
2015-02-27,32.75
2015-02-26,32.585
2015-02-25,32.2
2015-02-24,32.42
2015-02-23,31.14
2015-02-20,31.285
2015-02-19,30.195
2015-02-18,29.55
2015-02-17,29.31
2015-02-13,29.4
2015-02-12,29.045
2015-02-11,27.37
2015-02-10,27.52
2015-02-09,26.53
2015-02-06,26.65
2015-02-05,27.83
2015-02-04,26.91
2015-02-03,27.68
2015-02-02,26.45
2015-01-30,24.97
2015-01-29,27.82
2015-01-28,27.13
2015-01-27,29.705
2015-01-26,31.195
2015-01-23,29.82
2015-01-22,30.66
2015-01-21,28.76
2015-01-20,27.49
2015-01-16,27.25
2015-01-15,26.74
2015-01-14,27.57
2015-01-13,28.11
2015-01-12,28.92
2015-01-09,30.41
2015-01-08,31.61
2015-01-07,29.74
2015-01-06,28.77
2015-01-05,29.49
2015-01-02,31.69
2014-12-31,31.14
2014-12-30,33.96
2014-12-29,34.8
2014-12-26,34.74
2014-12-24,35.11
2014-12-23,34.88
2014-12-22,34.91
2014-12-19,33.22
2014-12-18,33.05
2014-12-17,31.99
2014-12-16,29.32
2014-12-15,30.87
2014-12-12,30.11
2014-12-11,31.84
2014-12-10,34.03
2014-12-09,37.88
2014-12-08,38.48
2014-12-05,40.07
2014-12-04,39.38
2014-12-03,39.43
2014-12-02,38.82
2014-12-01,36.9
2014-11-28,38.51
2014-11-26,39.58
2014-11-25,38.94
2014-11-24,38.7
2014-11-21,37.9
2014-11-20,37.11
2014-11-19,36.74
2014-11-18,37.66
2014-11-17,37.04
2014-11-14,36.95
2014-11-13,37.04
2014-11-12,37.52
2014-11-11,38.01
2014-11-10,37.97
2014-11-07,36.61
2014-11-06,36.07
2014-11-05,35.2
2014-11-04,34.77
2014-11-03,34.5
2014-10-31,35.06
2014-10-30,34.21
2014-10-29,34.33
2014-10-28,34.95
2014-10-27,32.79
2014-10-24,32.37
2014-10-23,32.05
2014-10-22,30.1
2014-10-21,32.74
2014-10-20,30.48
2014-10-17,28.33
2014-10-16,27.19
2014-10-15,28.3
2014-10-14,28.75
2014-10-13,28.51
2014-10-10,31.86
2014-10-09,35.9
2014-10-08,39.48
2014-10-07,36.58
2014-10-06,39.27
2014-10-03,39.98
2014-10-02,37.72
2014-10-01,37.5
2014-09-30,38.25
2014-09-29,38.79
2014-09-26,40.73
2014-09-25,39.36
2014-09-24,42.55
2014-09-23,41.28
2014-09-22,42.88
2014-09-19,44.47
2014-09-18,44.49
2014-09-17,43.84
2014-09-16,43.45
2014-09-15,41.42
2014-09-12,42.5
2014-09-11,43.49
2014-09-10,43.37
2014-09-09,43.08
2014-09-08,44.28
2014-09-05,44.38
2014-09-04,43.49
2014-09-03,43.6
2014-09-02,43.1
2014-08-29,43.38
2014-08-28,43.08
2014-08-27,43.83
2014-08-26,44.14
2014-08-25,44.52
2014-08-22,44.06
2014-08-21,43.9
2014-08-20,44.03
2014-08-19,44.37
2014-08-18,43.95
2014-08-15,42.36
2014-08-14,42.38
2014-08-13,41.04
2014-08-12,38.83
2014-08-11,38.56
2014-08-08,37.08
2014-08-07,35.65
2014-08-06,36.41
2014-08-05,36.59
2014-08-04,39.29
2014-08-01,37.75
2014-07-31,39.73
2014-07-30,43.39
2014-07-29,44.12
2014-07-28,44.08
2014-07-25,43.84
2014-07-24,45.16
2014-07-23,44.82
2014-07-22,45.22
2014-07-21,44.32
2014-07-18,45.43
2014-07-17,42.29
2014-07-16,46.79
2014-07-15,45.72
2014-07-14,46.56
2014-07-11,45.27
2014-07-10,44.8
2014-07-09,46.44
2014-07-08,45.53
2014-07-07,46.29
2014-07-03,47.27
2014-07-02,46.63
2014-07-01,46.14
2014-06-30,44.98
2014-06-27,44.56
2014-06-26,44.19
2014-06-25,44.79
2014-06-24,43.07
2014-06-23,44.74
2014-06-20,43.64
2014-06-19,44.26
2014-06-18,44.42
2014-06-17,42.18
2014-06-16,40.78
2014-06-13,40.74
2014-06-12,40.08
2014-06-11,42.11
2014-06-10,43.04
2014-06-09,42.29
2014-06-06,42.9
2014-06-05,40.82
2014-06-04,39.42
2014-06-03,39
2014-06-02,39.19
2014-05-30,38.95
2014-05-29,38.88
2014-05-28,38.74
2014-05-27,38.62
2014-05-23,37.46
2014-05-22,37.19
2014-05-21,37.16
2014-05-20,36.58
2014-05-19,36.3
2014-05-16,35.86
2014-05-15,35.05
2014-05-14,35.43
2014-05-13,35.26
2014-05-12,35.35
2014-05-09,34.32
2014-05-08,33.61
2014-05-07,33.62
2014-05-06,33.05
2014-05-05,33.27
2014-05-02,32.91
2014-05-01,32.76
2014-04-30,32.76
2014-04-29,32.791
2014-04-28,32.21
2014-04-25,31.51
2014-04-24,31.76
2014-04-23,32.15
2014-04-22,32.29
2014-04-21,32.23
2014-04-17,31.61
2014-04-16,31.16
2014-04-15,30.13
2014-04-14,29.76
2014-04-11,29.51
2014-04-10,30.47
2014-04-09,32.45
2014-04-08,31.61
2014-04-07,31.04
2014-04-04,31.76
2014-04-03,32.46
2014-04-02,32.44
2014-04-01,32.66
2014-03-31,31.61
2014-03-28,30.66
2014-03-27,30.29
2014-03-26,29.93
2014-03-25,30.48
2014-03-24,30.11
2014-03-21,30.2
2014-03-20,30.4
2014-03-19,30.26
2014-03-18,30.84
2014-03-17,29.63
2014-03-14,28.44
2014-03-13,29.25
2014-03-12,30.45
2014-03-11,30.43
2014-03-10,30.9
2014-03-07,30.71
2014-03-06,31.45
2014-03-05,31.21
2014-03-04,31.24
2014-03-03,29.43
2014-02-28,31.2
2014-02-27,31.69
2014-02-26,31.6
2014-02-25,32.06
2014-02-24,32.09
2014-02-21,31.87
2014-02-20,32.23
2014-02-19,30.99
2014-02-18,33.3
2014-02-14,32.85
2014-02-13,32.34
2014-02-12,32.12
2014-02-11,31.47
2014-02-10,30.35
2014-02-07,30.33
2014-02-06,28.65
2014-02-05,26.1
2014-02-04,27.02
2014-02-03,26.64
2014-01-31,28.61
2014-01-30,31.03
2014-01-29,30.54
2014-01-28,32.8
2014-01-27,31.49
2014-01-24,32.33
2014-01-23,35.54
2014-01-22,36.5
2014-01-21,35.96
2014-01-17,35.53
2014-01-16,35.57
2014-01-15,35.79
2014-01-14,35.92
2014-01-13,34.5
2014-01-10,35.77
2014-01-09,34.96
2014-01-08,35.07
2014-01-07,35.13
2014-01-06,34.35
2014-01-03,33.92
2014-01-02,33.72
2013-12-31,34.38
2013-12-30,34.32
2013-12-27,34.95
2013-12-26,35.38
2013-12-24,34.83
2013-12-23,34.14
2013-12-20,32.95
2013-12-19,33.2
2013-12-18,33.43
2013-12-17,31.27
2013-12-16,31.19
2013-12-13,31.24
2013-12-12,31.25
2013-12-11,31.39
2013-12-10,32.95
2013-12-09,33.14
2013-12-06,32.88
2013-12-05,31.77
2013-12-04,31.99
2013-12-03,31.67
2013-12-02,32.48
2013-11-29,32.75
2013-11-27,33.14
2013-11-26,33.18
2013-11-25,33.38
2013-11-22,33.49
2013-11-21,32.98
2013-11-20,31.95
2013-11-19,31.28
2013-11-18,31.65
2013-11-15,31.73
2013-11-14,31.31
2013-11-13,30.95
2013-11-12,30.82
2013-11-11,30.79
2013-11-08,30.66
2013-11-07,29.44
2013-11-06,30.505
2013-11-05,30.02
2013-11-04,29.95
2013-11-01,29.06
2013-10-31,29
2013-10-30,28.85
2013-10-29,29.31
2013-10-28,29.05
2013-10-25,29.22
2013-10-24,29.13
2013-10-23,28.67
2013-10-22,28.87
2013-10-21,29.02
2013-10-18,29.18
2013-10-17,28.91
2013-10-16,27.39
2013-10-15,24.45
2013-10-14,26.04
2013-10-11,26.33
2013-10-10,25.85
2013-10-09,23.55
2013-10-08,22.85
2013-10-07,23.96
2013-10-04,25.94
2013-10-03,25.78
2013-10-02,26.81
2013-10-01,27.67
2013-09-30,26.79
2013-09-27,27.8
2013-09-26,28.95
2013-09-25,28.41
2013-09-24,28.33
2013-09-23,28.21
2013-09-20,28.55
2013-09-19,29.1
2013-09-18,28.95
2013-09-17,27.95
2013-09-16,27.66
2013-09-13,27.38
2013-09-12,26.94
2013-09-11,27.41
2013-09-10,26.56
2013-09-09,25.64
2013-09-06,24.71
2013-09-05,24.92
2013-09-04,24.4
2013-09-03,24.34
2013-08-30,23.41
2013-08-29,23.72
2013-08-28,24.21
2013-08-27,24.2
2013-08-26,26.28
2013-08-23,27.18
2013-08-22,26.66
2013-08-21,26.06
2013-08-20,26.56
2013-08-19,26.25
2013-08-16,26.99
2013-08-15,26.49
2013-08-14,27.94
2013-08-13,28.18
2013-08-12,27.92
2013-08-09,27.8
2013-08-08,28.19
2013-08-07,27.73
2013-08-06,28.03
2013-08-05,28.9
2013-08-02,28.55
2013-08-01,27.88
2013-07-31,26.99
2013-07-30,26.43
2013-07-29,25.96
2013-07-26,26.319
2013-07-25,26.21
2013-07-24,25.5699
2013-07-23,25.9
2013-07-22,25.78
2013-07-19,25.24
2013-07-18,24.72
2013-07-17,24.32
2013-07-16,23.49
2013-07-15,24.17
2013-07-12,23.65
2013-07-11,23.87
2013-07-10,23.28
2013-07-09,23.05
2013-07-08,22.56
2013-07-05,21.65
2013-07-03,20.55
2013-07-02,20.31
2013-07-01,20.58
2013-06-28,19.98
2013-06-27,19.86
2013-06-26,19.11
2013-06-25,18.69
2013-06-24,18.1685
2013-06-21,19.3
2013-06-20,18.48
2013-06-19,21.05
2013-06-18,21.03
2013-06-17,20.77
2013-06-14,20.34
2013-06-13,20.94
2013-06-12,20.01
2013-06-11,21.23
2013-06-10,22.72
2013-06-07,22.48
2013-06-06,21.49
2013-06-05,21.27
2013-06-04,22.23
2013-06-03,22.5125
2013-05-31,22.43
2013-05-30,23.24
2013-05-29,23.21
2013-05-28,23.58
2013-05-24,22.97
2013-05-23,22.95
2013-05-22,23.12
2013-05-21,23.37
2013-05-20,23.58
2013-05-17,23.88
2013-05-16,23.32
2013-05-15,23.56
2013-05-14,23.738
2013-05-13,23.52
2013-05-10,23.38
2013-05-09,23.14
2013-05-08,23.62
2013-05-07,23.758
2013-05-06,23.53
2013-05-03,23.16
2013-05-02,22.66
2013-05-01,21.8633
2013-04-30,22.9
2013-04-29,22.64
2013-04-26,22.53
2013-04-25,22.54
2013-04-24,22.7367
2013-04-23,22.88
2013-04-22,21.78
2013-04-19,21.27
2013-04-18,19.93
2013-04-17,20.86
2013-04-16,23.46
2013-04-15,22.45
2013-04-12,25.51
2013-04-11,25.04
2013-04-10,24.97
2013-04-09,24.35
2013-04-08,24
2013-04-05,23.37
2013-04-04,23.43
2013-04-03,23.07
2013-04-02,23.98
2013-04-01,23.22
2013-03-28,23.31
2013-03-27,23.23
2013-03-26,23.48
2013-03-25,22.83
2013-03-22,22.55
2013-03-21,22.5
2013-03-20,23.16
2013-03-19,21.972
2013-03-18,22.02
2013-03-15,23.22
2013-03-14,23.22
2013-03-13,22.8
2013-03-12,22.65
2013-03-11,23.01
2013-03-08,22.12
2013-03-07,21.84
2013-03-06,21.39
2013-03-05,21.49
2013-03-04,20.79
2013-03-01,19.81
2013-02-28,20.13
2013-02-27,20.73
2013-02-26,19.4375
2013-02-25,19.18
2013-02-22,22.3
2013-02-21,21.57
2013-02-20,21.98
2013-02-19,24.12
2013-02-15,23.12
2013-02-14,22.94
2013-02-13,22.56
2013-02-12,22.72
2013-02-11,22.48
2013-02-08,22.11
2013-02-07,21.65
2013-02-06,21.58
2013-02-05,21.49
2013-02-04,20.611
2013-02-01,22.04
2013-01-31,20.94
2013-01-30,21.07
2013-01-29,22.46
2013-01-28,21.83
2013-01-25,22.39
2013-01-24,22.57
2013-01-23,22.7
2013-01-22,22.11
2013-01-18,21.49
2013-01-17,20.21
2013-01-16,20.31
2013-01-15,19.901
2013-01-14,19.91
2013-01-11,19.58
2013-01-10,19.53
2013-01-09,19.041
2013-01-08,19.0801
2013-01-07,18.88
2013-01-04,18.84
2013-01-03,18.4825
2013-01-02,18.6
2012-12-31,16.5925
2012-12-28,15.703
2012-12-27,16.578
2012-12-26,16.5767
2012-12-24,17.51
2012-12-21,17.21
2012-12-20,18.42
2012-12-19,18.8654
2012-12-18,20.0103
2012-12-17,19.29
2012-12-14,18.64
2012-12-13,18.7603
2012-12-12,19.1305
2012-12-11,19.61
2012-12-10,18.98
2012-12-07,19.25
2012-12-06,18.56
2012-12-05,18.8
2012-12-04,18.48
2012-12-03,18.81
2012-11-30,19.22
2012-11-29,19.5801
2012-11-28,19.31
2012-11-27,18.78
2012-11-26,19.2
2012-11-23,19.055
2012-11-21,18.23
2012-11-20,18.37
2012-11-19,18.08
2012-11-16,16.63
2012-11-15,15.9253
2012-11-14,16.0701
2012-11-13,16.6501
2012-11-12,16.65
2012-11-09,15.66
2012-11-08,15.66
2012-11-07,15.8
2012-11-06,17.14
2012-11-05,16.57
2012-11-02,16.8902
2012-11-01,17.3303
2012-10-31,16.08
2012-10-26,16.42
2012-10-25,16.372
2012-10-24,15.93
2012-10-23,16.08
2012-10-22,17.49
2012-10-19,17.27
2012-10-18,18.42
2012-10-17,18.38
2012-10-16,18.1699
2012-10-15,17.78
2012-10-12,17.17
2012-10-11,17.36
2012-10-10,17.15
2012-10-09,16.941
2012-10-08,17.71
2012-10-05,17.9
2012-10-04,17.67
2012-10-03,17.24
2012-10-02,17.17
2012-10-01,16.84
2012-09-28,17.02
2012-09-27,17.53
2012-09-26,16.09
2012-09-25,16.75
2012-09-24,18.09
2012-09-21,17.87
2012-09-20,17.74
2012-09-19,17.56
2012-09-18,17.54
2012-09-17,17.09
2012-09-14,17.02
2012-09-13,17.61
2012-09-12,16.39
2012-09-11,15.96
2012-09-10,15.85
2012-09-07,16.79
2012-09-06,15.8964
2012-09-05,14.39
2012-09-04,14.01
2012-08-31,13.89
2012-08-30,13.48
2012-08-29,13.77
2012-08-28,13.81
2012-08-27,14.08
2012-08-24,14.191
2012-08-23,13.6
2012-08-22,13.9
2012-08-21,14
2012-08-20,14.39
2012-08-17,14.42
2012-08-16,14.01
2012-08-15,13.73
2012-08-14,13.751
2012-08-13,14.54
2012-08-10,14.16
2012-08-09,13.91
2012-08-08,13.836
2012-08-07,13.31
2012-08-06,13.68
2012-08-03,13.41
2012-08-02,12.52
2012-08-01,12.27
2012-07-31,11.97
2012-07-30,12.35
2012-07-27,12.62
2012-07-26,12.3
2012-07-25,11.45
2012-07-24,11.3
2012-07-23,11.82
2012-07-20,12.63
2012-07-19,13.39
2012-07-18,13.07
2012-07-17,13.21
2012-07-16,12.73
2012-07-13,12.6
2012-07-12,11.921
2012-07-11,12
2012-07-10,11.64
2012-07-09,11.97
2012-07-06,11.89
2012-07-05,11.75
2012-07-03,12.21
2012-07-02,11.97
2012-06-29,11.25
2012-06-28,10.53
2012-06-27,10.23
2012-06-26,10.29
2012-06-25,10
2012-06-22,10.78
2012-06-21,9.77
2012-06-20,11.08
2012-06-19,10.65
2012-06-18,10.45
2012-06-15,9.63
2012-06-14,9.26
2012-06-13,8.7
2012-06-12,9.19
2012-06-11,9.05
2012-06-08,9.91
2012-06-07,9.4
2012-06-06,9.34
2012-06-05,8.68
2012-06-04,8.47
2012-06-01,8.15
2012-05-31,8.89
2012-05-30,9.05
2012-05-29,9.77
2012-05-25,9.3
2012-05-24,9.22
2012-05-23,9.3
2012-05-22,9.15
2012-05-21,9.48
2012-05-18,8.57
2012-05-17,9.19
2012-05-16,9.65
2012-05-15,9.99
2012-05-14,10.54
2012-05-11,11.183
2012-05-10,11.38
2012-05-09,11.01
2012-05-08,11.45
2012-05-07,11.59
2012-05-04,11.42
2012-05-03,11.93
2012-05-02,12.2
2012-05-01,12.33
2012-04-30,11.93
2012-04-27,12.2
2012-04-26,12.2
2012-04-25,11.79
2012-04-24,11.1
2012-04-23,10.83
2012-04-20,11.22
2012-04-19,10.84
2012-04-18,10.92
2012-04-17,11.11
2012-04-16,10.57
2012-04-13,10.37
2012-04-12,11.08
2012-04-11,10.22
2012-04-10,9.94
2012-04-09,10.8121
2012-04-05,11.55
2012-04-04,11.81
2012-04-03,12.05
2012-04-02,12.29
2012-03-30,12.27
2012-03-29,11.9816
2012-03-28,11.9
2012-03-27,12.05
2012-03-26,13.36
2012-03-23,12.2399
2012-03-22,11.4101
2012-03-21,11.58
2012-03-20,11.0499
2012-03-19,10.58
2012-03-16,9.96
2012-03-15,9.95
2012-03-14,9.79
2012-03-13,10.13
2012-03-12,9.7
2012-03-09,9.26
2012-03-08,9.09
2012-03-07,8.76
2012-03-06,8.35
2012-03-05,9.05
2012-03-02,9.03
2012-03-01,9.12
2012-02-29,8.948
2012-02-28,8.81
2012-02-27,8.69
2012-02-24,8.78
2012-02-23,9.14
2012-02-22,8.579
2012-02-21,8.35
2012-02-17,8.35
2012-02-16,8.23
2012-02-15,7.96
2012-02-14,8.44
2012-02-13,8.72
2012-02-10,8.08
2012-02-09,8.82
2012-02-08,9.28
2012-02-07,9.5
2012-02-06,9.61
2012-02-03,9.5
2012-02-02,9.01
2012-02-01,8.74
2012-01-31,8.52
2012-01-30,8.52
2012-01-27,8.79
2012-01-26,8.61
2012-01-25,8.6
2012-01-24,8.23
2012-01-23,8.27
2012-01-20,8.06
2012-01-19,7.83
2012-01-18,7.63
2012-01-17,7.36
2012-01-13,7.29
2012-01-12,7.5
2012-01-11,7.39
2012-01-10,7.52
2012-01-09,7.37
2012-01-06,7.25
2012-01-05,7.15
2012-01-04,6.99
2012-01-03,6.86
2011-12-30,6.51
2011-12-29,6.63
2011-12-28,6.47
2011-12-27,6.75
2011-12-23,6.71
2011-12-22,6.88
2011-12-21,6.92
2011-12-20,6.47
2011-12-19,6.11
2011-12-16,6.04
2011-12-15,6.01
2011-12-14,5.78
2011-12-13,5.81
2011-12-12,5.78
2011-12-09,5.82
2011-12-08,5.45
2011-12-07,5.7
2011-12-06,5.88
2011-12-05,5.85
2011-12-02,5.85
2011-12-01,5.84
2011-11-30,5.71
2011-11-29,5.23
2011-11-28,5.13
2011-11-25,4.9114
2011-11-23,4.99
2011-11-22,5.21
2011-11-21,5.11
2011-11-18,5.17
2011-11-17,5.03
2011-11-16,5.27
2011-11-15,5.53
2011-11-14,5.47
2011-11-11,5.61
2011-11-10,5.39
2011-11-09,5.09
2011-11-08,6.27
2011-11-07,5.99
2011-11-04,5.93
2011-11-03,6.07
2011-11-02,5.78
2011-11-01,5.62
2011-10-31,6.56
2011-10-28,7.33
2011-10-27,7.3
2011-10-26,6.45
2011-10-25,6.21
2011-10-24,6.66
2011-10-21,6.27
2011-10-20,5.95
2011-10-19,6.02
2011-10-18,6.48
2011-10-17,6.27
2011-10-14,7.02
2011-10-13,6.64
2011-10-12,6.62
2011-10-11,6.21
2011-10-10,6.14
2011-10-07,5.72
2011-10-06,5.83
2011-10-05,5.72
2011-10-04,5.4592
2011-10-03,5.12
2011-09-30,5.48
2011-09-29,5.89
2011-09-28,5.8
2011-09-27,6.19
2011-09-26,6.1
2011-09-23,5.88
2011-09-22,5.95
2011-09-21,6.61
2011-09-20,7
2011-09-19,6.99
2011-09-16,7.24
2011-09-15,7.1
2011-09-14,6.77
2011-09-13,6.6
2011-09-12,6.53
2011-09-09,6.59
2011-09-08,7.27
2011-09-07,7.4
2011-09-06,7.16
2011-09-02,7.38
2011-09-01,7.77
2011-08-31,7.87
2011-08-30,7.9
2011-08-29,7.98
2011-08-26,7.52
2011-08-25,7.41
2011-08-24,7.56
2011-08-23,7.41
2011-08-22,7.07
2011-08-19,7.28
2011-08-18,7.73
2011-08-17,9.66
2011-08-16,9.87
2011-08-15,10.1
2011-08-12,9.54
2011-08-11,9.61
2011-08-10,9.25
2011-08-09,10.72
2011-08-08,10
2011-08-05,11.71
2011-08-04,12.45
2011-08-03,15.45
2011-08-02,15.58
2011-08-01,16.67
2011-07-29,15.98
2011-07-28,15.69
2011-07-27,16.13
2011-07-26,17.11
2011-07-25,17.48
2011-07-22,18.21
2011-07-21,18.11
2011-07-20,17.17
2011-07-19,16.83
2011-07-18,16.07
2011-07-15,16.47
2011-07-14,16.28
2011-07-13,16.9
2011-07-12,16.89
2011-07-11,17.34
2011-07-08,18.89
2011-07-07,19.17
2011-07-06,18.64
2011-07-05,18.91
2011-07-01,19
2011-06-30,18.29
2011-06-29,17.55
2011-06-28,16.74
2011-06-27,16.11
2011-06-24,15.854
2011-06-23,16.542
2011-06-22,16.558
2011-06-21,16.7
2011-06-20,16.174
2011-06-17,15.496
2011-06-16,15.232
2011-06-15,16.081
2011-06-14,17.545
2011-06-13,17.038
2011-06-10,17.355
2011-06-09,17.928
2011-06-08,17.393
2011-06-07,17.678
2011-06-06,17.488
2011-06-03,17.766
2011-06-02,17.777
2011-06-01,17.546
2011-05-31,18.815
2011-05-27,18.279
2011-05-26,17.934
2011-05-25,17.57
2011-05-24,17.074
2011-05-23,17.016
2011-05-20,17.6182
2011-05-19,17.81
2011-05-18,17.441
2011-05-17,17
2011-05-16,16.697
2011-05-13,17.034
2011-05-12,17.2639
2011-05-11,17.1
2011-05-10,17.422
2011-05-09,16.821
2011-05-06,16.325
2011-05-05,15.954
2011-05-04,16.419
2011-05-03,16.625
2011-05-02,16.985
2011-04-29,17.492
2011-04-28,17.544
2011-04-27,17.303
2011-04-26,17.09
2011-04-25,16.719
2011-04-21,16.337
2011-04-20,15.874
2011-04-19,15.253
2011-04-18,14.512
2011-04-15,14.871
2011-04-14,14.541
2011-04-13,14.417
2011-04-12,14.198
2011-04-11,14.32
2011-04-08,14.173
2011-04-07,14.44
2011-04-06,14.557
2011-04-05,14.49
2011-04-04,14.254
2011-04-01,14.116
2011-03-31,13.987
2011-03-30,13.958
2011-03-29,13.7
2011-03-28,13.389
2011-03-25,13.56
2011-03-24,13.541
2011-03-23,13.195
2011-03-22,12.722
2011-03-21,12.66
2011-03-18,11.74
2011-03-17,11.451
2011-03-16,11.044
2011-03-15,12.031
2011-03-14,12.582
2011-03-11,12.706
2011-03-10,12.382
2011-03-09,13.043
2011-03-08,13.219
2011-03-07,12.948
2011-03-04,13.317
2011-03-03,13.644
2011-03-02,13.02
2011-03-01,13.059
2011-02-28,14.098
2011-02-25,13.554
2011-02-24,12.7309
2011-02-23,12.623
2011-02-22,13.2491
2011-02-18,15.085
2011-02-17,15.218
2011-02-16,15.392
2011-02-15,15.603
2011-02-14,15.8
2011-02-11,15.666
2011-02-10,15.38
2011-02-09,15.371
2011-02-08,15.5025
2011-02-07,15.235
2011-02-04,15.006
2011-02-03,14.677
2011-02-02,14.472
2011-02-01,14.457
2011-01-31,13.765
2011-01-28,13.75
2011-01-27,15.054
2011-01-26,14.736
2011-01-25,14.2
2011-01-24,14.131
2011-01-21,13.835
2011-01-20,13.963
2011-01-19,13.802
2011-01-18,14.657
2011-01-14,14.209
2011-01-13,13.61
2011-01-12,13.492
2011-01-11,12.916
2011-01-10,12.546
2011-01-07,12.508
2011-01-06,12.526
2011-01-05,12.599
2011-01-04,12.135
2011-01-03,12.38
2010-12-31,11.954
2010-12-30,11.847
2010-12-29,11.78
2010-12-28,11.537
2010-12-27,11.65
2010-12-23,11.969
2010-12-22,12.366
2010-12-21,12.334
2010-12-20,12.1349
2010-12-17,11.822
2010-12-16,11.568
2010-12-15,11.415
2010-12-14,11.669
2010-12-13,11.748
2010-12-10,11.917
2010-12-09,11.816
2010-12-08,11.555
2010-12-07,11.358
2010-12-06,11.252
2010-12-03,11.041
2010-12-02,10.429
2010-12-01,9.787
2010-11-30,9.557
2010-11-29,10.3
2010-11-26,10.4
2010-11-24,11.13
2010-11-23,10.67
2010-11-22,11.18
2010-11-19,10.82
2010-11-18,10.69
2010-11-17,10.01
2010-11-16,9.79
2010-11-15,10.24
2010-11-12,10.08
2010-11-11,10.72
2010-11-10,10.82
2010-11-09,10.71
2010-11-08,10.76
2010-11-05,10.83
2010-11-04,10.82
2010-11-03,10.18
2010-11-02,9.63
2010-11-01,9.41
2010-10-29,9.36
2010-10-28,9.35
2010-10-27,9.33
2010-10-26,9.51
2010-10-25,9.69
2010-10-22,9.62
2010-10-21,9.26
2010-10-20,9.02
2010-10-19,8.57
2010-10-18,8.79
2010-10-15,8.51
2010-10-14,8.44
2010-10-13,8.7
2010-10-12,8.5
2010-10-11,8.23
2010-10-08,8.03
2010-10-07,7.73
2010-10-06,7.67
2010-10-05,7.58
2010-10-04,7.23
2010-10-01,7.33
2010-09-30,7.19
2010-09-29,7.38
2010-09-28,7.49
2010-09-27,7.48
2010-09-24,7.52
2010-09-23,7.13
2010-09-22,7.36
2010-09-21,7.49
2010-09-20,7.52
2010-09-17,7.33
2010-09-16,7.32
2010-09-15,7.29
2010-09-14,7.15
2010-09-13,7.16
2010-09-10,6.82
2010-09-09,6.68
2010-09-08,6.61
2010-09-07,6.45
2010-09-03,6.65
2010-09-02,6.34
2010-09-01,6.19
2010-08-31,5.83
2010-08-30,5.73
2010-08-27,5.91
2010-08-26,5.57
2010-08-25,5.64
2010-08-24,5.52
2010-08-23,5.67
2010-08-20,5.58
2010-08-19,5.53
2010-08-18,5.71
2010-08-17,5.62
2010-08-16,5.45
2010-08-13,5.38
2010-08-12,5.5
2010-08-11,5.59
2010-08-10,6.09
2010-08-09,6.12
2010-08-06,6.02
2010-08-05,6.02
2010-08-04,6.07
2010-08-03,6.01
2010-08-02,6.08
2010-07-30,5.75
2010-07-29,5.69
2010-07-28,5.69
2010-07-27,5.76
2010-07-26,5.73
2010-07-23,5.52
2010-07-22,5.39
2010-07-21,5.11
2010-07-20,5.18
2010-07-19,4.88
2010-07-16,4.82
2010-07-15,5.06
2010-07-14,5.1
2010-07-13,5.26
2010-07-12,5.23
2010-07-09,5.1
2010-07-08,5.02
2010-07-07,4.93
2010-07-06,4.63
2010-07-02,4.38
2010-07-01,4.25
2010-06-30,4.22
2010-06-29,4.28
2010-06-28,4.75
2010-06-25,4.83
2010-06-24,4.71
2010-06-23,5.02
2010-06-22,5.09
2010-06-21,5.32
2010-06-18,5.37
2010-06-17,5.28
2010-06-16,5.19
2010-06-15,5.06
2010-06-14,4.77
2010-06-11,4.68
2010-06-10,4.57
2010-06-09,4.31
2010-06-08,4.35
2010-06-07,4.18
2010-06-04,4.38
2010-06-03,4.84
2010-06-02,4.8
2010-06-01,4.49
2010-05-28,4.78
2010-05-27,4.87
2010-05-26,4.48
2010-05-25,4.36
2010-05-24,4.21
2010-05-21,4.14
2010-05-20,4.12
2010-05-19,4.76
2010-05-18,4.87
2010-05-17,5.22
2010-05-14,5.27
2010-05-13,5.86
2010-05-12,6.01
2010-05-11,5.7
2010-05-10,5.68
2010-05-07,4.97
2010-05-06,5.47
2010-05-05,6.62
2010-05-04,6.93
2010-05-03,7.73
2010-04-30,7.46
2010-04-29,8.16
2010-04-28,7.8
2010-04-27,7.71
2010-04-26,8.69
2010-04-23,8.8
2010-04-22,8.74
2010-04-21,8.72
2010-04-20,8.76
2010-04-19,8.37
2010-04-16,8.17
2010-04-15,8.51
2010-04-14,8.51
2010-04-13,8.32
2010-04-12,8.36
2010-04-09,8.34
2010-04-08,8.25
2010-04-07,8.11
2010-04-06,8.26
2010-04-05,8.04
2010-04-01,7.75
2010-03-31,7.72
2010-03-30,7.69
2010-03-29,7.56
2010-03-26,7.41
2010-03-25,7.33
2010-03-24,7.41
2010-03-23,7.57
2010-03-22,7.42
2010-03-19,7.32
2010-03-18,7.47
2010-03-17,7.36
2010-03-16,7.09
2010-03-15,6.89
2010-03-12,6.9
2010-03-11,6.84
2010-03-10,6.9
2010-03-09,6.94
2010-03-08,6.96
2010-03-05,6.86
2010-03-04,6.56
2010-03-03,6.55
2010-03-02,6.49
2010-03-01,6.42
2010-02-26,6.3
2010-02-25,6.17
2010-02-24,6.15
2010-02-23,6.02
2010-02-22,6.22
2010-02-19,6.11
2010-02-18,5.99
2010-02-17,5.75
2010-02-16,5.55
2010-02-12,5.27
2010-02-11,5.26
2010-02-10,5.13
2010-02-09,5.11
2010-02-08,4.99
2010-02-05,5.05
2010-02-04,5.12
2010-02-03,5.79
2010-02-02,5.81
2010-02-01,5.6
2010-01-29,5.31
2010-01-28,5.44
2010-01-27,5.49
2010-01-26,5.33
2010-01-25,5.38
2010-01-22,5.3
2010-01-21,5.81
2010-01-20,6.17
2010-01-19,6.13
2010-01-15,5.86
2010-01-14,6.01
2010-01-13,5.88
2010-01-12,5.78
2010-01-11,5.94
2010-01-08,5.85
2010-01-07,5.7
2010-01-06,5.61
2010-01-05,5.41
2010-01-04,5.31
2009-12-31,5.12
2009-12-30,5.26
2009-12-29,5.35
2009-12-28,5.38
2009-12-24,5.33
2009-12-23,5.26
2009-12-22,5.22
2009-12-21,5.09
2009-12-18,4.92
2009-12-17,4.85
2009-12-16,4.92
2009-12-15,4.71
2009-12-14,4.66
2009-12-11,4.57
2009-12-10,4.54
2009-12-09,4.47
2009-12-08,4.44
2009-12-07,4.56
2009-12-04,4.54
2009-12-03,4.44
2009-12-02,4.54
2009-12-01,4.49
2009-11-30,4.33
2009-11-27,4.33
2009-11-25,4.65
2009-11-24,4.59
2009-11-23,4.55
2009-11-20,4.33
2009-11-19,4.25
2009-11-18,4.3
2009-11-17,4.15
2009-11-16,4.13
2009-11-13,4.06
2009-11-12,3.99
2009-11-11,4.18
2009-11-10,4.19
2009-11-09,4.22
2009-11-06,3.98
2009-11-05,3.86
2009-11-04,3.7
2009-11-03,3.65
2009-11-02,3.67
2009-10-30,3.7
2009-10-29,4.11
2009-10-28,3.9
2009-10-27,4.19
2009-10-26,4.21
2009-10-23,4.29
2009-10-22,4.37
2009-10-21,4.22
2009-10-20,4.22
2009-10-19,4.2
2009-10-16,4.09
2009-10-15,4.15
2009-10-14,4.05
2009-10-13,4.02
2009-10-12,3.98
2009-10-09,3.88
2009-10-08,3.8
2009-10-07,3.76
2009-10-06,3.72
2009-10-05,3.63
2009-10-02,3.52
2009-10-01,3.52
2009-09-30,3.69
2009-09-29,3.73
2009-09-28,3.73
2009-09-25,3.6
2009-09-24,3.61
2009-09-23,3.68
2009-09-22,3.71
2009-09-21,3.63
2009-09-18,3.63
2009-09-17,3.72
2009-09-16,3.74
2009-09-15,3.58
2009-09-14,3.59
2009-09-11,3.51
2009-09-10,3.55
2009-09-09,3.39
2009-09-08,3.3
2009-09-04,3.2
2009-09-03,3.09
2009-09-02,2.96
2009-09-01,3
2009-08-31,3.15
2009-08-28,3.2
2009-08-27,3.23
2009-08-26,3.18
2009-08-25,3.24
2009-08-24,3.28
2009-08-21,3.28
2009-08-20,3.23
2009-08-19,3.17
2009-08-18,3.08
2009-08-17,3.01
2009-08-14,3.2
2009-08-13,3.26
2009-08-12,3.19
2009-08-11,3.15
2009-08-10,3.22
2009-08-07,3.22
2009-08-06,3.12
2009-08-05,3.15
2009-08-04,3.14
2009-08-03,3.12
2009-07-31,3.04
2009-07-30,3.07
2009-07-29,3
2009-07-28,3.03
2009-07-27,3.14
2009-07-24,3.19
2009-07-23,3.16
2009-07-22,3.06
2009-07-21,2.99
2009-07-20,2.93
2009-07-17,2.87
2009-07-16,2.87
2009-07-15,2.83
2009-07-14,2.75
2009-07-13,2.7
2009-07-10,2.58
2009-07-09,2.59
2009-07-08,2.56
2009-07-07,2.59
2009-07-06,2.7
2009-07-02,2.67
2009-07-01,2.83
2009-06-30,2.8
2009-06-29,2.85
2009-06-26,2.75
2009-06-25,2.71
2009-06-24,2.59
2009-06-23,2.49
2009-06-22,2.44
2009-06-19,2.55
2009-06-18,2.47
2009-06-17,2.46
2009-06-16,2.47
2009-06-15,2.56
2009-06-12,2.69
2009-06-11,2.65
2009-06-10,2.59
2009-06-09,2.61
2009-06-08,2.52
2009-06-05,2.5
2009-06-04,2.49
2009-06-03,2.46
2009-06-02,2.6
2009-06-01,2.61
2009-05-29,2.55
2009-05-28,2.46
2009-05-27,2.42
2009-05-26,2.5
2009-05-22,2.39
2009-05-21,2.43
2009-05-20,2.57
2009-05-19,2.58
2009-05-18,2.54
2009-05-15,2.36
2009-05-14,2.42
2009-05-13,2.33
2009-05-12,2.41
2009-05-11,2.39
2009-05-08,2.41
2009-05-07,2.31
2009-05-06,2.34
2009-05-05,2.26
2009-05-04,2.26
2009-05-01,2.16
2009-04-30,2.13
2009-04-29,2.15
2009-04-28,2.07
2009-04-27,2.04
2009-04-24,2.09
2009-04-23,2.1
2009-04-22,2.06
2009-04-21,2.09
2009-04-20,2.01
2009-04-17,2.18
2009-04-16,2.14
2009-04-15,2.06
2009-04-14,2.02
2009-04-13,2.02
2009-04-09,2
2009-04-08,1.92
2009-04-07,1.88
2009-04-06,1.89
2009-04-03,1.9
2009-04-02,1.86
2009-04-01,1.83
2009-03-31,1.79
2009-03-30,1.76
2009-03-27,1.89
2009-03-26,1.96
2009-03-25,1.91
2009-03-24,1.86
2009-03-23,1.88
2009-03-20,1.75
2009-03-19,1.9
2009-03-18,2.03
2009-03-17,2.02
2009-03-16,1.93
2009-03-13,2
2009-03-12,2.03
2009-03-11,2
2009-03-10,1.99
2009-03-09,1.85
2009-03-06,1.88
2009-03-05,1.86
2009-03-04,1.95
2009-03-03,1.81
2009-03-02,1.83
2009-02-27,1.96
2009-02-26,1.97
2009-02-25,2
2009-02-24,1.96
2009-02-23,1.8
2009-02-20,1.89
2009-02-19,1.99
2009-02-18,1.98
2009-02-17,2.01
2009-02-13,2.1
2009-02-12,2.14
2009-02-11,2.1
2009-02-10,2.07
2009-02-09,2.21
2009-02-06,2.22
2009-02-05,2.19
2009-02-04,2.17
2009-02-03,2.18
2009-02-02,2.1
2009-01-30,2.11
2009-01-29,2.19
2009-01-28,2.23
2009-01-27,2.1
2009-01-26,2
2009-01-23,1.9
2009-01-22,1.89
2009-01-21,1.87
2009-01-20,1.76
2009-01-16,2.02
2009-01-15,1.95
2009-01-14,1.94
2009-01-13,2.12
2009-01-12,2.08
2009-01-09,2.26
2009-01-08,2.34
2009-01-07,2.34
2009-01-06,2.56
2009-01-05,2.52
2009-01-02,2.57
2008-12-31,2.39
2008-12-30,2.28
2008-12-29,2.19
2008-12-26,2.25
2008-12-24,2.22
2008-12-23,2.2
2008-12-22,2.23
2008-12-19,2.16
2008-12-18,2.04
2008-12-17,1.97
2008-12-16,1.97
2008-12-15,1.88
2008-12-12,1.89
2008-12-11,1.87
2008-12-10,1.89
2008-12-09,1.86
2008-12-08,1.88
2008-12-05,1.81
2008-12-04,1.77
2008-12-03,1.85
2008-12-02,1.85
2008-12-01,1.79
2008-11-28,2.05
2008-11-26,2.05
2008-11-25,1.93
2008-11-24,1.88
2008-11-21,1.77
2008-11-20,1.68
2008-11-19,1.78
2008-11-18,1.97
2008-11-17,2.01
2008-11-14,2.12
2008-11-13,2.29
2008-11-12,2.15
2008-11-11,2.33
2008-11-10,2.4
2008-11-07,2.45
2008-11-06,2.39
2008-11-05,2.7
2008-11-04,2.88
2008-11-03,2.65
2008-10-31,2.57
2008-10-30,2.57
2008-10-29,2.53
2008-10-28,2.66
2008-10-27,2.45
2008-10-24,2.6
2008-10-23,2.93
2008-10-22,3.03
2008-10-21,3.38
2008-10-20,3.29
2008-10-17,3.12
2008-10-16,3.41
2008-10-15,3.48
2008-10-14,4.04
2008-10-13,4.16
2008-10-10,3.87
2008-10-09,4.04
2008-10-08,4.47
2008-10-07,4.74
2008-10-06,5.24
2008-10-03,5.43
2008-10-02,5.62
2008-10-01,6.02
2008-09-30,6.22
2008-09-29,5.87
2008-09-26,6.83
2008-09-25,7.01
2008-09-24,6.81
2008-09-23,6.73
2008-09-22,7.37
2008-09-19,7.92
2008-09-18,7.75
2008-09-17,7.39
2008-09-16,7.84
2008-09-15,7.7
2008-09-12,8.19
2008-09-11,8.26
2008-09-10,8.33
2008-09-09,8.18
2008-09-08,8.8
2008-09-05,8.52
2008-09-04,8.35
2008-09-03,9.02
2008-09-02,8.91
2008-08-29,9.03
2008-08-28,9.24
2008-08-27,9.01
2008-08-26,8.81
2008-08-25,8.72
2008-08-22,9.13
2008-08-21,8.9
2008-08-20,8.81
2008-08-19,8.63
2008-08-18,8.91
2008-08-15,9.04
2008-08-14,8.92
2008-08-13,8.63
2008-08-12,8.8
2008-08-11,9.16
2008-08-08,9.03
2008-08-07,8.78
2008-08-06,9.16
2008-08-05,8.91
2008-08-04,8.5
2008-08-01,8.47
2008-07-31,8.52
2008-07-30,8.95
2008-07-29,8.57
2008-07-28,8.08
2008-07-25,8.35
2008-07-24,8.31
2008-07-23,8.73
2008-07-22,8.72
2008-07-21,8.4
2008-07-18,8.19
2008-07-17,8.12
2008-07-16,7.97
2008-07-15,7.57
2008-07-14,7.64
2008-07-11,7.84
2008-07-10,8.03
2008-07-09,8.08
2008-07-08,8.53
2008-07-07,8.07
2008-07-03,8.14
2008-07-02,8.07
2008-07-01,8.51
2008-06-30,8.49
2008-06-27,8.38
2008-06-26,8.34
2008-06-25,9.11
2008-06-24,8.74
2008-06-23,8.79
2008-06-20,8.8
2008-06-19,9.01
2008-06-18,8.86
2008-06-17,9.13
2008-06-16,9.11
2008-06-13,8.99
2008-06-12,8.64
2008-06-11,8.53
2008-06-10,8.79
2008-06-09,8.81
2008-06-06,8.65
2008-06-05,9.74
2008-06-04,9.25
2008-06-03,9.29
2008-06-02,9.47
2008-05-30,10.06
2008-05-29,9.82
2008-05-28,9.26
2008-05-27,9.17
2008-05-23,8.9
2008-05-22,9.11
2008-05-21,8.95
2008-05-20,9.56
2008-05-19,10.1
2008-05-16,9.9
2008-05-15,10
2008-05-14,9.75
2008-05-13,9.54
2008-05-12,9.5
2008-05-09,9.19
2008-05-08,9.28
2008-05-07,9.28
2008-05-06,9.74
2008-05-05,9.38
2008-05-02,9.47
2008-05-01,9.35
2008-04-30,8.82
2008-04-29,9.03
2008-04-28,9.15
2008-04-25,9.08
2008-04-24,8.85
2008-04-23,8.63
2008-04-22,8.54
2008-04-21,8.61
2008-04-18,8.5
2008-04-17,8.21
2008-04-16,8.24
2008-04-15,7.78
2008-04-14,7.63
2008-04-11,7.6
2008-04-10,7.83
2008-04-09,7.7
2008-04-08,7.89
2008-04-07,7.85
2008-04-04,7.61
2008-04-03,7.57
2008-04-02,7.5
2008-04-01,7.64
2008-03-31,7.15
2008-03-28,7.03
2008-03-27,7.03
2008-03-26,6.98
2008-03-25,7.14
2008-03-24,7.14
2008-03-20,6.98
2008-03-19,6.88
2008-03-18,7.21
2008-03-17,6.64
2008-03-14,6.68
2008-03-13,7.11
2008-03-12,7.13
2008-03-11,7.35
2008-03-10,6.96
2008-03-07,7.17
2008-03-06,7.16
2008-03-05,7.7
2008-03-04,7.51
2008-03-03,7.38
2008-02-29,7.38
2008-02-28,7.83
2008-02-27,8.06
2008-02-26,8.13
2008-02-25,8
2008-02-22,7.79
2008-02-21,7.63
2008-02-20,7.62
2008-02-19,7.57
2008-02-15,7.48
2008-02-14,7.41
2008-02-13,7.51
2008-02-12,7.26
2008-02-11,7.17
2008-02-08,7.01
2008-02-07,7.14
2008-02-06,7.03
2008-02-05,7.23
2008-02-04,7.66
2008-02-01,7.94
2008-01-31,7.74
2008-01-30,7.63
2008-01-29,7.64
2008-01-28,7.65
2008-01-25,7.5
2008-01-24,7.6
2008-01-23,7.61
2008-01-22,7.27
2008-01-18,7.37
2008-01-17,7.44
2008-01-16,8.08
2008-01-15,8
2008-01-14,8.06
2008-01-11,7.73
2008-01-10,8.1
2008-01-09,7.85
2008-01-08,7.77
2008-01-07,8.17
2008-01-04,8
2008-01-03,8.35
2008-01-02,8.28
2007-12-31,8.47
2007-12-28,8.61
2007-12-27,8.66
2007-12-26,8.95
2007-12-24,8.88
2007-12-21,8.58
2007-12-20,8.22
2007-12-19,8.14
2007-12-18,8.09
2007-12-17,7.81
2007-12-14,8.09
2007-12-13,8.33
2007-12-12,8.37
2007-12-11,8.27
2007-12-10,8.74
2007-12-07,8.56
2007-12-06,8.68
2007-12-05,8.26
2007-12-04,7.89
2007-12-03,7.96
2007-11-30,8.01
2007-11-29,7.82
2007-11-28,7.9
2007-11-27,7.34
2007-11-26,7.17
2007-11-23,7.59
2007-11-21,7.33
2007-11-20,7.51
2007-11-19,7.31
2007-11-16,7.43
2007-11-15,7.32
2007-11-14,7.83
2007-11-13,7.96
2007-11-12,7.38
2007-11-09,7.49
2007-11-08,7.95
2007-11-07,7.92
2007-11-06,8.89
2007-11-05,8.47
2007-11-02,8.81
2007-11-01,9.06
2007-10-31,10.57
2007-10-30,9.79
2007-10-29,10.14
2007-10-26,9.97
2007-10-25,9.58
2007-10-24,9.5
2007-10-23,9.69
2007-10-22,9.4
2007-10-19,9.28
2007-10-18,9.96
2007-10-17,9.97
2007-10-16,9.85
2007-10-15,10.31
2007-10-12,10.87
2007-10-11,10.66
2007-10-10,11.4
2007-10-09,11.43
2007-10-08,10.89
2007-10-05,11.04
2007-10-04,10.48
2007-10-03,10.56
2007-10-02,10.69
2007-10-01,10.94
2007-09-28,10.68
2007-09-27,10.84
2007-09-26,10.69
2007-09-25,10.29
2007-09-24,10.38
2007-09-21,10.31
2007-09-20,9.86
2007-09-19,9.99
2007-09-18,9.62
2007-09-17,8.55
2007-09-14,8.76
2007-09-13,8.76
2007-09-12,8.72
2007-09-11,8.78
2007-09-10,8.37
2007-09-07,8.61
2007-09-06,9.19
2007-09-05,9.12
2007-09-04,9.68
2007-08-31,9.33
2007-08-30,9.05
2007-08-29,9.14
2007-08-28,8.79
2007-08-27,9.59
2007-08-24,10.06
2007-08-23,9.7
2007-08-22,9.87
2007-08-21,9.42
2007-08-20,9.19
2007-08-17,8.5
2007-08-16,8.28
2007-08-15,8.99
2007-08-14,9.39
2007-08-13,9.82
2007-08-10,9.58
2007-08-09,10.35
2007-08-08,12.05
2007-08-07,11.91
2007-08-06,11.16
2007-08-03,10.92
2007-08-02,11.91
2007-08-01,11.44
2007-07-31,12.04
2007-07-30,12.84
2007-07-27,12.5
2007-07-26,12.89
2007-07-25,13.88
2007-07-24,13.82
2007-07-23,14.32
2007-07-20,14.18
2007-07-19,14.63
2007-07-18,14.48
2007-07-17,14.95
2007-07-16,15.07
2007-07-13,15.26
2007-07-12,15.32
2007-07-11,15.01
2007-07-10,14.86
2007-07-09,15.96
2007-07-06,16
2007-07-05,15.69
2007-07-03,15.95
2007-07-02,15.72
2007-06-29,15.36
2007-06-28,15.89
2007-06-27,15.89
2007-06-26,15.01
2007-06-25,15.61
2007-06-22,15.83
2007-06-21,16.57
2007-06-20,16.63
2007-06-19,17.69
2007-06-18,17.32
2007-06-15,17.35
2007-06-14,17.09
2007-06-13,16.62
2007-06-12,16.21
2007-06-11,16.79
2007-06-08,16.45
2007-06-07,16.07
2007-06-06,17.15
2007-06-05,17.75
2007-06-04,17.87
2007-06-01,18.01
2007-05-31,17.91
2007-05-30,17.88
2007-05-29,17.62
2007-05-25,17.43
2007-05-24,17.2
2007-05-23,17.75
2007-05-22,17.69
2007-05-21,17.74
2007-05-18,17.48
2007-05-17,17.28
2007-05-16,17.4
2007-05-15,17.23
2007-05-14,17.33
2007-05-11,17.65
2007-05-10,17.27
2007-05-09,17.82
2007-05-08,17.6
2007-05-07,17.78
2007-05-04,17.9
2007-05-03,17.95
2007-05-02,17.82
2007-05-01,17.56
2007-04-30,17.57
2007-04-27,18.07
2007-04-26,17.95
2007-04-25,18.01
2007-04-24,17.83
2007-04-23,17.82
2007-04-20,18.09
2007-04-19,18.1
2007-04-18,17.97
2007-04-17,17.95
2007-04-16,18.2
2007-04-13,17.4
2007-04-12,17.14
2007-04-11,16.78
2007-04-10,17.36
2007-04-09,16.77
2007-04-05,16.69
2007-04-04,16.5
2007-04-03,16.26
2007-04-02,15.62
2007-03-30,15.93
2007-03-29,15.79
2007-03-28,15.69
2007-03-27,16.57
2007-03-26,17.18
2007-03-23,17.22
2007-03-22,17.21
2007-03-21,17.32
2007-03-20,16.09
2007-03-19,15.52
2007-03-16,14.63
2007-03-15,15.1
2007-03-14,15.18
2007-03-13,15.76
2007-03-12,17.41
2007-03-09,17.12
2007-03-08,17.1
2007-03-07,16.5
2007-03-06,16.22
2007-03-05,15.24
2007-03-02,15.99
2007-03-01,16.97
2007-02-28,17.75
2007-02-27,16.43
2007-02-26,21.85
2007-02-23,21.63
2007-02-22,22.47
2007-02-21,22.31
2007-02-20,22.09
2007-02-16,21.72
2007-02-15,21.73
2007-02-14,21.58
2007-02-13,20.95
2007-02-12,20.2
2007-02-09,20.56
2007-02-08,20.97
2007-02-07,21.11
2007-02-06,20.83
2007-02-05,20.53
2007-02-02,20.55
2007-02-01,20.47
2007-01-31,20.21
2007-01-30,19.91
2007-01-29,19.6
2007-01-26,19.55
2007-01-25,19.6
2007-01-24,20.38
2007-01-23,20.15
2007-01-22,19.56
2007-01-19,19.82
2007-01-18,19.27
2007-01-17,19.5
2007-01-16,19.52
2007-01-12,19.24
2007-01-11,18.9
2007-01-10,17.69
2007-01-09,17.48
2007-01-08,17.42
2007-01-05,17.23
2007-01-04,17.64
2007-01-03,17.54
2006-12-29,17.54
2006-12-28,17.73
2006-12-27,17.89
2006-12-26,17.45
2006-12-22,17
2006-12-21,17.25
2006-12-20,17.37
2006-12-19,17.32
2006-12-18,16.88
2006-12-15,16.93
2006-12-14,17.16
2006-12-13,17.23
2006-12-12,16.95
2006-12-11,16.77
2006-12-08,16.36
2006-12-07,16.39
2006-12-06,16.7
2006-12-05,16.82
2006-12-04,16.88
2006-12-01,16.61
2006-11-30,16.98
2006-11-29,16.87
2006-11-28,16.23
2006-11-27,15.68
2006-11-24,16.64
2006-11-22,16.83
2006-11-21,16.99
2006-11-20,17.11
2006-11-17,16.82
2006-11-16,16.94
2006-11-15,16.88
2006-11-14,16.74
2006-11-13,16.39
2006-11-10,16.32
2006-11-09,16.45
2006-11-08,16.49
2006-11-07,16.2
2006-11-06,16.25
2006-11-03,15.72
2006-11-02,15.61
2006-11-01,15.71
2006-10-31,16.06
2006-10-30,15.95
2006-10-27,16.01
2006-10-26,16.08
2006-10-25,15.74
2006-10-24,15.36
2006-10-23,15.12
2006-10-20,14.76
2006-10-19,14.49
2006-10-18,14.41
2006-10-17,14.34
2006-10-16,14.53
2006-10-13,14.19
2006-10-12,14.01
2006-10-11,13.7
2006-10-10,13.52
2006-10-09,13.17
2006-10-06,12.93
2006-10-05,12.9
2006-10-04,12.79
2006-10-03,12.17
2006-10-02,12.19
2006-09-29,12.41
2006-09-28,12.36
2006-09-27,12.33
2006-09-26,12.36
2006-09-25,12.11
2006-09-22,11.72
2006-09-21,11.76
2006-09-20,12.08
2006-09-19,11.85
2006-09-18,11.8
2006-09-15,11.69
2006-09-14,11.64
2006-09-13,11.81
2006-09-12,11.61
2006-09-11,11.03
2006-09-08,11.07
2006-09-07,10.99
2006-09-06,11.12
2006-09-05,11.6
2006-09-01,11.67
2006-08-31,11.44
2006-08-30,11.27
2006-08-29,11.2
2006-08-28,11.33
2006-08-25,11.17
2006-08-24,10.95
2006-08-23,10.84
2006-08-22,11.06
2006-08-21,10.96
2006-08-18,10.9
2006-08-17,10.73
2006-08-16,10.66
2006-08-15,10.15
2006-08-14,10.06
2006-08-11,9.69
2006-08-10,9.74
2006-08-09,9.8
2006-08-08,9.7
2006-08-07,9.67
2006-08-04,9.75
2006-08-03,9.89
2006-08-02,9.8
2006-08-01,9.61
2006-07-31,9.85
2006-07-28,9.94
2006-07-27,9.65
2006-07-26,9.82
2006-07-25,9.75
2006-07-24,9.49
2006-07-21,8.84
2006-07-20,9.05
2006-07-19,9.36
2006-07-18,8.88
2006-07-17,8.77
2006-07-14,8.7
2006-07-13,8.98
2006-07-12,9.8
2006-07-11,10.08
2006-07-10,9.9
2006-07-07,9.9
2006-07-06,10.02
2006-07-05,10.02
2006-07-03,10.42
2006-06-30,10.23
2006-06-29,10
2006-06-28,9.22
2006-06-27,9.23
2006-06-26,9.46
2006-06-23,9.38
2006-06-22,9.33
2006-06-21,9.38
2006-06-20,8.88
2006-06-19,8.75
2006-06-16,8.83
2006-06-15,9.11
2006-06-14,7.84
2006-06-13,7.99
2006-06-12,8.72
2006-06-09,9.04
2006-06-08,9.14
2006-06-07,9.44
2006-06-06,9.69
2006-06-05,9.92
2006-06-02,10.54
2006-06-01,10.28
2006-05-31,9.87
2006-05-30,9.67
2006-05-26,10.65
2006-05-25,10.36
2006-05-24,9.96
2006-05-23,10.26
2006-05-22,10.17
2006-05-19,10.83
2006-05-18,11
2006-05-17,11.16
2006-05-16,12.4
2006-05-15,12.25
2006-05-12,12.19
2006-05-11,12.79
2006-05-10,13.15
2006-05-09,13.1
2006-05-08,13.01
2006-05-05,13.04
2006-05-04,12.88
2006-05-03,12.83
2006-05-02,12.96
2006-05-01,12.77
2006-04-28,13.01
2006-04-27,12.92
2006-04-26,12.84
2006-04-25,12.68
2006-04-24,12.66
2006-04-21,12.62
2006-04-20,12.83
2006-04-19,12.65
2006-04-18,12.64
2006-04-17,12.25
2006-04-13,12.29
2006-04-12,12.26
2006-04-11,12.35
2006-04-10,12.54
2006-04-07,12.67
2006-04-06,12.9
2006-04-05,12.81
2006-04-04,12.67
2006-04-03,12.61
2006-03-31,12.57
2006-03-30,12.67
2006-03-29,12.6
2006-03-28,12.35
2006-03-27,12.33
2006-03-24,12.34
2006-03-23,12.26
2006-03-22,12.28
2006-03-21,12.1
2006-03-20,12.15
2006-03-17,12.22
2006-03-16,12.27
2006-03-15,12.09
2006-03-14,12.09
2006-03-13,11.92
2006-03-10,11.8
2006-03-09,11.69
2006-03-08,11.77
2006-03-07,11.65
2006-03-06,11.74
2006-03-03,11.89
2006-03-02,11.9
2006-03-01,11.93
2006-02-28,11.83
2006-02-27,12.01
2006-02-24,11.9
2006-02-23,11.79
2006-02-22,11.78
2006-02-21,11.5
2006-02-17,11.39
2006-02-16,11.27
2006-02-15,11.06
2006-02-14,11.11
2006-02-13,10.97
2006-02-10,11.17
2006-02-09,11.13
2006-02-08,11.02
2006-02-07,10.76
2006-02-06,10.85
2006-02-03,10.86
2006-02-02,10.83
2006-02-01,10.95
2006-01-31,10.92
2006-01-30,10.99
2006-01-27,10.85
2006-01-26,10.65
2006-01-25,10.4
2006-01-24,10.23
2006-01-23,10.09
2006-01-20,10.26
2006-01-19,10.59
2006-01-18,10.46
2006-01-17,10.61
2006-01-13,10.74
2006-01-12,10.71
2006-01-11,10.84
2006-01-10,10.71
2006-01-09,10.54
2006-01-06,10.34
2006-01-05,10.16
2006-01-04,10.12
2006-01-03,10.02
2005-12-30,9.77
2005-12-29,9.83
2005-12-28,9.83
2005-12-27,9.74
2005-12-23,9.91
2005-12-22,9.72
2005-12-21,9.63
2005-12-20,9.51
2005-12-19,9.42
2005-12-16,9.4
2005-12-15,9.48
2005-12-14,9.44
2005-12-13,9.32
2005-12-12,9.28
2005-12-09,9.29
2005-12-08,9.22
2005-12-07,9.21
2005-12-06,9.29
2005-12-05,9.28
2005-12-02,9.3
2005-12-01,9.17
2005-11-30,9.07
2005-11-29,9.11
2005-11-28,9.11
2005-11-25,9.21
2005-11-23,9.22
2005-11-22,9.17
2005-11-21,9.1
2005-11-18,9.13
2005-11-17,8.87
2005-11-16,8.64
2005-11-15,8.62
2005-11-14,8.57
2005-11-11,8.68
2005-11-10,8.41
2005-11-09,8.22
2005-11-08,8.09
2005-11-07,8.12
2005-11-04,8.08
2005-11-03,8.03
2005-11-02,7.72
2005-11-01,7.51
2005-10-31,7.48
2005-10-28,7.4
2005-10-27,7.25
2005-10-26,7.49
2005-10-25,7.4
2005-10-24,7.33
2005-10-21,7.13
2005-10-20,7.11
2005-10-19,7.36
2005-10-18,7.28
2005-10-17,7.31
2005-10-14,7.29
2005-10-13,7.05
2005-10-12,7.11
2005-10-11,7.19
2005-10-10,7.17
2005-10-07,7.38
2005-10-06,7.37
2005-10-05,7.59
2005-10-04,7.86
2005-10-03,7.97
2005-09-30,7.94
2005-09-29,7.82
2005-09-28,7.66
2005-09-27,7.55
2005-09-26,7.49
2005-09-23,7.39
2005-09-22,7.28
2005-09-21,7.38
2005-09-20,7.23
2005-09-19,7.24
2005-09-16,7.28
2005-09-15,7.2
2005-09-14,7.18
2005-09-13,7.2
2005-09-12,7.23
2005-09-09,7.21
2005-09-08,7.12
2005-09-07,7.12
2005-09-06,7.04
2005-09-02,6.95
2005-09-01,7.01
2005-08-31,7.03
2005-08-30,6.95
2005-08-29,7
2005-08-26,6.93
2005-08-25,6.97
2005-08-24,6.99
2005-08-23,7
2005-08-22,7.01
2005-08-19,6.99
2005-08-18,6.94
2005-08-17,6.89
2005-08-16,7.25
2005-08-15,7.54
2005-08-12,7.45
2005-08-11,7.58
2005-08-10,7.5
2005-08-09,7.44
2005-08-08,7.21
2005-08-05,7.27
2005-08-04,7.32
2005-08-03,7.44
2005-08-02,7.46
2005-08-01,7.42
2005-07-29,7.51
2005-07-28,7.61
2005-07-27,7.51
2005-07-26,7.44
2005-07-25,7.48
2005-07-22,7.53
2005-07-21,7.42
2005-07-20,7.37
2005-07-19,7.31
2005-07-18,7.19
2005-07-15,7.18
2005-07-14,7.1
2005-07-13,7.02
2005-07-12,6.91
2005-07-11,6.83
2005-07-08,6.75
2005-07-07,6.52
2005-07-06,6.58
2005-07-05,6.69
2005-07-01,6.64
2005-06-30,6.55
2005-06-29,6.6
2005-06-28,6.69
2005-06-27,6.47
2005-06-24,6.48
2005-06-23,6.58
2005-06-22,6.83
2005-06-21,6.83
2005-06-20,6.7
2005-06-17,6.71
2005-06-16,6.82
2005-06-15,6.72
2005-06-14,6.62
2005-06-13,6.55
2005-06-10,6.34
2005-06-09,6.35
2005-06-08,6.31
2005-06-07,6.34
2005-06-06,6.24
2005-06-03,6.13
2005-06-02,6.13
2005-06-01,6.08
2005-05-31,5.98
2005-05-27,6.03
2005-05-26,6.05
2005-05-25,5.87
2005-05-24,5.92
2005-05-23,5.89
2005-05-20,5.77
2005-05-19,5.69
2005-05-18,5.59
2005-05-17,5.35
2005-05-16,5.17
2005-05-13,5.08
2005-05-12,5.21
2005-05-11,5.51
2005-05-10,5.54
2005-05-09,5.76
2005-05-06,5.67
2005-05-05,5.7
2005-05-04,5.63
2005-05-03,5.42
2005-05-02,5.37
2005-04-29,5.21
2005-04-28,5.17
2005-04-27,5.44
2005-04-26,5.44
2005-04-25,5.56
2005-04-22,5.36
2005-04-21,5.53
2005-04-20,5.24
2005-04-19,5.38
2005-04-18,5.18
2005-04-15,5.17
2005-04-14,5.47
2005-04-13,5.82
2005-04-12,6.13
2005-04-11,5.96
2005-04-08,5.89
2005-04-07,5.91
2005-04-06,5.75
2005-04-05,5.54
2005-04-04,5.47
2005-04-01,5.54
2005-03-31,5.61
2005-03-30,5.65
2005-03-29,5.44
2005-03-28,5.66
2005-03-24,5.74
2005-03-23,5.6
2005-03-22,5.58
2005-03-21,5.77
2005-03-18,5.89
2005-03-17,5.86
2005-03-16,5.83
2005-03-15,5.93
2005-03-14,6.07
2005-03-11,6.07
2005-03-10,6.11
2005-03-09,6.09
2005-03-08,6.2
2005-03-07,6.3
2005-03-04,6.27
2005-03-03,6.07
2005-03-02,6.22
2005-03-01,6.34
2005-02-28,6.31
2005-02-25,6.43
2005-02-24,6.33
2005-02-23,6.24
2005-02-22,6.21
2005-02-18,6.46
2005-02-17,6.46
2005-02-16,6.52
2005-02-15,6.5
2005-02-14,6.51
2005-02-11,6.58
2005-02-10,6.41
2005-02-09,6.31
2005-02-08,6.36
2005-02-07,6.39
2005-02-04,6.41
2005-02-03,6.11
2005-02-02,6.08
2005-02-01,5.81
2005-01-31,5.63
2005-01-28,5.57
2005-01-27,5.51
2005-01-26,5.45
2005-01-25,5.35
2005-01-24,5.31
2005-01-21,5.27
2005-01-20,5.38
2005-01-19,5.45
2005-01-18,5.51
2005-01-14,5.34
2005-01-13,5.28
2005-01-12,5.29
2005-01-11,5.13
2005-01-10,5.18
2005-01-07,5.12
2005-01-06,5.09
2005-01-05,4.99
2005-01-04,4.98
2005-01-03,5.04
2004-12-31,5.13
2004-12-30,5.14
2004-12-29,5.17
2004-12-28,5.17
2004-12-27,5.17
2004-12-23,5.17
2004-12-22,5.14
2004-12-21,5.15
2004-12-20,5.05
2004-12-17,5.04
2004-12-16,5.05
2004-12-15,4.99
2004-12-14,4.99
2004-12-13,5
2004-12-10,4.91
2004-12-09,4.88
2004-12-08,4.84
2004-12-07,4.76
2004-12-06,4.86
2004-12-03,4.74
2004-12-02,4.74
2004-12-01,4.72
2004-11-30,4.65
2004-11-29,4.65
2004-11-26,4.72
2004-11-24,4.73
2004-11-23,4.71
2004-11-22,4.66
2004-11-19,4.54
2004-11-18,4.68
2004-11-17,4.65
2004-11-16,4.66
2004-11-15,4.69
2004-11-12,4.7
2004-11-11,4.7
2004-11-10,4.61
2004-11-09,4.49
2004-11-08,4.45
2004-11-05,4.49
2004-11-04,4.47
2004-11-03,4.31
2004-11-02,4.1
2004-11-01,3.98
2004-10-29,4.01
2004-10-28,4.01
2004-10-27,3.96
2004-10-26,3.97
2004-10-25,3.88
2004-10-22,3.99
2004-10-21,4.08
2004-10-20,3.91
2004-10-19,4.02
2004-10-18,4.06
2004-10-15,3.93
2004-10-14,3.86
2004-10-13,3.93
2004-10-12,3.99
2004-10-11,4.07
2004-10-08,4.07
2004-10-07,4.17
2004-10-06,4.28
2004-10-05,4.19
2004-10-04,4.2
2004-10-01,4.25
2004-09-30,4.07
2004-09-29,4.03
2004-09-28,3.91
2004-09-27,3.79
2004-09-24,3.83
2004-09-23,3.78
2004-09-22,3.78
2004-09-21,3.85
2004-09-20,3.77
2004-09-17,3.8
2004-09-16,3.81
2004-09-15,3.81
2004-09-14,3.89
2004-09-13,3.79
2004-09-10,3.72
2004-09-09,3.68
2004-09-08,3.65
2004-09-07,3.63
2004-09-03,3.56
2004-09-02,3.53
2004-09-01,3.39
2004-08-31,3.35
2004-08-30,3.32
2004-08-27,3.37
2004-08-26,3.33
2004-08-25,3.31
2004-08-24,3.19
2004-08-23,3.13
2004-08-20,3.1
2004-08-19,3.06
2004-08-18,3.07
2004-08-17,3.01
2004-08-16,2.96
2004-08-13,2.88
2004-08-12,2.83
2004-08-11,2.85
2004-08-10,2.87
2004-08-09,2.78
2004-08-06,2.72
2004-08-05,2.8
2004-08-04,2.91
2004-08-03,2.9
2004-08-02,2.92
2004-07-30,2.87
2004-07-29,2.85
2004-07-28,2.78
2004-07-27,2.73
2004-07-26,2.65
2004-07-23,2.67
2004-07-22,2.67
2004-07-21,2.57
2004-07-20,2.67
2004-07-19,2.6
2004-07-16,2.61
2004-07-15,2.62
2004-07-14,2.65
2004-07-13,2.71
2004-07-12,2.65
2004-07-09,2.62
2004-07-08,2.63
2004-07-07,2.68
2004-07-06,2.62
2004-07-02,2.71
2004-07-01,2.7
2004-06-30,2.74
2004-06-29,2.67
2004-06-28,2.62
2004-06-25,2.64
2004-06-24,2.67
2004-06-23,2.72
2004-06-22,2.58
2004-06-21,2.51
2004-06-18,2.54
2004-06-17,2.52
2004-06-16,2.53
2004-06-15,2.51
2004-06-14,2.46
2004-06-10,2.46
2004-06-09,2.41
2004-06-08,2.43
2004-06-07,2.38
2004-06-04,2.31
2004-06-03,2.31
2004-06-02,2.32
2004-06-01,2.32
2004-05-28,2.33
2004-05-27,2.36
2004-05-26,2.33
2004-05-25,2.34
2004-05-24,2.2
2004-05-21,2.15
2004-05-20,2.13
2004-05-19,2.15
2004-05-18,2.06
2004-05-17,2.04
2004-05-14,2.11
2004-05-13,2.12
2004-05-12,2.12
2004-05-11,2.09
2004-05-10,2.02
2004-05-07,2.1
2004-05-06,2.18
2004-05-05,2.27
2004-05-04,2.2
2004-05-03,2.17
2004-04-30,2.11
2004-04-29,2.15
2004-04-28,2.2
2004-04-27,2.28
2004-04-26,2.24
2004-04-23,2.21
2004-04-22,2.22
2004-04-21,2.07
2004-04-20,1.95
2004-04-19,1.97
2004-04-16,2
2004-04-15,1.99
2004-04-14,1.98
2004-04-13,2
2004-04-12,2.05
2004-04-08,2.03
2004-04-07,2.02
2004-04-06,2.06
2004-04-05,2.08
2004-04-02,2.04
2004-04-01,1.97
2004-03-31,1.96
2004-03-30,1.97
2004-03-29,1.95
